x_m,y_m,temperature_k,mole_fraction_h2o,planck_mean_kappa_m-1
0.0,0.0,500.0,0.01,0.17463739426228508
0.025,0.0,573.1250000000001,0.02413750000000002,0.32165567035541365
0.05,0.0,642.5,0.03754999999999999,0.3990241653349792
0.07500000000000001,0.0,708.125,0.05023750000000001,0.44029318230960884
0.1,0.0,769.9999999999999,0.06219999999999998,0.4617749046950953
0.125,0.0,828.125,0.07343749999999999,0.4720030700698054
0.15000000000000002,0.0,882.5,0.08395,0.47569873743477
0.17500000000000002,0.0,933.1250000000001,0.0937375,0.47558954347898935
0.2,0.0,980.0000000000001,0.1028,0.4733058304676137
0.225,0.0,1023.125,0.11113749999999999,0.4698482357089668
0.25,0.0,1062.5,0.11874999999999998,0.4658435386322393
0.275,0.0,1098.125,0.1256375,0.4616903159560949
0.30000000000000004,0.0,1130.0,0.1318,0.4576446863267077
0.325,0.0,1158.125,0.13723749999999998,0.45387223982569025
0.35000000000000003,0.0,1182.5,0.14195000000000002,0.4504802528149606
0.375,0.0,1203.125,0.1459375,0.44753807691713016
0.4,0.0,1220.0,0.1492,0.44509025001021024
0.42500000000000004,0.0,1233.125,0.1517375,0.4431650184988452
0.45,0.0,1242.5,0.15355,0.4417798935129686
0.47500000000000003,0.0,1248.125,0.1546375,0.4409452326597002
0.5,0.0,1250.0,0.155,0.44066645284313855
0.525,0.0,1248.125,0.1546375,0.4409452326597002
0.55,0.0,1242.5,0.15355,0.4417798935129686
0.5750000000000001,0.0,1233.125,0.1517375,0.4431650184988452
0.6000000000000001,0.0,1220.0,0.1492,0.44509025001021024
0.625,0.0,1203.125,0.1459375,0.44753807691713016
0.65,0.0,1182.5,0.14195,0.4504802528149605
0.675,0.0,1158.125,0.13723749999999998,0.45387223982569025
0.7000000000000001,0.0,1130.0,0.13179999999999997,0.4576446863267076
0.7250000000000001,0.0,1098.125,0.12563749999999999,0.4616903159560948
0.75,0.0,1062.5,0.11874999999999998,0.4658435386322393
0.775,0.0,1023.125,0.11113749999999999,0.4698482357089668
0.8,0.0,980.0,0.10279999999999997,0.47330583046761376
0.8250000000000001,0.0,933.125,0.09373749999999997,0.4755895434789894
0.8500000000000001,0.0,882.4999999999998,0.08394999999999996,0.47569873743477004
0.875,0.0,828.125,0.07343749999999999,0.4720030700698054
0.9,0.0,769.9999999999999,0.06219999999999998,0.4617749046950953
0.925,0.0,708.1249999999999,0.05023749999999998,0.4402931823096087
0.9500000000000001,0.0,642.4999999999998,0.03754999999999996,0.3990241653349791
0.9750000000000001,0.0,573.1249999999998,0.024137499999999958,0.32165567035541326
1.0,0.0,500.0,0.01,0.17463739426228508
0.0,0.025,573.1250000000001,0.02413750000000002,0.32165567035541365
0.025,0.025,646.25,0.03827500000000001,0.40206602468516955
0.05,0.025,715.625,0.05168750000000001,0.44364418473321526
0.07500000000000001,0.025,781.25,0.06437499999999999,0.46438440972939105
0.1,0.025,843.125,0.07633749999999999,0.4735001004225143
0.125,0.025,901.2500000000001,0.08757500000000001,0.4759955412171262
0.15000000000000002,0.025,955.6250000000001,0.09808750000000001,0.4747148442083053
0.17500000000000002,0.025,1006.2500000000002,0.10787500000000003,0.4713319516733338
0.2,0.025,1053.125,0.1169375,0.4668587991109937
0.225,0.025,1096.25,0.125275,0.4619194064936605
0.25,0.025,1135.625,0.13288750000000002,0.45690393737165336
0.275,0.025,1171.25,0.139775,0.4520583431457368
0.30000000000000004,0.025,1203.125,0.1459375,0.44753807691713016
0.325,0.025,1231.25,0.151375,0.4434410883024173
0.35000000000000003,0.025,1255.625,0.15608750000000002,0.4398285208910197
0.375,0.025,1276.25,0.16007500000000002,0.4367379229869487
0.4,0.025,1293.125,0.16333750000000002,0.4341917947330902
0.42500000000000004,0.025,1306.25,0.16587500000000002,0.4322031665150461
0.45,0.025,1315.625,0.1676875,0.4307792445421545
0.47500000000000003,0.025,1321.25,0.16877500000000004,0.4299237634680203
0.5,0.025,1323.125,0.16913750000000002,0.4296384401562476
0.525,0.025,1321.25,0.16877499999999998,0.42992376346802014
0.55,0.025,1315.625,0.1676875,0.4307792445421545
0.5750000000000001,0.025,1306.25,0.165875,0.432203166515046
0.6000000000000001,0.025,1293.125,0.16333750000000002,0.4341917947330902
0.625,0.025,1276.25,0.16007500000000002,0.4367379229869487
0.65,0.025,1255.625,0.15608750000000002,0.4398285208910197
0.675,0.025,1231.25,0.15137499999999998,0.4434410883024172
0.7000000000000001,0.025,1203.125,0.1459375,0.44753807691713016
0.7250000000000001,0.025,1171.25,0.13977499999999998,0.45205834314573673
0.75,0.025,1135.625,0.13288750000000002,0.45690393737165336
0.775,0.025,1096.25,0.125275,0.4619194064936605
0.8,0.025,1053.125,0.11693749999999996,0.4668587991109936
0.8250000000000001,0.025,1006.2499999999999,0.10787499999999996,0.4713319516733339
0.8500000000000001,0.025,955.6249999999998,0.09808749999999995,0.47471484420830545
0.875,0.025,901.2500000000001,0.08757500000000001,0.4759955412171262
0.9,0.025,843.125,0.07633749999999999,0.4735001004225143
0.925,0.025,781.25,0.06437499999999999,0.46438440972939105
0.9500000000000001,0.025,715.6249999999998,0.05168749999999995,0.443644184733215
0.9750000000000001,0.025,646.2499999999999,0.038274999999999976,0.40206602468516944
1.0,0.025,573.1250000000001,0.02413750000000002,0.32165567035541365
0.0,0.05,642.5,0.03754999999999999,0.3990241653349792
0.025,0.05,715.625,0.05168750000000001,0.44364418473321526
0.05,0.05,785.0,0.06509999999999998,0.4651804236646226
0.07500000000000001,0.05,850.625,0.0777875,0.47410255750618496
0.1,0.05,912.4999999999999,0.08974999999999997,0.47597465811840134
0.125,0.05,970.625,0.10098749999999998,0.47389995355212794
0.15000000000000002,0.05,1025.0,0.11149999999999999,0.4696740179338006
0.17500000000000002,0.05,1075.625,0.12128749999999999,0.46436489238458895
0.2,0.05,1122.5,0.13035,0.45862061931695847
0.225,0.05,1165.625,0.1386875,0.45283949064537937
0.25,0.05,1205.0,0.14629999999999999,0.4472677716853925
0.275,0.05,1240.625,0.1531875,0.44205753332094616
0.30000000000000004,0.05,1272.5,0.15935,0.4373017711723234
0.325,0.05,1300.625,0.16478749999999998,0.4330562022013292
0.35000000000000003,0.05,1325.0,0.1695,0.42935304213344555
0.375,0.05,1345.625,0.1734875,0.42620984498614234
0.4,0.05,1362.5,0.17675,0.42363523931923147
0.42500000000000004,0.05,1375.625,0.1792875,0.42163267626824946
0.45,0.05,1385.0,0.18109999999999998,0.42020287793629835
0.47500000000000003,0.05,1390.625,0.1821875,0.4193454150984328
0.5,0.05,1392.5,0.18255,0.4190596802161619
0.525,0.05,1390.625,0.1821875,0.4193454150984328
0.55,0.05,1385.0,0.18109999999999998,0.42020287793629835
0.5750000000000001,0.05,1375.625,0.1792875,0.42163267626824946
0.6000000000000001,0.05,1362.5,0.17675,0.42363523931923147
0.625,0.05,1345.625,0.1734875,0.42620984498614234
0.65,0.05,1325.0,0.16949999999999998,0.4293530421334455
0.675,0.05,1300.625,0.16478749999999998,0.4330562022013292
0.7000000000000001,0.05,1272.5,0.15934999999999996,0.4373017711723233
0.7250000000000001,0.05,1240.625,0.15318749999999998,0.4420575333209461
0.75,0.05,1205.0,0.14629999999999999,0.4472677716853925
0.775,0.05,1165.625,0.1386875,0.45283949064537937
0.8,0.05,1122.5,0.13034999999999997,0.45862061931695836
0.8250000000000001,0.05,1075.625,0.12128749999999996,0.46436489238458883
0.8500000000000001,0.05,1024.9999999999998,0.11149999999999995,0.4696740179338006
0.875,0.05,970.625,0.10098749999999998,0.47389995355212794
0.9,0.05,912.4999999999999,0.08974999999999997,0.47597465811840134
0.925,0.05,850.6249999999998,0.07778749999999997,0.474102557506185
0.9500000000000001,0.05,784.9999999999998,0.06509999999999995,0.4651804236646227
0.9750000000000001,0.05,715.6249999999998,0.05168749999999995,0.443644184733215
1.0,0.05,642.5,0.03754999999999999,0.3990241653349792
0.0,0.07500000000000001,708.125,0.05023750000000001,0.44029318230960884
0.025,0.07500000000000001,781.25,0.06437499999999999,0.46438440972939105
0.05,0.07500000000000001,850.625,0.0777875,0.47410255750618496
0.07500000000000001,0.07500000000000001,916.2500000000001,0.09047500000000001,0.4759369237071332
0.1,0.07500000000000001,978.125,0.10243749999999999,0.473429618022253
0.125,0.07500000000000001,1036.25,0.113675,0.46859200438725024
0.15000000000000002,0.07500000000000001,1090.625,0.1241875,0.4626001523396999
0.17500000000000002,0.07500000000000001,1141.25,0.133975,0.4561560085983761
0.2,0.07500000000000001,1188.125,0.14303749999999998,0.4496838133663301
0.225,0.07500000000000001,1231.25,0.151375,0.4434410883024173
0.25,0.07500000000000001,1270.625,0.1589875,0.43758339702106835
0.275,0.07500000000000001,1306.25,0.16587500000000002,0.4322031665150461
0.30000000000000004,0.07500000000000001,1338.125,0.1720375,0.42735349418352975
0.325,0.07500000000000001,1366.2500000000002,0.17747500000000002,0.42306302807471835
0.35000000000000003,0.07500000000000001,1390.625,0.1821875,0.4193454150984328
0.375,0.07500000000000001,1411.25,0.186175,0.41620537612698816
0.4,0.07500000000000001,1428.125,0.1894375,0.4136426484101995
0.42500000000000004,0.07500000000000001,1441.25,0.191975,0.4116545567253859
0.45,0.07500000000000001,1450.625,0.1937875,0.41023768733002386
0.47500000000000003,0.07500000000000001,1456.25,0.19487500000000002,0.40938896201115443
0.5,0.07500000000000001,1458.125,0.1952375,0.40910629754668243
0.525,0.07500000000000001,1456.25,0.194875,0.4093889620111544
0.55,0.07500000000000001,1450.625,0.1937875,0.41023768733002386
0.5750000000000001,0.07500000000000001,1441.25,0.19197499999999998,0.41165455672538587
0.6000000000000001,0.07500000000000001,1428.125,0.1894375,0.4136426484101995
0.625,0.07500000000000001,1411.25,0.186175,0.41620537612698816
0.65,0.07500000000000001,1390.625,0.1821875,0.4193454150984328
0.675,0.07500000000000001,1366.25,0.177475,0.4230630280747184
0.7000000000000001,0.07500000000000001,1338.125,0.17203749999999998,0.42735349418352964
0.7250000000000001,0.07500000000000001,1306.25,0.165875,0.432203166515046
0.75,0.07500000000000001,1270.625,0.1589875,0.43758339702106835
0.775,0.07500000000000001,1231.25,0.151375,0.4434410883024173
0.8,0.07500000000000001,1188.125,0.14303749999999998,0.4496838133663301
0.8250000000000001,0.07500000000000001,1141.25,0.13397499999999998,0.45615600859837596
0.8500000000000001,0.07500000000000001,1090.625,0.12418749999999996,0.46260015233969976
0.875,0.07500000000000001,1036.25,0.113675,0.46859200438725024
0.9,0.07500000000000001,978.125,0.10243749999999999,0.473429618022253
0.925,0.07500000000000001,916.25,0.09047499999999999,0.4759369237071332
0.9500000000000001,0.07500000000000001,850.6249999999998,0.07778749999999997,0.474102557506185
0.9750000000000001,0.07500000000000001,781.2499999999998,0.06437499999999996,0.46438440972939116
1.0,0.07500000000000001,708.125,0.05023750000000001,0.44029318230960884
0.0,0.1,769.9999999999999,0.06219999999999998,0.4617749046950953
0.025,0.1,843.125,0.07633749999999999,0.4735001004225143
0.05,0.1,912.4999999999999,0.08974999999999997,0.47597465811840134
0.07500000000000001,0.1,978.125,0.10243749999999999,0.473429618022253
0.1,0.1,1039.9999999999998,0.11439999999999995,0.46821788004085746
0.125,0.1,1098.125,0.12563749999999999,0.4616903159560948
0.15000000000000002,0.1,1152.5,0.13615,0.45463986021242114
0.17500000000000002,0.1,1203.125,0.1459375,0.44753807691713016
0.2,0.1,1250.0,0.155,0.44066645284313855
0.225,0.1,1293.125,0.16333749999999997,0.4341917947330901
0.25,0.1,1332.5,0.17095,0.4282107821671125
0.275,0.1,1368.125,0.17783749999999998,0.4227769313820717
0.30000000000000004,0.1,1400.0,0.184,0.41791724261308055
0.325,0.1,1428.125,0.18943749999999998,0.4136426484101995
0.35000000000000003,0.1,1452.5,0.19415,0.40995465874630055
0.375,0.1,1473.125,0.19813749999999997,0.406849630568236
0.4,0.1,1490.0,0.20139999999999997,0.4043215301529074
0.42500000000000004,0.1,1503.125,0.2039375,0.4023637255301646
0.45,0.1,1512.5,0.20575,0.4009701456294881
0.47500000000000003,0.1,1518.125,0.20683749999999998,0.4001360183447493
0.5,0.1,1520.0,0.20719999999999997,0.3998583202954151
0.525,0.1,1518.125,0.20683749999999998,0.4001360183447493
0.55,0.1,1512.5,0.20575,0.4009701456294881
0.5750000000000001,0.1,1503.125,0.2039375,0.4023637255301646
0.6000000000000001,0.1,1490.0,0.20139999999999997,0.4043215301529074
0.625,0.1,1473.125,0.19813749999999997,0.406849630568236
0.65,0.1,1452.5,0.19414999999999996,0.4099546587463005
0.675,0.1,1428.125,0.18943749999999998,0.4136426484101995
0.7000000000000001,0.1,1399.9999999999998,0.18399999999999997,0.4179172426130806
0.7250000000000001,0.1,1368.1249999999998,0.17783749999999995,0.42277693138207184
0.75,0.1,1332.5,0.17095,0.4282107821671125
0.775,0.1,1293.125,0.16333749999999997,0.4341917947330901
0.8,0.1,1250.0,0.15499999999999997,0.44066645284313843
0.8250000000000001,0.1,1203.125,0.14593749999999997,0.44753807691713005
0.8500000000000001,0.1,1152.4999999999998,0.13614999999999994,0.4546398602124212
0.875,0.1,1098.125,0.12563749999999999,0.4616903159560948
0.9,0.1,1039.9999999999998,0.11439999999999995,0.46821788004085746
0.925,0.1,978.1249999999998,0.10243749999999995,0.47342961802225303
0.9500000000000001,0.1,912.4999999999998,0.08974999999999993,0.47597465811840123
0.9750000000000001,0.1,843.1249999999997,0.07633749999999993,0.4735001004225143
1.0,0.1,769.9999999999999,0.06219999999999998,0.4617749046950953
0.0,0.125,828.125,0.07343749999999999,0.4720030700698054
0.025,0.125,901.2500000000001,0.08757500000000001,0.4759955412171262
0.05,0.125,970.625,0.10098749999999998,0.47389995355212794
0.07500000000000001,0.125,1036.25,0.113675,0.46859200438725024
0.1,0.125,1098.125,0.12563749999999999,0.4616903159560948
0.125,0.125,1156.25,0.136875,0.45412879170155995
0.15000000000000002,0.125,1210.625,0.1473875,0.44645426556420864
0.17500000000000002,0.125,1261.25,0.157175,0.43898832589834025
0.2,0.125,1308.125,0.1662375,0.4319185899938837
0.225,0.125,1351.25,0.174575,0.4253517852714814
0.25,0.125,1390.625,0.1821875,0.4193454150984328
0.275,0.125,1426.25,0.18907500000000002,0.4139270520072125
0.30000000000000004,0.125,1458.125,0.1952375,0.40910629754668243
0.325,0.125,1486.25,0.200675,0.4048822996301921
0.35000000000000003,0.125,1510.625,0.20538750000000003,0.40124852826491003
0.375,0.125,1531.25,0.209375,0.39819583266137054
0.4,0.125,1548.125,0.21263749999999998,0.3957144067410912
0.42500000000000004,0.125,1561.25,0.215175,0.3937950533946838
0.45,0.125,1570.625,0.2169875,0.3924299932872564
0.47500000000000003,0.125,1576.25,0.218075,0.39161337370949245
0.5,0.125,1578.125,0.2184375,0.3913415750344219
0.525,0.125,1576.25,0.218075,0.39161337370949245
0.55,0.125,1570.625,0.2169875,0.3924299932872564
0.5750000000000001,0.125,1561.25,0.215175,0.3937950533946838
0.6000000000000001,0.125,1548.125,0.21263749999999998,0.3957144067410912
0.625,0.125,1531.25,0.209375,0.39819583266137054
0.65,0.125,1510.625,0.20538749999999997,0.4012485282649099
0.675,0.125,1486.25,0.200675,0.4048822996301921
0.7000000000000001,0.125,1458.125,0.19523749999999998,0.4091062975466824
0.7250000000000001,0.125,1426.25,0.18907499999999997,0.41392705200721236
0.75,0.125,1390.625,0.1821875,0.4193454150984328
0.775,0.125,1351.25,0.174575,0.4253517852714814
0.8,0.125,1308.125,0.16623749999999998,0.4319185899938836
0.8250000000000001,0.125,1261.25,0.15717499999999998,0.4389883258983402
0.8500000000000001,0.125,1210.625,0.14738749999999998,0.44645426556420853
0.875,0.125,1156.25,0.136875,0.45412879170155995
0.9,0.125,1098.125,0.12563749999999999,0.4616903159560948
0.925,0.125,1036.25,0.11367499999999997,0.4685920043872502
0.9500000000000001,0.125,970.6249999999998,0.10098749999999995,0.473899953552128
0.9750000000000001,0.125,901.2499999999998,0.08757499999999994,0.4759955412171262
1.0,0.125,828.125,0.07343749999999999,0.4720030700698054
0.0,0.15000000000000002,882.5,0.08395,0.47569873743477
0.025,0.15000000000000002,955.6250000000001,0.09808750000000001,0.4747148442083053
0.05,0.15000000000000002,1025.0,0.11149999999999999,0.4696740179338006
0.07500000000000001,0.15000000000000002,1090.625,0.1241875,0.4626001523396999
0.1,0.15000000000000002,1152.5,0.13615,0.45463986021242114
0.125,0.15000000000000002,1210.625,0.1473875,0.44645426556420864
0.15000000000000002,0.15000000000000002,1265.0,0.1579,0.43842701656753424
0.17500000000000002,0.15000000000000002,1315.625,0.16768750000000002,0.43077924454215455
0.2,0.15000000000000002,1362.5,0.17675000000000002,0.4236352393192315
0.225,0.15000000000000002,1405.625,0.1850875,0.4170610143592984
0.25,0.15000000000000002,1445.0,0.1927,0.411087471371911
0.275,0.15000000000000002,1480.625,0.1995875,0.40572457354288366
0.30000000000000004,0.15000000000000002,1512.5,0.20575000000000002,0.40097014562948813
0.325,0.15000000000000002,1540.6250000000002,0.21118750000000003,0.3968153994085322
0.35000000000000003,0.15000000000000002,1565.0,0.2159,0.3932484304546717
0.375,0.15000000000000002,1585.625,0.21988749999999999,0.3902564412866595
0.4,0.15000000000000002,1602.5000000000002,0.22315000000000002,0.3878271564682554
0.42500000000000004,0.15000000000000002,1615.625,0.2256875,0.38594972089093144
0.45,0.15000000000000002,1625.0,0.22749999999999998,0.3846152652679202
0.47500000000000003,0.15000000000000002,1630.625,0.2285875,0.38381725555168317
0.5,0.15000000000000002,1632.5,0.22895,0.3835516996170874
0.525,0.15000000000000002,1630.625,0.2285875,0.38381725555168317
0.55,0.15000000000000002,1625.0,0.22749999999999998,0.3846152652679202
0.5750000000000001,0.15000000000000002,1615.625,0.2256875,0.38594972089093144
0.6000000000000001,0.15000000000000002,1602.5,0.22315,0.38782715646825544
0.625,0.15000000000000002,1585.625,0.21988749999999999,0.3902564412866595
0.65,0.15000000000000002,1565.0,0.21589999999999998,0.39324843045467167
0.675,0.15000000000000002,1540.625,0.2111875,0.3968153994085323
0.7000000000000001,0.15000000000000002,1512.5,0.20575000000000002,0.40097014562948813
0.7250000000000001,0.15000000000000002,1480.625,0.19958749999999997,0.4057245735428836
0.75,0.15000000000000002,1445.0,0.1927,0.411087471371911
0.775,0.15000000000000002,1405.625,0.1850875,0.4170610143592984
0.8,0.15000000000000002,1362.5,0.17675,0.42363523931923147
0.8250000000000001,0.15000000000000002,1315.625,0.1676875,0.4307792445421545
0.8500000000000001,0.15000000000000002,1265.0,0.15789999999999996,0.4384270165675341
0.875,0.15000000000000002,1210.625,0.1473875,0.44645426556420864
0.9,0.15000000000000002,1152.5,0.13615,0.45463986021242114
0.925,0.15000000000000002,1090.625,0.12418749999999996,0.46260015233969976
0.9500000000000001,0.15000000000000002,1024.9999999999998,0.11149999999999995,0.4696740179338006
0.9750000000000001,0.15000000000000002,955.6249999999998,0.09808749999999995,0.47471484420830545
1.0,0.15000000000000002,882.5,0.08395,0.47569873743477
0.0,0.17500000000000002,933.1250000000001,0.0937375,0.47558954347898935
0.025,0.17500000000000002,1006.2500000000002,0.10787500000000003,0.4713319516733338
0.05,0.17500000000000002,1075.625,0.12128749999999999,0.46436489238458895
0.07500000000000001,0.17500000000000002,1141.25,0.133975,0.4561560085983761
0.1,0.17500000000000002,1203.125,0.1459375,0.44753807691713016
0.125,0.17500000000000002,1261.25,0.157175,0.43898832589834025
0.15000000000000002,0.17500000000000002,1315.625,0.16768750000000002,0.43077924454215455
0.17500000000000002,0.17500000000000002,1366.2500000000002,0.17747500000000002,0.42306302807471835
0.2,0.17500000000000002,1413.1250000000002,0.18653750000000002,0.41592030592917256
0.225,0.17500000000000002,1456.25,0.19487500000000002,0.40938896201115443
0.25,0.17500000000000002,1495.625,0.20248750000000001,0.40348152548004734
0.275,0.17500000000000002,1531.2500000000002,0.20937500000000003,0.3981958326613705
0.30000000000000004,0.17500000000000002,1563.1250000000002,0.21553750000000002,0.3935216427027389
0.325,0.17500000000000002,1591.25,0.220975,0.3894447769136049
0.35000000000000003,0.17500000000000002,1615.6250000000002,0.22568750000000004,0.3859497208909314
0.375,0.17500000000000002,1636.25,0.22967500000000002,0.3830212619240207
0.4,0.17500000000000002,1653.125,0.23293750000000002,0.3806455163520315
0.42500000000000004,0.17500000000000002,1666.2500000000002,0.23547500000000002,0.3788105694929423
0.45,0.17500000000000002,1675.625,0.2372875,0.3775068691521291
0.47500000000000003,0.17500000000000002,1681.2500000000002,0.23837500000000003,0.3767274622646631
0.5,0.17500000000000002,1683.125,0.23873750000000002,0.37646813098374576
0.525,0.17500000000000002,1681.2500000000002,0.23837500000000003,0.3767274622646631
0.55,0.17500000000000002,1675.625,0.2372875,0.3775068691521291
0.5750000000000001,0.17500000000000002,1666.2500000000002,0.23547500000000002,0.3788105694929423
0.6000000000000001,0.17500000000000002,1653.125,0.23293750000000002,0.3806455163520315
0.625,0.17500000000000002,1636.25,0.22967500000000002,0.3830212619240207
0.65,0.17500000000000002,1615.625,0.2256875,0.38594972089093144
0.675,0.17500000000000002,1591.25,0.220975,0.3894447769136049
0.7000000000000001,0.17500000000000002,1563.125,0.2155375,0.393521642702739
0.7250000000000001,0.17500000000000002,1531.25,0.209375,0.39819583266137054
0.75,0.17500000000000002,1495.625,0.20248750000000001,0.40348152548004734
0.775,0.17500000000000002,1456.25,0.19487500000000002,0.40938896201115443
0.8,0.17500000000000002,1413.125,0.1865375,0.4159203059291726
0.8250000000000001,0.17500000000000002,1366.25,0.177475,0.4230630280747184
0.8500000000000001,0.17500000000000002,1315.625,0.1676875,0.4307792445421545
0.875,0.17500000000000002,1261.25,0.157175,0.43898832589834025
0.9,0.17500000000000002,1203.125,0.1459375,0.44753807691713016
0.925,0.17500000000000002,1141.25,0.13397499999999998,0.45615600859837596
0.9500000000000001,0.17500000000000002,1075.625,0.12128749999999996,0.46436489238458883
0.9750000000000001,0.17500000000000002,1006.2499999999999,0.10787499999999996,0.4713319516733339
1.0,0.17500000000000002,933.1250000000001,0.0937375,0.47558954347898935
0.0,0.2,980.0000000000001,0.1028,0.4733058304676137
0.025,0.2,1053.125,0.1169375,0.4668587991109937
0.05,0.2,1122.5,0.13035,0.45862061931695847
0.07500000000000001,0.2,1188.125,0.14303749999999998,0.4496838133663301
0.1,0.2,1250.0,0.155,0.44066645284313855
0.125,0.2,1308.125,0.1662375,0.4319185899938837
0.15000000000000002,0.2,1362.5,0.17675000000000002,0.4236352393192315
0.17500000000000002,0.2,1413.1250000000002,0.18653750000000002,0.41592030592917256
0.2,0.2,1460.0,0.1956,0.4088237581069282
0.225,0.2,1503.125,0.2039375,0.4023637255301646
0.25,0.2,1542.5,0.21155000000000002,0.39653986857781776
0.275,0.2,1578.125,0.2184375,0.3913415750344219
0.30000000000000004,0.2,1610.0,0.2246,0.3867530321113196
0.325,0.2,1638.125,0.2300375,0.38275638120956995
0.35000000000000003,0.2,1662.5,0.23475,0.3793336820196842
0.375,0.2,1683.125,0.23873750000000002,0.37646813098374576
0.4,0.2,1700.0,0.242,0.3741448107836706
0.42500000000000004,0.2,1713.1250000000002,0.24453750000000002,0.3723511449187815
0.45,0.2,1722.5,0.24634999999999999,0.3710771677726668
0.47500000000000003,0.2,1728.125,0.24743749999999998,0.37031568031640133
0.5,0.2,1730.0,0.24780000000000002,0.37006233554791507
0.525,0.2,1728.125,0.24743749999999998,0.37031568031640133
0.55,0.2,1722.5,0.24634999999999999,0.3710771677726668
0.5750000000000001,0.2,1713.125,0.2445375,0.3723511449187816
0.6000000000000001,0.2,1700.0,0.24199999999999997,0.3741448107836706
0.625,0.2,1683.125,0.23873750000000002,0.37646813098374576
0.65,0.2,1662.5,0.23475,0.3793336820196842
0.675,0.2,1638.125,0.2300375,0.38275638120956995
0.7000000000000001,0.2,1610.0,0.2246,0.3867530321113196
0.7250000000000001,0.2,1578.125,0.2184375,0.3913415750344219
0.75,0.2,1542.5,0.21155000000000002,0.39653986857781776
0.775,0.2,1503.125,0.2039375,0.4023637255301646
0.8,0.2,1460.0,0.19559999999999997,0.40882375810692817
0.8250000000000001,0.2,1413.125,0.18653749999999997,0.41592030592917256
0.8500000000000001,0.2,1362.4999999999998,0.17674999999999996,0.4236352393192315
0.875,0.2,1308.125,0.1662375,0.4319185899938837
0.9,0.2,1250.0,0.155,0.44066645284313855
0.925,0.2,1188.125,0.14303749999999998,0.4496838133663301
0.9500000000000001,0.2,1122.4999999999998,0.13034999999999994,0.4586206193169584
0.9750000000000001,0.2,1053.125,0.11693749999999996,0.4668587991109936
1.0,0.2,980.0000000000001,0.1028,0.4733058304676137
0.0,0.225,1023.125,0.11113749999999999,0.4698482357089668
0.025,0.225,1096.25,0.125275,0.4619194064936605
0.05,0.225,1165.625,0.1386875,0.45283949064537937
0.07500000000000001,0.225,1231.25,0.151375,0.4434410883024173
0.1,0.225,1293.125,0.16333749999999997,0.4341917947330901
0.125,0.225,1351.25,0.174575,0.4253517852714814
0.15000000000000002,0.225,1405.625,0.1850875,0.4170610143592984
0.17500000000000002,0.225,1456.25,0.19487500000000002,0.40938896201115443
0.2,0.225,1503.125,0.2039375,0.4023637255301646
0.225,0.225,1546.25,0.212275,0.39598937121454775
0.25,0.225,1585.625,0.21988749999999999,0.3902564412866595
0.275,0.225,1621.25,0.226775,0.3851483844689988
0.30000000000000004,0.225,1653.125,0.23293750000000002,0.3806455163520315
0.325,0.225,1681.25,0.23837499999999998,0.3767274622646631
0.35000000000000003,0.225,1705.625,0.24308749999999998,0.3733746587036853
0.375,0.225,1726.25,0.247075,0.3705692674089839
0.4,0.225,1743.125,0.2503375,0.3682957227533813
0.42500000000000004,0.225,1756.25,0.25287499999999996,0.3665410514750853
0.45,0.225,1765.625,0.25468749999999996,0.3652950529699885
0.47500000000000003,0.225,1771.2499999999998,0.255775,0.36455039617480234
0.5,0.225,1773.125,0.25613749999999996,0.3643026682319419
0.525,0.225,1771.2499999999998,0.255775,0.36455039617480234
0.55,0.225,1765.625,0.25468749999999996,0.3652950529699885
0.5750000000000001,0.225,1756.2499999999998,0.25287499999999996,0.36654105147508537
0.6000000000000001,0.225,1743.1249999999998,0.25033749999999994,0.3682957227533813
0.625,0.225,1726.25,0.247075,0.3705692674089839
0.65,0.225,1705.625,0.24308749999999998,0.3733746587036853
0.675,0.225,1681.25,0.23837499999999998,0.3767274622646631
0.7000000000000001,0.225,1653.125,0.23293749999999996,0.38064551635203137
0.7250000000000001,0.225,1621.2499999999998,0.22677499999999995,0.3851483844689988
0.75,0.225,1585.625,0.21988749999999999,0.3902564412866595
0.775,0.225,1546.25,0.212275,0.39598937121454775
0.8,0.225,1503.125,0.2039375,0.4023637255301646
0.8250000000000001,0.225,1456.25,0.194875,0.4093889620111544
0.8500000000000001,0.225,1405.6249999999995,0.18508749999999993,0.41706101435929854
0.875,0.225,1351.25,0.174575,0.4253517852714814
0.9,0.225,1293.125,0.16333749999999997,0.4341917947330901
0.925,0.225,1231.25,0.15137499999999998,0.4434410883024172
0.9500000000000001,0.225,1165.6249999999998,0.13868749999999996,0.4528394906453795
0.9750000000000001,0.225,1096.2499999999998,0.12527499999999994,0.4619194064936604
1.0,0.225,1023.125,0.11113749999999999,0.4698482357089668
0.0,0.25,1062.5,0.11874999999999998,0.4658435386322393
0.025,0.25,1135.625,0.13288750000000002,0.45690393737165336
0.05,0.25,1205.0,0.14629999999999999,0.4472677716853925
0.07500000000000001,0.25,1270.625,0.1589875,0.43758339702106835
0.1,0.25,1332.5,0.17095,0.4282107821671125
0.125,0.25,1390.625,0.1821875,0.4193454150984328
0.15000000000000002,0.25,1445.0,0.1927,0.411087471371911
0.17500000000000002,0.25,1495.625,0.20248750000000001,0.40348152548004734
0.2,0.25,1542.5,0.21155000000000002,0.39653986857781776
0.225,0.25,1585.625,0.21988749999999999,0.3902564412866595
0.25,0.25,1625.0,0.22749999999999998,0.3846152652679202
0.275,0.25,1660.625,0.2343875,0.37959558651170033
0.30000000000000004,0.25,1692.5,0.24055,0.3751750221270313
0.325,0.25,1720.625,0.2459875,0.3713314806340372
0.35000000000000003,0.25,1745.0,0.2507,0.368044323077899
0.375,0.25,1765.625,0.25468749999999996,0.3652950529699885
0.4,0.25,1782.5,0.25794999999999996,0.3630677148261771
0.42500000000000004,0.25,1795.625,0.2604875,0.3613491146285248
0.45,0.25,1805.0,0.2623,0.3601289340948892
0.47500000000000003,0.25,1810.625,0.2633875,0.3593997843630165
0.5,0.25,1812.5,0.26375,0.3591572276855699
0.525,0.25,1810.625,0.2633875,0.3593997843630165
0.55,0.25,1805.0,0.2623,0.3601289340948892
0.5750000000000001,0.25,1795.625,0.2604875,0.3613491146285248
0.6000000000000001,0.25,1782.5,0.25794999999999996,0.3630677148261771
0.625,0.25,1765.625,0.25468749999999996,0.3652950529699885
0.65,0.25,1745.0,0.2507,0.368044323077899
0.675,0.25,1720.625,0.2459875,0.3713314806340372
0.7000000000000001,0.25,1692.5,0.24054999999999999,0.3751750221270313
0.7250000000000001,0.25,1660.625,0.23438749999999997,0.3795955865117003
0.75,0.25,1625.0,0.22749999999999998,0.3846152652679202
0.775,0.25,1585.625,0.21988749999999999,0.3902564412866595
0.8,0.25,1542.5,0.21155,0.39653986857781776
0.8250000000000001,0.25,1495.625,0.2024875,0.40348152548004734
0.8500000000000001,0.25,1445.0,0.19269999999999995,0.4110874713719109
0.875,0.25,1390.625,0.1821875,0.4193454150984328
0.9,0.25,1332.5,0.17095,0.4282107821671125
0.925,0.25,1270.625,0.15898749999999998,0.4375833970210683
0.9500000000000001,0.25,1204.9999999999998,0.14629999999999996,0.44726777168539256
0.9750000000000001,0.25,1135.6249999999998,0.13288749999999994,0.45690393737165325
1.0,0.25,1062.5,0.11874999999999998,0.4658435386322393
0.0,0.275,1098.125,0.1256375,0.4616903159560949
0.025,0.275,1171.25,0.139775,0.4520583431457368
0.05,0.275,1240.625,0.1531875,0.44205753332094616
0.07500000000000001,0.275,1306.25,0.16587500000000002,0.4322031665150461
0.1,0.275,1368.125,0.17783749999999998,0.4227769313820717
0.125,0.275,1426.25,0.18907500000000002,0.4139270520072125
0.15000000000000002,0.275,1480.625,0.1995875,0.40572457354288366
0.17500000000000002,0.275,1531.2500000000002,0.20937500000000003,0.3981958326613705
0.2,0.275,1578.125,0.2184375,0.3913415750344219
0.225,0.275,1621.25,0.226775,0.3851483844689988
0.25,0.275,1660.625,0.2343875,0.37959558651170033
0.275,0.275,1696.2500000000002,0.24127500000000002,0.37465943997728085
0.30000000000000004,0.275,1728.1250000000002,0.2474375,0.3703156803164013
0.325,0.275,1756.25,0.25287499999999996,0.3665410514750853
0.35000000000000003,0.275,1780.625,0.25758749999999997,0.36331421373760187
0.375,0.275,1801.25,0.261575,0.3606162667990547
0.4,0.275,1818.125,0.2648375,0.35843103752959315
0.42500000000000004,0.275,1831.25,0.26737500000000003,0.35674522664095165
0.45,0.275,1840.625,0.2691875,0.35554847395602784
0.47500000000000003,0.275,1846.25,0.270275,0.35483338009284454
0.5,0.275,1848.125,0.27063750000000003,0.3545955082188537
0.525,0.275,1846.25,0.270275,0.35483338009284454
0.55,0.275,1840.625,0.2691875,0.35554847395602784
0.5750000000000001,0.275,1831.25,0.267375,0.3567452266409516
0.6000000000000001,0.275,1818.125,0.2648375,0.35843103752959315
0.625,0.275,1801.25,0.261575,0.3606162667990547
0.65,0.275,1780.625,0.25758749999999997,0.36331421373760187
0.675,0.275,1756.25,0.25287499999999996,0.3665410514750853
0.7000000000000001,0.275,1728.125,0.24743749999999998,0.37031568031640133
0.7250000000000001,0.275,1696.2499999999998,0.24127499999999996,0.37465943997728096
0.75,0.275,1660.625,0.2343875,0.37959558651170033
0.775,0.275,1621.25,0.226775,0.3851483844689988
0.8,0.275,1578.125,0.2184375,0.3913415750344219
0.8250000000000001,0.275,1531.25,0.209375,0.39819583266137054
0.8500000000000001,0.275,1480.6249999999998,0.19958749999999995,0.4057245735428836
0.875,0.275,1426.25,0.18907500000000002,0.4139270520072125
0.9,0.275,1368.125,0.17783749999999998,0.4227769313820717
0.925,0.275,1306.25,0.165875,0.432203166515046
0.9500000000000001,0.275,1240.625,0.15318749999999998,0.4420575333209461
0.9750000000000001,0.275,1171.25,0.13977499999999998,0.45205834314573673
1.0,0.275,1098.125,0.1256375,0.4616903159560949
0.0,0.30000000000000004,1130.0,0.1318,0.4576446863267077
0.025,0.30000000000000004,1203.125,0.1459375,0.44753807691713016
0.05,0.30000000000000004,1272.5,0.15935,0.4373017711723234
0.07500000000000001,0.30000000000000004,1338.125,0.1720375,0.42735349418352975
0.1,0.30000000000000004,1400.0,0.184,0.41791724261308055
0.125,0.30000000000000004,1458.125,0.1952375,0.40910629754668243
0.15000000000000002,0.30000000000000004,1512.5,0.20575000000000002,0.40097014562948813
0.17500000000000002,0.30000000000000004,1563.1250000000002,0.21553750000000002,0.3935216427027389
0.2,0.30000000000000004,1610.0,0.2246,0.3867530321113196
0.225,0.30000000000000004,1653.125,0.23293750000000002,0.3806455163520315
0.25,0.30000000000000004,1692.5,0.24055,0.3751750221270313
0.275,0.30000000000000004,1728.1250000000002,0.2474375,0.3703156803164013
0.30000000000000004,0.30000000000000004,1760.0000000000002,0.2536,0.3660419171439811
0.325,0.30000000000000004,1788.125,0.2590375,0.3623296945192965
0.35000000000000003,0.30000000000000004,1812.5,0.26375,0.3591572276855699
0.375,0.30000000000000004,1833.125,0.2677375,0.35650538300785833
0.4,0.30000000000000004,1850.0,0.271,0.35435788264847773
0.42500000000000004,0.30000000000000004,1863.125,0.2735375,0.35270139597118116
0.45,0.30000000000000004,1872.5,0.27535,0.35152556819374164
0.47500000000000003,0.30000000000000004,1878.125,0.2764375,0.35082301821483836
0.5,0.30000000000000004,1880.0,0.2768,0.35058932553557853
0.525,0.30000000000000004,1878.125,0.2764375,0.35082301821483836
0.55,0.30000000000000004,1872.5,0.27535,0.35152556819374164
0.5750000000000001,0.30000000000000004,1863.125,0.2735375,0.35270139597118116
0.6000000000000001,0.30000000000000004,1850.0,0.271,0.35435788264847773
0.625,0.30000000000000004,1833.125,0.2677375,0.35650538300785833
0.65,0.30000000000000004,1812.5,0.26375,0.3591572276855699
0.675,0.30000000000000004,1788.125,0.2590375,0.3623296945192965
0.7000000000000001,0.30000000000000004,1760.0,0.2536,0.3660419171439812
0.7250000000000001,0.30000000000000004,1728.125,0.24743749999999998,0.37031568031640133
0.75,0.30000000000000004,1692.5,0.24055,0.3751750221270313
0.775,0.30000000000000004,1653.125,0.23293750000000002,0.3806455163520315
0.8,0.30000000000000004,1610.0,0.2246,0.3867530321113196
0.8250000000000001,0.30000000000000004,1563.125,0.2155375,0.393521642702739
0.8500000000000001,0.30000000000000004,1512.5,0.20575,0.4009701456294881
0.875,0.30000000000000004,1458.125,0.1952375,0.40910629754668243
0.9,0.30000000000000004,1400.0,0.184,0.41791724261308055
0.925,0.30000000000000004,1338.125,0.17203749999999998,0.42735349418352964
0.9500000000000001,0.30000000000000004,1272.5,0.15934999999999996,0.4373017711723233
0.9750000000000001,0.30000000000000004,1203.125,0.14593749999999997,0.44753807691713005
1.0,0.30000000000000004,1130.0,0.1318,0.4576446863267077
0.0,0.325,1158.125,0.13723749999999998,0.45387223982569025
0.025,0.325,1231.25,0.151375,0.4434410883024173
0.05,0.325,1300.625,0.16478749999999998,0.4330562022013292
0.07500000000000001,0.325,1366.2500000000002,0.17747500000000002,0.42306302807471835
0.1,0.325,1428.125,0.18943749999999998,0.4136426484101995
0.125,0.325,1486.25,0.200675,0.4048822996301921
0.15000000000000002,0.325,1540.6250000000002,0.21118750000000003,0.3968153994085322
0.17500000000000002,0.325,1591.25,0.220975,0.3894447769136049
0.2,0.325,1638.125,0.2300375,0.38275638120956995
0.225,0.325,1681.25,0.23837499999999998,0.3767274622646631
0.25,0.325,1720.625,0.2459875,0.3713314806340372
0.275,0.325,1756.25,0.25287499999999996,0.3665410514750853
0.30000000000000004,0.325,1788.125,0.2590375,0.3623296945192965
0.325,0.325,1816.25,0.264475,0.35867285426106243
0.35000000000000003,0.325,1840.625,0.2691875,0.35554847395602784
0.375,0.325,1861.25,0.273175,0.3529372988474804
0.4,0.325,1878.125,0.2764375,0.35082301821483836
0.42500000000000004,0.325,1891.25,0.278975,0.3491923152082099
0.45,0.325,1900.625,0.28078749999999997,0.3480348680249604
0.47500000000000003,0.325,1906.25,0.281875,0.3473433298833102
0.5,0.325,1908.125,0.2822375,0.3471133048722856
0.525,0.325,1906.25,0.281875,0.3473433298833102
0.55,0.325,1900.625,0.28078749999999997,0.3480348680249604
0.5750000000000001,0.325,1891.25,0.278975,0.3491923152082099
0.6000000000000001,0.325,1878.125,0.2764375,0.35082301821483836
0.625,0.325,1861.25,0.273175,0.3529372988474804
0.65,0.325,1840.625,0.2691875,0.35554847395602784
0.675,0.325,1816.25,0.26447499999999996,0.3586728542610624
0.7000000000000001,0.325,1788.1249999999998,0.2590375,0.36232969451929653
0.7250000000000001,0.325,1756.2499999999998,0.25287499999999996,0.36654105147508537
0.75,0.325,1720.625,0.2459875,0.3713314806340372
0.775,0.325,1681.25,0.23837499999999998,0.3767274622646631
0.8,0.325,1638.125,0.23003749999999998,0.3827563812095699
0.8250000000000001,0.325,1591.25,0.22097499999999998,0.38944477691360485
0.8500000000000001,0.325,1540.6249999999998,0.21118749999999994,0.3968153994085322
0.875,0.325,1486.25,0.200675,0.4048822996301921
0.9,0.325,1428.125,0.18943749999999998,0.4136426484101995
0.925,0.325,1366.25,0.17747499999999997,0.42306302807471835
0.9500000000000001,0.325,1300.625,0.16478749999999998,0.4330562022013292
0.9750000000000001,0.325,1231.2499999999998,0.15137499999999995,0.44344108830241724
1.0,0.325,1158.125,0.13723749999999998,0.45387223982569025
0.0,0.35000000000000003,1182.5,0.14195000000000002,0.4504802528149606
0.025,0.35000000000000003,1255.625,0.15608750000000002,0.4398285208910197
0.05,0.35000000000000003,1325.0,0.1695,0.42935304213344555
0.07500000000000001,0.35000000000000003,1390.625,0.1821875,0.4193454150984328
0.1,0.35000000000000003,1452.5,0.19415,0.40995465874630055
0.125,0.35000000000000003,1510.625,0.20538750000000003,0.40124852826491003
0.15000000000000002,0.35000000000000003,1565.0,0.2159,0.3932484304546717
0.17500000000000002,0.35000000000000003,1615.6250000000002,0.22568750000000004,0.3859497208909314
0.2,0.35000000000000003,1662.5,0.23475,0.3793336820196842
0.225,0.35000000000000003,1705.625,0.24308749999999998,0.3733746587036853
0.25,0.35000000000000003,1745.0,0.2507,0.368044323077899
0.275,0.35000000000000003,1780.625,0.25758749999999997,0.36331421373760187
0.30000000000000004,0.35000000000000003,1812.5,0.26375,0.3591572276855699
0.325,0.35000000000000003,1840.625,0.2691875,0.35554847395602784
0.35000000000000003,0.35000000000000003,1865.0,0.2739,0.35246573895909455
0.375,0.35000000000000003,1885.625,0.2778875,0.34988971825281157
0.4,0.35000000000000003,1902.5,0.28115,0.34780411134696515
0.42500000000000004,0.35000000000000003,1915.6250000000002,0.28368750000000004,0.34619564024906435
0.45,0.35000000000000003,1925.0,0.28550000000000003,0.3450540300162411
0.47500000000000003,0.35000000000000003,1930.625,0.2865875,0.34437197536635095
0.5,0.35000000000000003,1932.5,0.28695,0.3441451082641059
0.525,0.35000000000000003,1930.625,0.2865875,0.34437197536635095
0.55,0.35000000000000003,1925.0,0.2855,0.345054030016241
0.5750000000000001,0.35000000000000003,1915.625,0.2836875,0.3461956402490643
0.6000000000000001,0.35000000000000003,1902.5,0.28114999999999996,0.3478041113469651
0.625,0.35000000000000003,1885.625,0.2778875,0.34988971825281157
0.65,0.35000000000000003,1865.0,0.2739,0.35246573895909455
0.675,0.35000000000000003,1840.625,0.2691875,0.35554847395602784
0.7000000000000001,0.35000000000000003,1812.5,0.26375,0.3591572276855699
0.7250000000000001,0.35000000000000003,1780.625,0.25758749999999997,0.36331421373760187
0.75,0.35000000000000003,1745.0,0.2507,0.368044323077899
0.775,0.35000000000000003,1705.625,0.24308749999999998,0.3733746587036853
0.8,0.35000000000000003,1662.4999999999998,0.23474999999999996,0.3793336820196842
0.8250000000000001,0.35000000000000003,1615.6249999999998,0.22568749999999996,0.3859497208909314
0.8500000000000001,0.35000000000000003,1565.0,0.21589999999999998,0.39324843045467167
0.875,0.35000000000000003,1510.625,0.20538750000000003,0.40124852826491003
0.9,0.35000000000000003,1452.5,0.19415,0.40995465874630055
0.925,0.35000000000000003,1390.625,0.1821875,0.4193454150984328
0.9500000000000001,0.35000000000000003,1324.9999999999998,0.16949999999999996,0.42935304213344555
0.9750000000000001,0.35000000000000003,1255.625,0.15608749999999996,0.43982852089101954
1.0,0.35000000000000003,1182.5,0.14195000000000002,0.4504802528149606
0.0,0.375,1203.125,0.1459375,0.44753807691713016
0.025,0.375,1276.25,0.16007500000000002,0.4367379229869487
0.05,0.375,1345.625,0.1734875,0.42620984498614234
0.07500000000000001,0.375,1411.25,0.186175,0.41620537612698816
0.1,0.375,1473.125,0.19813749999999997,0.406849630568236
0.125,0.375,1531.25,0.209375,0.39819583266137054
0.15000000000000002,0.375,1585.625,0.21988749999999999,0.3902564412866595
0.17500000000000002,0.375,1636.25,0.22967500000000002,0.3830212619240207
0.2,0.375,1683.125,0.23873750000000002,0.37646813098374576
0.225,0.375,1726.25,0.247075,0.3705692674089839
0.25,0.375,1765.625,0.25468749999999996,0.3652950529699885
0.275,0.375,1801.25,0.261575,0.3606162667990547
0.30000000000000004,0.375,1833.125,0.2677375,0.35650538300785833
0.325,0.375,1861.25,0.273175,0.3529372988474804
0.35000000000000003,0.375,1885.625,0.2778875,0.34988971825281157
0.375,0.375,1906.25,0.281875,0.3473433298833102
0.4,0.375,1923.125,0.2851375,0.34528186646435355
0.42500000000000004,0.375,1936.25,0.287675,0.34369209990301525
0.45,0.375,1945.625,0.2894875,0.3425638064383523
0.47500000000000003,0.375,1951.25,0.29057499999999997,0.34188972330363016
0.5,0.375,1953.125,0.2909375,0.3416655101770497
0.525,0.375,1951.25,0.29057499999999997,0.34188972330363016
0.55,0.375,1945.625,0.2894875,0.3425638064383523
0.5750000000000001,0.375,1936.25,0.287675,0.34369209990301525
0.6000000000000001,0.375,1923.125,0.2851375,0.34528186646435355
0.625,0.375,1906.25,0.281875,0.3473433298833102
0.65,0.375,1885.625,0.27788749999999995,0.34988971825281145
0.675,0.375,1861.25,0.273175,0.3529372988474804
0.7000000000000001,0.375,1833.125,0.26773749999999996,0.3565053830078583
0.7250000000000001,0.375,1801.25,0.26157499999999995,0.36061626679905456
0.75,0.375,1765.625,0.25468749999999996,0.3652950529699885
0.775,0.375,1726.25,0.247075,0.3705692674089839
0.8,0.375,1683.125,0.2387375,0.37646813098374576
0.8250000000000001,0.375,1636.25,0.229675,0.38302126192402064
0.8500000000000001,0.375,1585.6249999999998,0.21988749999999996,0.39025644128665954
0.875,0.375,1531.25,0.209375,0.39819583266137054
0.9,0.375,1473.125,0.19813749999999997,0.406849630568236
0.925,0.375,1411.25,0.18617499999999998,0.4162053761269881
0.9500000000000001,0.375,1345.6249999999998,0.17348749999999996,0.4262098449861424
0.9750000000000001,0.375,1276.2499999999998,0.16007499999999997,0.4367379229869487
1.0,0.375,1203.125,0.1459375,0.44753807691713016
0.0,0.4,1220.0,0.1492,0.44509025001021024
0.025,0.4,1293.125,0.16333750000000002,0.4341917947330902
0.05,0.4,1362.5,0.17675,0.42363523931923147
0.07500000000000001,0.4,1428.125,0.1894375,0.4136426484101995
0.1,0.4,1490.0,0.20139999999999997,0.4043215301529074
0.125,0.4,1548.125,0.21263749999999998,0.3957144067410912
0.15000000000000002,0.4,1602.5000000000002,0.22315000000000002,0.3878271564682554
0.17500000000000002,0.4,1653.125,0.23293750000000002,0.3806455163520315
0.2,0.4,1700.0,0.242,0.3741448107836706
0.225,0.4,1743.125,0.2503375,0.3682957227533813
0.25,0.4,1782.5,0.25794999999999996,0.3630677148261771
0.275,0.4,1818.125,0.2648375,0.35843103752959315
0.30000000000000004,0.4,1850.0,0.271,0.35435788264847773
0.325,0.4,1878.125,0.2764375,0.35082301821483836
0.35000000000000003,0.4,1902.5,0.28115,0.34780411134696515
0.375,0.4,1923.125,0.2851375,0.34528186646435355
0.4,0.4,1940.0,0.2884,0.3432400583912694
0.42500000000000004,0.4,1953.125,0.2909375,0.3416655101770497
0.45,0.4,1962.5,0.29275,0.3405480469080193
0.47500000000000003,0.4,1968.125,0.2938375,0.3398804450665788
0.5,0.4,1970.0,0.29419999999999996,0.33965838949039207
0.525,0.4,1968.125,0.2938375,0.3398804450665788
0.55,0.4,1962.5,0.29275,0.3405480469080193
0.5750000000000001,0.4,1953.125,0.2909375,0.3416655101770497
0.6000000000000001,0.4,1940.0,0.2884,0.3432400583912694
0.625,0.4,1923.125,0.2851375,0.34528186646435355
0.65,0.4,1902.5,0.28115,0.34780411134696515
0.675,0.4,1878.125,0.2764375,0.35082301821483836
0.7000000000000001,0.4,1849.9999999999998,0.27099999999999996,0.35435788264847773
0.7250000000000001,0.4,1818.1249999999998,0.26483749999999995,0.3584310375295931
0.75,0.4,1782.5,0.25794999999999996,0.3630677148261771
0.775,0.4,1743.125,0.2503375,0.3682957227533813
0.8,0.4,1700.0,0.24199999999999997,0.3741448107836706
0.8250000000000001,0.4,1653.125,0.23293749999999996,0.38064551635203137
0.8500000000000001,0.4,1602.4999999999998,0.22314999999999996,0.3878271564682555
0.875,0.4,1548.125,0.21263749999999998,0.3957144067410912
0.9,0.4,1490.0,0.20139999999999997,0.4043215301529074
0.925,0.4,1428.125,0.18943749999999998,0.4136426484101995
0.9500000000000001,0.4,1362.4999999999998,0.17674999999999996,0.4236352393192315
0.9750000000000001,0.4,1293.1249999999998,0.16333749999999994,0.43419179473309016
1.0,0.4,1220.0,0.1492,0.44509025001021024
0.0,0.42500000000000004,1233.125,0.1517375,0.4431650184988452
0.025,0.42500000000000004,1306.25,0.16587500000000002,0.4322031665150461
0.05,0.42500000000000004,1375.625,0.1792875,0.42163267626824946
0.07500000000000001,0.42500000000000004,1441.25,0.191975,0.4116545567253859
0.1,0.42500000000000004,1503.125,0.2039375,0.4023637255301646
0.125,0.42500000000000004,1561.25,0.215175,0.3937950533946838
0.15000000000000002,0.42500000000000004,1615.625,0.2256875,0.38594972089093144
0.17500000000000002,0.42500000000000004,1666.2500000000002,0.23547500000000002,0.3788105694929423
0.2,0.42500000000000004,1713.1250000000002,0.24453750000000002,0.3723511449187815
0.225,0.42500000000000004,1756.25,0.25287499999999996,0.3665410514750853
0.25,0.42500000000000004,1795.625,0.2604875,0.3613491146285248
0.275,0.42500000000000004,1831.25,0.26737500000000003,0.35674522664095165
0.30000000000000004,0.42500000000000004,1863.125,0.2735375,0.35270139597118116
0.325,0.42500000000000004,1891.25,0.278975,0.3491923152082099
0.35000000000000003,0.42500000000000004,1915.6250000000002,0.28368750000000004,0.34619564024906435
0.375,0.42500000000000004,1936.25,0.287675,0.34369209990301525
0.4,0.42500000000000004,1953.125,0.2909375,0.3416655101770497
0.42500000000000004,0.42500000000000004,1966.25,0.293475,0.34010273971752736
0.45,0.42500000000000004,1975.625,0.2952875,0.338993655526794
0.47500000000000003,0.42500000000000004,1981.25,0.296375,0.3383310671215338
0.5,0.42500000000000004,1983.125,0.2967375,0.33811068030130015
0.525,0.42500000000000004,1981.25,0.296375,0.3383310671215338
0.55,0.42500000000000004,1975.625,0.2952875,0.338993655526794
0.5750000000000001,0.42500000000000004,1966.25,0.293475,0.34010273971752736
0.6000000000000001,0.42500000000000004,1953.125,0.2909375,0.3416655101770497
0.625,0.42500000000000004,1936.25,0.287675,0.34369209990301525
0.65,0.42500000000000004,1915.625,0.2836875,0.3461956402490643
0.675,0.42500000000000004,1891.25,0.278975,0.3491923152082099
0.7000000000000001,0.42500000000000004,1863.125,0.2735375,0.35270139597118116
0.7250000000000001,0.42500000000000004,1831.25,0.267375,0.3567452266409516
0.75,0.42500000000000004,1795.625,0.2604875,0.3613491146285248
0.775,0.42500000000000004,1756.25,0.25287499999999996,0.3665410514750853
0.8,0.42500000000000004,1713.125,0.2445375,0.3723511449187816
0.8250000000000001,0.42500000000000004,1666.25,0.235475,0.37881056949294234
0.8500000000000001,0.42500000000000004,1615.6249999999998,0.22568749999999996,0.3859497208909314
0.875,0.42500000000000004,1561.25,0.215175,0.3937950533946838
0.9,0.42500000000000004,1503.125,0.2039375,0.4023637255301646
0.925,0.42500000000000004,1441.25,0.19197499999999998,0.41165455672538587
0.9500000000000001,0.42500000000000004,1375.6249999999998,0.17928749999999996,0.4216326762682496
0.9750000000000001,0.42500000000000004,1306.2499999999998,0.16587499999999997,0.43220316651504603
1.0,0.42500000000000004,1233.125,0.1517375,0.4431650184988452
0.0,0.45,1242.5,0.15355,0.4417798935129686
0.025,0.45,1315.625,0.1676875,0.4307792445421545
0.05,0.45,1385.0,0.18109999999999998,0.42020287793629835
0.07500000000000001,0.45,1450.625,0.1937875,0.41023768733002386
0.1,0.45,1512.5,0.20575,0.4009701456294881
0.125,0.45,1570.625,0.2169875,0.3924299932872564
0.15000000000000002,0.45,1625.0,0.22749999999999998,0.3846152652679202
0.17500000000000002,0.45,1675.625,0.2372875,0.3775068691521291
0.2,0.45,1722.5,0.24634999999999999,0.3710771677726668
0.225,0.45,1765.625,0.25468749999999996,0.3652950529699885
0.25,0.45,1805.0,0.2623,0.3601289340948892
0.275,0.45,1840.625,0.2691875,0.35554847395602784
0.30000000000000004,0.45,1872.5,0.27535,0.35152556819374164
0.325,0.45,1900.625,0.28078749999999997,0.3480348680249604
0.35000000000000003,0.45,1925.0,0.28550000000000003,0.3450540300162411
0.375,0.45,1945.625,0.2894875,0.3425638064383523
0.4,0.45,1962.5,0.29275,0.3405480469080193
0.42500000000000004,0.45,1975.625,0.2952875,0.338993655526794
0.45,0.45,1985.0,0.2971,0.3378905311787489
0.47500000000000003,0.45,1990.625,0.2981875,0.33723150821494363
0.5,0.45,1992.5,0.29855,0.33701230809505894
0.525,0.45,1990.625,0.2981875,0.33723150821494363
0.55,0.45,1985.0,0.2971,0.3378905311787489
0.5750000000000001,0.45,1975.625,0.2952875,0.338993655526794
0.6000000000000001,0.45,1962.5,0.29275,0.3405480469080193
0.625,0.45,1945.625,0.2894875,0.3425638064383523
0.65,0.45,1925.0,0.2855,0.345054030016241
0.675,0.45,1900.625,0.28078749999999997,0.3480348680249604
0.7000000000000001,0.45,1872.5,0.27535,0.35152556819374164
0.7250000000000001,0.45,1840.625,0.26918749999999997,0.35554847395602773
0.75,0.45,1805.0,0.2623,0.3601289340948892
0.775,0.45,1765.625,0.25468749999999996,0.3652950529699885
0.8,0.45,1722.5,0.24634999999999999,0.3710771677726668
0.8250000000000001,0.45,1675.625,0.23728749999999998,0.37750686915212905
0.8500000000000001,0.45,1624.9999999999998,0.22749999999999995,0.3846152652679203
0.875,0.45,1570.625,0.2169875,0.3924299932872564
0.9,0.45,1512.5,0.20575,0.4009701456294881
0.925,0.45,1450.625,0.19378749999999997,0.41023768733002375
0.9500000000000001,0.45,1384.9999999999998,0.18109999999999996,0.42020287793629835
0.9750000000000001,0.45,1315.6249999999998,0.16768749999999996,0.43077924454215455
1.0,0.45,1242.5,0.15355,0.4417798935129686
0.0,0.47500000000000003,1248.125,0.1546375,0.4409452326597002
0.025,0.47500000000000003,1321.25,0.16877500000000004,0.4299237634680203
0.05,0.47500000000000003,1390.625,0.1821875,0.4193454150984328
0.07500000000000001,0.47500000000000003,1456.25,0.19487500000000002,0.40938896201115443
0.1,0.47500000000000003,1518.125,0.20683749999999998,0.4001360183447493
0.125,0.47500000000000003,1576.25,0.218075,0.39161337370949245
0.15000000000000002,0.47500000000000003,1630.625,0.2285875,0.38381725555168317
0.17500000000000002,0.47500000000000003,1681.2500000000002,0.23837500000000003,0.3767274622646631
0.2,0.47500000000000003,1728.125,0.24743749999999998,0.37031568031640133
0.225,0.47500000000000003,1771.2499999999998,0.255775,0.36455039617480234
0.25,0.47500000000000003,1810.625,0.2633875,0.3593997843630165
0.275,0.47500000000000003,1846.25,0.270275,0.35483338009284454
0.30000000000000004,0.47500000000000003,1878.125,0.2764375,0.35082301821483836
0.325,0.47500000000000003,1906.25,0.281875,0.3473433298833102
0.35000000000000003,0.47500000000000003,1930.625,0.2865875,0.34437197536635095
0.375,0.47500000000000003,1951.25,0.29057499999999997,0.34188972330363016
0.4,0.47500000000000003,1968.125,0.2938375,0.3398804450665788
0.42500000000000004,0.47500000000000003,1981.25,0.296375,0.3383310671215338
0.45,0.47500000000000003,1990.625,0.2981875,0.33723150821494363
0.47500000000000003,0.47500000000000003,1996.25,0.299275,0.33657461806556677
0.5,0.47500000000000003,1998.125,0.2996375,0.33635612778811
0.525,0.47500000000000003,1996.25,0.299275,0.33657461806556677
0.55,0.47500000000000003,1990.625,0.2981875,0.33723150821494363
0.5750000000000001,0.47500000000000003,1981.25,0.29637499999999994,0.33833106712153377
0.6000000000000001,0.47500000000000003,1968.125,0.2938375,0.3398804450665788
0.625,0.47500000000000003,1951.25,0.29057499999999997,0.34188972330363016
0.65,0.47500000000000003,1930.625,0.2865875,0.34437197536635095
0.675,0.47500000000000003,1906.25,0.281875,0.3473433298833102
0.7000000000000001,0.47500000000000003,1878.125,0.2764375,0.35082301821483836
0.7250000000000001,0.47500000000000003,1846.25,0.270275,0.35483338009284454
0.75,0.47500000000000003,1810.625,0.2633875,0.3593997843630165
0.775,0.47500000000000003,1771.2499999999998,0.255775,0.36455039617480234
0.8,0.47500000000000003,1728.125,0.24743749999999998,0.37031568031640133
0.8250000000000001,0.47500000000000003,1681.2499999999998,0.23837499999999995,0.37672746226466314
0.8500000000000001,0.47500000000000003,1630.6249999999998,0.22858749999999997,0.38381725555168333
0.875,0.47500000000000003,1576.25,0.218075,0.39161337370949245
0.9,0.47500000000000003,1518.125,0.20683749999999998,0.4001360183447493
0.925,0.47500000000000003,1456.25,0.194875,0.4093889620111544
0.9500000000000001,0.47500000000000003,1390.625,0.18218749999999997,0.41934541509843276
0.9750000000000001,0.47500000000000003,1321.2499999999998,0.16877499999999995,0.4299237634680203
1.0,0.47500000000000003,1248.125,0.1546375,0.4409452326597002
0.0,0.5,1250.0,0.155,0.44066645284313855
0.025,0.5,1323.125,0.16913750000000002,0.4296384401562476
0.05,0.5,1392.5,0.18255,0.4190596802161619
0.07500000000000001,0.5,1458.125,0.1952375,0.40910629754668243
0.1,0.5,1520.0,0.20719999999999997,0.3998583202954151
0.125,0.5,1578.125,0.2184375,0.3913415750344219
0.15000000000000002,0.5,1632.5,0.22895,0.3835516996170874
0.17500000000000002,0.5,1683.125,0.23873750000000002,0.37646813098374576
0.2,0.5,1730.0,0.24780000000000002,0.37006233554791507
0.225,0.5,1773.125,0.25613749999999996,0.3643026682319419
0.25,0.5,1812.5,0.26375,0.3591572276855699
0.275,0.5,1848.125,0.27063750000000003,0.3545955082188537
0.30000000000000004,0.5,1880.0,0.2768,0.35058932553557853
0.325,0.5,1908.125,0.2822375,0.3471133048722856
0.35000000000000003,0.5,1932.5,0.28695,0.3441451082641059
0.375,0.5,1953.125,0.2909375,0.3416655101770497
0.4,0.5,1970.0,0.29419999999999996,0.33965838949039207
0.42500000000000004,0.5,1983.125,0.2967375,0.33811068030130015
0.45,0.5,1992.5,0.29855,0.33701230809505894
0.47500000000000003,0.5,1998.125,0.2996375,0.33635612778811
0.5,0.5,2000.0,0.3,0.336137873755118
0.525,0.5,1998.125,0.2996375,0.33635612778811
0.55,0.5,1992.5,0.29855,0.33701230809505894
0.5750000000000001,0.5,1983.125,0.2967375,0.33811068030130015
0.6000000000000001,0.5,1970.0,0.29419999999999996,0.33965838949039207
0.625,0.5,1953.125,0.2909375,0.3416655101770497
0.65,0.5,1932.5,0.28695,0.3441451082641059
0.675,0.5,1908.125,0.2822375,0.3471133048722856
0.7000000000000001,0.5,1880.0,0.2768,0.35058932553557853
0.7250000000000001,0.5,1848.125,0.2706375,0.35459550821885366
0.75,0.5,1812.5,0.26375,0.3591572276855699
0.775,0.5,1773.125,0.25613749999999996,0.3643026682319419
0.8,0.5,1730.0,0.24779999999999996,0.370062335547915
0.8250000000000001,0.5,1683.125,0.2387375,0.37646813098374576
0.8500000000000001,0.5,1632.4999999999998,0.22894999999999996,0.38355169961708746
0.875,0.5,1578.125,0.2184375,0.3913415750344219
0.9,0.5,1520.0,0.20719999999999997,0.3998583202954151
0.925,0.5,1458.125,0.19523749999999998,0.4091062975466824
0.9500000000000001,0.5,1392.4999999999998,0.18254999999999996,0.419059680216162
0.9750000000000001,0.5,1323.1249999999998,0.16913749999999994,0.4296384401562475
1.0,0.5,1250.0,0.155,0.44066645284313855
0.0,0.525,1248.125,0.1546375,0.4409452326597002
0.025,0.525,1321.25,0.16877499999999998,0.42992376346802014
0.05,0.525,1390.625,0.1821875,0.4193454150984328
0.07500000000000001,0.525,1456.25,0.194875,0.4093889620111544
0.1,0.525,1518.125,0.20683749999999998,0.4001360183447493
0.125,0.525,1576.25,0.218075,0.39161337370949245
0.15000000000000002,0.525,1630.625,0.2285875,0.38381725555168317
0.17500000000000002,0.525,1681.2500000000002,0.23837500000000003,0.3767274622646631
0.2,0.525,1728.125,0.24743749999999998,0.37031568031640133
0.225,0.525,1771.2499999999998,0.255775,0.36455039617480234
0.25,0.525,1810.625,0.2633875,0.3593997843630165
0.275,0.525,1846.25,0.270275,0.35483338009284454
0.30000000000000004,0.525,1878.125,0.2764375,0.35082301821483836
0.325,0.525,1906.25,0.281875,0.3473433298833102
0.35000000000000003,0.525,1930.625,0.2865875,0.34437197536635095
0.375,0.525,1951.25,0.29057499999999997,0.34188972330363016
0.4,0.525,1968.125,0.2938375,0.3398804450665788
0.42500000000000004,0.525,1981.25,0.296375,0.3383310671215338
0.45,0.525,1990.625,0.2981875,0.33723150821494363
0.47500000000000003,0.525,1996.25,0.299275,0.33657461806556677
0.5,0.525,1998.125,0.2996375,0.33635612778811
0.525,0.525,1996.25,0.29927499999999996,0.3365746180655667
0.55,0.525,1990.625,0.2981875,0.33723150821494363
0.5750000000000001,0.525,1981.25,0.29637499999999994,0.33833106712153377
0.6000000000000001,0.525,1968.125,0.2938375,0.3398804450665788
0.625,0.525,1951.25,0.29057499999999997,0.34188972330363016
0.65,0.525,1930.625,0.2865875,0.34437197536635095
0.675,0.525,1906.25,0.281875,0.3473433298833102
0.7000000000000001,0.525,1878.125,0.2764375,0.35082301821483836
0.7250000000000001,0.525,1846.25,0.270275,0.35483338009284454
0.75,0.525,1810.625,0.2633875,0.3593997843630165
0.775,0.525,1771.2499999999998,0.255775,0.36455039617480234
0.8,0.525,1728.125,0.24743749999999998,0.37031568031640133
0.8250000000000001,0.525,1681.2499999999998,0.23837499999999995,0.37672746226466314
0.8500000000000001,0.525,1630.6249999999998,0.22858749999999997,0.38381725555168333
0.875,0.525,1576.25,0.218075,0.39161337370949245
0.9,0.525,1518.125,0.20683749999999998,0.4001360183447493
0.925,0.525,1456.25,0.194875,0.4093889620111544
0.9500000000000001,0.525,1390.6249999999995,0.18218749999999992,0.4193454150984328
0.9750000000000001,0.525,1321.2499999999998,0.16877499999999995,0.4299237634680203
1.0,0.525,1248.125,0.1546375,0.4409452326597002
0.0,0.55,1242.5,0.15355,0.4417798935129686
0.025,0.55,1315.625,0.1676875,0.4307792445421545
0.05,0.55,1385.0,0.18109999999999998,0.42020287793629835
0.07500000000000001,0.55,1450.625,0.1937875,0.41023768733002386
0.1,0.55,1512.5,0.20575,0.4009701456294881
0.125,0.55,1570.625,0.2169875,0.3924299932872564
0.15000000000000002,0.55,1625.0,0.22749999999999998,0.3846152652679202
0.17500000000000002,0.55,1675.625,0.2372875,0.3775068691521291
0.2,0.55,1722.5,0.24634999999999999,0.3710771677726668
0.225,0.55,1765.625,0.25468749999999996,0.3652950529699885
0.25,0.55,1805.0,0.2623,0.3601289340948892
0.275,0.55,1840.625,0.2691875,0.35554847395602784
0.30000000000000004,0.55,1872.5,0.27535,0.35152556819374164
0.325,0.55,1900.625,0.28078749999999997,0.3480348680249604
0.35000000000000003,0.55,1925.0,0.2855,0.345054030016241
0.375,0.55,1945.625,0.2894875,0.3425638064383523
0.4,0.55,1962.5,0.29275,0.3405480469080193
0.42500000000000004,0.55,1975.625,0.2952875,0.338993655526794
0.45,0.55,1985.0,0.2971,0.3378905311787489
0.47500000000000003,0.55,1990.625,0.2981875,0.33723150821494363
0.5,0.55,1992.5,0.29855,0.33701230809505894
0.525,0.55,1990.625,0.2981875,0.33723150821494363
0.55,0.55,1985.0,0.2971,0.3378905311787489
0.5750000000000001,0.55,1975.625,0.2952875,0.338993655526794
0.6000000000000001,0.55,1962.5,0.29275,0.3405480469080193
0.625,0.55,1945.625,0.2894875,0.3425638064383523
0.65,0.55,1925.0,0.2855,0.345054030016241
0.675,0.55,1900.625,0.28078749999999997,0.3480348680249604
0.7000000000000001,0.55,1872.5,0.27535,0.35152556819374164
0.7250000000000001,0.55,1840.625,0.26918749999999997,0.35554847395602773
0.75,0.55,1805.0,0.2623,0.3601289340948892
0.775,0.55,1765.625,0.25468749999999996,0.3652950529699885
0.8,0.55,1722.5,0.24634999999999999,0.3710771677726668
0.8250000000000001,0.55,1675.625,0.23728749999999998,0.37750686915212905
0.8500000000000001,0.55,1624.9999999999998,0.22749999999999992,0.3846152652679202
0.875,0.55,1570.625,0.2169875,0.3924299932872564
0.9,0.55,1512.5,0.20575,0.4009701456294881
0.925,0.55,1450.625,0.19378749999999997,0.41023768733002375
0.9500000000000001,0.55,1384.9999999999998,0.18109999999999996,0.42020287793629835
0.9750000000000001,0.55,1315.6249999999998,0.16768749999999996,0.43077924454215455
1.0,0.55,1242.5,0.15355,0.4417798935129686
0.0,0.5750000000000001,1233.125,0.1517375,0.4431650184988452
0.025,0.5750000000000001,1306.25,0.165875,0.432203166515046
0.05,0.5750000000000001,1375.625,0.1792875,0.42163267626824946
0.07500000000000001,0.5750000000000001,1441.25,0.19197499999999998,0.41165455672538587
0.1,0.5750000000000001,1503.125,0.2039375,0.4023637255301646
0.125,0.5750000000000001,1561.25,0.215175,0.3937950533946838
0.15000000000000002,0.5750000000000001,1615.625,0.2256875,0.38594972089093144
0.17500000000000002,0.5750000000000001,1666.2500000000002,0.23547500000000002,0.3788105694929423
0.2,0.5750000000000001,1713.125,0.2445375,0.3723511449187816
0.225,0.5750000000000001,1756.2499999999998,0.25287499999999996,0.36654105147508537
0.25,0.5750000000000001,1795.625,0.2604875,0.3613491146285248
0.275,0.5750000000000001,1831.25,0.267375,0.3567452266409516
0.30000000000000004,0.5750000000000001,1863.125,0.2735375,0.35270139597118116
0.325,0.5750000000000001,1891.25,0.278975,0.3491923152082099
0.35000000000000003,0.5750000000000001,1915.625,0.2836875,0.3461956402490643
0.375,0.5750000000000001,1936.25,0.287675,0.34369209990301525
0.4,0.5750000000000001,1953.125,0.2909375,0.3416655101770497
0.42500000000000004,0.5750000000000001,1966.25,0.293475,0.34010273971752736
0.45,0.5750000000000001,1975.625,0.2952875,0.338993655526794
0.47500000000000003,0.5750000000000001,1981.25,0.29637499999999994,0.33833106712153377
0.5,0.5750000000000001,1983.125,0.2967375,0.33811068030130015
0.525,0.5750000000000001,1981.25,0.29637499999999994,0.33833106712153377
0.55,0.5750000000000001,1975.625,0.2952875,0.338993655526794
0.5750000000000001,0.5750000000000001,1966.25,0.293475,0.34010273971752736
0.6000000000000001,0.5750000000000001,1953.125,0.2909375,0.3416655101770497
0.625,0.5750000000000001,1936.25,0.287675,0.34369209990301525
0.65,0.5750000000000001,1915.625,0.2836875,0.3461956402490643
0.675,0.5750000000000001,1891.25,0.278975,0.3491923152082099
0.7000000000000001,0.5750000000000001,1863.125,0.2735375,0.35270139597118116
0.7250000000000001,0.5750000000000001,1831.25,0.267375,0.3567452266409516
0.75,0.5750000000000001,1795.625,0.2604875,0.3613491146285248
0.775,0.5750000000000001,1756.2499999999998,0.25287499999999996,0.36654105147508537
0.8,0.5750000000000001,1713.125,0.2445375,0.3723511449187816
0.8250000000000001,0.5750000000000001,1666.2499999999998,0.23547499999999996,0.3788105694929424
0.8500000000000001,0.5750000000000001,1615.6249999999998,0.22568749999999996,0.3859497208909314
0.875,0.5750000000000001,1561.25,0.215175,0.3937950533946838
0.9,0.5750000000000001,1503.125,0.2039375,0.4023637255301646
0.925,0.5750000000000001,1441.25,0.19197499999999998,0.41165455672538587
0.9500000000000001,0.5750000000000001,1375.6249999999995,0.17928749999999993,0.4216326762682496
0.9750000000000001,0.5750000000000001,1306.2499999999998,0.16587499999999997,0.43220316651504603
1.0,0.5750000000000001,1233.125,0.1517375,0.4431650184988452
0.0,0.6000000000000001,1220.0,0.1492,0.44509025001021024
0.025,0.6000000000000001,1293.125,0.16333750000000002,0.4341917947330902
0.05,0.6000000000000001,1362.5,0.17675,0.42363523931923147
0.07500000000000001,0.6000000000000001,1428.125,0.1894375,0.4136426484101995
0.1,0.6000000000000001,1490.0,0.20139999999999997,0.4043215301529074
0.125,0.6000000000000001,1548.125,0.21263749999999998,0.3957144067410912
0.15000000000000002,0.6000000000000001,1602.5,0.22315,0.38782715646825544
0.17500000000000002,0.6000000000000001,1653.125,0.23293750000000002,0.3806455163520315
0.2,0.6000000000000001,1700.0,0.24199999999999997,0.3741448107836706
0.225,0.6000000000000001,1743.1249999999998,0.25033749999999994,0.3682957227533813
0.25,0.6000000000000001,1782.5,0.25794999999999996,0.3630677148261771
0.275,0.6000000000000001,1818.125,0.2648375,0.35843103752959315
0.30000000000000004,0.6000000000000001,1850.0,0.271,0.35435788264847773
0.325,0.6000000000000001,1878.125,0.2764375,0.35082301821483836
0.35000000000000003,0.6000000000000001,1902.5,0.28114999999999996,0.3478041113469651
0.375,0.6000000000000001,1923.125,0.2851375,0.34528186646435355
0.4,0.6000000000000001,1940.0,0.2884,0.3432400583912694
0.42500000000000004,0.6000000000000001,1953.125,0.2909375,0.3416655101770497
0.45,0.6000000000000001,1962.5,0.29275,0.3405480469080193
0.47500000000000003,0.6000000000000001,1968.125,0.2938375,0.3398804450665788
0.5,0.6000000000000001,1970.0,0.29419999999999996,0.33965838949039207
0.525,0.6000000000000001,1968.125,0.2938375,0.3398804450665788
0.55,0.6000000000000001,1962.5,0.29275,0.3405480469080193
0.5750000000000001,0.6000000000000001,1953.125,0.2909375,0.3416655101770497
0.6000000000000001,0.6000000000000001,1940.0,0.2884,0.3432400583912694
0.625,0.6000000000000001,1923.125,0.2851375,0.34528186646435355
0.65,0.6000000000000001,1902.5,0.28114999999999996,0.3478041113469651
0.675,0.6000000000000001,1878.125,0.2764375,0.35082301821483836
0.7000000000000001,0.6000000000000001,1849.9999999999998,0.27099999999999996,0.35435788264847773
0.7250000000000001,0.6000000000000001,1818.1249999999998,0.26483749999999995,0.3584310375295931
0.75,0.6000000000000001,1782.5,0.25794999999999996,0.3630677148261771
0.775,0.6000000000000001,1743.1249999999998,0.25033749999999994,0.3682957227533813
0.8,0.6000000000000001,1700.0,0.24199999999999997,0.3741448107836706
0.8250000000000001,0.6000000000000001,1653.1249999999998,0.23293749999999994,0.3806455163520315
0.8500000000000001,0.6000000000000001,1602.4999999999998,0.22314999999999996,0.3878271564682555
0.875,0.6000000000000001,1548.125,0.21263749999999998,0.3957144067410912
0.9,0.6000000000000001,1490.0,0.20139999999999997,0.4043215301529074
0.925,0.6000000000000001,1428.125,0.18943749999999998,0.4136426484101995
0.9500000000000001,0.6000000000000001,1362.4999999999998,0.17674999999999996,0.4236352393192315
0.9750000000000001,0.6000000000000001,1293.1249999999998,0.16333749999999994,0.43419179473309016
1.0,0.6000000000000001,1220.0,0.1492,0.44509025001021024
0.0,0.625,1203.125,0.1459375,0.44753807691713016
0.025,0.625,1276.25,0.16007500000000002,0.4367379229869487
0.05,0.625,1345.625,0.1734875,0.42620984498614234
0.07500000000000001,0.625,1411.25,0.186175,0.41620537612698816
0.1,0.625,1473.125,0.19813749999999997,0.406849630568236
0.125,0.625,1531.25,0.209375,0.39819583266137054
0.15000000000000002,0.625,1585.625,0.21988749999999999,0.3902564412866595
0.17500000000000002,0.625,1636.25,0.22967500000000002,0.3830212619240207
0.2,0.625,1683.125,0.23873750000000002,0.37646813098374576
0.225,0.625,1726.25,0.247075,0.3705692674089839
0.25,0.625,1765.625,0.25468749999999996,0.3652950529699885
0.275,0.625,1801.25,0.261575,0.3606162667990547
0.30000000000000004,0.625,1833.125,0.2677375,0.35650538300785833
0.325,0.625,1861.25,0.273175,0.3529372988474804
0.35000000000000003,0.625,1885.625,0.2778875,0.34988971825281157
0.375,0.625,1906.25,0.281875,0.3473433298833102
0.4,0.625,1923.125,0.2851375,0.34528186646435355
0.42500000000000004,0.625,1936.25,0.287675,0.34369209990301525
0.45,0.625,1945.625,0.2894875,0.3425638064383523
0.47500000000000003,0.625,1951.25,0.29057499999999997,0.34188972330363016
0.5,0.625,1953.125,0.2909375,0.3416655101770497
0.525,0.625,1951.25,0.29057499999999997,0.34188972330363016
0.55,0.625,1945.625,0.2894875,0.3425638064383523
0.5750000000000001,0.625,1936.25,0.287675,0.34369209990301525
0.6000000000000001,0.625,1923.125,0.2851375,0.34528186646435355
0.625,0.625,1906.25,0.281875,0.3473433298833102
0.65,0.625,1885.625,0.27788749999999995,0.34988971825281145
0.675,0.625,1861.25,0.273175,0.3529372988474804
0.7000000000000001,0.625,1833.125,0.26773749999999996,0.3565053830078583
0.7250000000000001,0.625,1801.25,0.26157499999999995,0.36061626679905456
0.75,0.625,1765.625,0.25468749999999996,0.3652950529699885
0.775,0.625,1726.25,0.247075,0.3705692674089839
0.8,0.625,1683.125,0.2387375,0.37646813098374576
0.8250000000000001,0.625,1636.25,0.229675,0.38302126192402064
0.8500000000000001,0.625,1585.6249999999998,0.21988749999999996,0.39025644128665954
0.875,0.625,1531.25,0.209375,0.39819583266137054
0.9,0.625,1473.125,0.19813749999999997,0.406849630568236
0.925,0.625,1411.25,0.18617499999999998,0.4162053761269881
0.9500000000000001,0.625,1345.6249999999998,0.17348749999999996,0.4262098449861424
0.9750000000000001,0.625,1276.2499999999998,0.16007499999999997,0.4367379229869487
1.0,0.625,1203.125,0.1459375,0.44753807691713016
0.0,0.65,1182.5,0.14195,0.4504802528149605
0.025,0.65,1255.625,0.15608750000000002,0.4398285208910197
0.05,0.65,1325.0,0.16949999999999998,0.4293530421334455
0.07500000000000001,0.65,1390.625,0.1821875,0.4193454150984328
0.1,0.65,1452.5,0.19414999999999996,0.4099546587463005
0.125,0.65,1510.625,0.20538749999999997,0.4012485282649099
0.15000000000000002,0.65,1565.0,0.21589999999999998,0.39324843045467167
0.17500000000000002,0.65,1615.625,0.2256875,0.38594972089093144
0.2,0.65,1662.5,0.23475,0.3793336820196842
0.225,0.65,1705.625,0.24308749999999998,0.3733746587036853
0.25,0.65,1745.0,0.2507,0.368044323077899
0.275,0.65,1780.625,0.25758749999999997,0.36331421373760187
0.30000000000000004,0.65,1812.5,0.26375,0.3591572276855699
0.325,0.65,1840.625,0.2691875,0.35554847395602784
0.35000000000000003,0.65,1865.0,0.2739,0.35246573895909455
0.375,0.65,1885.625,0.27788749999999995,0.34988971825281145
0.4,0.65,1902.5,0.28115,0.34780411134696515
0.42500000000000004,0.65,1915.625,0.2836875,0.3461956402490643
0.45,0.65,1925.0,0.2855,0.345054030016241
0.47500000000000003,0.65,1930.625,0.2865875,0.34437197536635095
0.5,0.65,1932.5,0.28695,0.3441451082641059
0.525,0.65,1930.625,0.2865875,0.34437197536635095
0.55,0.65,1925.0,0.2855,0.345054030016241
0.5750000000000001,0.65,1915.625,0.2836875,0.3461956402490643
0.6000000000000001,0.65,1902.5,0.28114999999999996,0.3478041113469651
0.625,0.65,1885.625,0.27788749999999995,0.34988971825281145
0.65,0.65,1864.9999999999998,0.2739,0.3524657389590946
0.675,0.65,1840.625,0.26918749999999997,0.35554847395602773
0.7000000000000001,0.65,1812.5,0.26375,0.3591572276855699
0.7250000000000001,0.65,1780.6249999999998,0.25758749999999997,0.3633142137376019
0.75,0.65,1745.0,0.2507,0.368044323077899
0.775,0.65,1705.625,0.24308749999999998,0.3733746587036853
0.8,0.65,1662.4999999999998,0.23474999999999996,0.3793336820196842
0.8250000000000001,0.65,1615.6249999999998,0.22568749999999996,0.3859497208909314
0.8500000000000001,0.65,1564.9999999999998,0.21589999999999995,0.3932484304546717
0.875,0.65,1510.625,0.20538749999999997,0.4012485282649099
0.9,0.65,1452.5,0.19414999999999996,0.4099546587463005
0.925,0.65,1390.625,0.18218749999999997,0.41934541509843276
0.9500000000000001,0.65,1324.9999999999998,0.16949999999999996,0.42935304213344555
0.9750000000000001,0.65,1255.6249999999995,0.15608749999999993,0.43982852089101976
1.0,0.65,1182.5,0.14195,0.4504802528149605
0.0,0.675,1158.125,0.13723749999999998,0.45387223982569025
0.025,0.675,1231.25,0.15137499999999998,0.4434410883024172
0.05,0.675,1300.625,0.16478749999999998,0.4330562022013292
0.07500000000000001,0.675,1366.25,0.177475,0.4230630280747184
0.1,0.675,1428.125,0.18943749999999998,0.4136426484101995
0.125,0.675,1486.25,0.200675,0.4048822996301921
0.15000000000000002,0.675,1540.625,0.2111875,0.3968153994085323
0.17500000000000002,0.675,1591.25,0.220975,0.3894447769136049
0.2,0.675,1638.125,0.2300375,0.38275638120956995
0.225,0.675,1681.25,0.23837499999999998,0.3767274622646631
0.25,0.675,1720.625,0.2459875,0.3713314806340372
0.275,0.675,1756.25,0.25287499999999996,0.3665410514750853
0.30000000000000004,0.675,1788.125,0.2590375,0.3623296945192965
0.325,0.675,1816.25,0.26447499999999996,0.3586728542610624
0.35000000000000003,0.675,1840.625,0.2691875,0.35554847395602784
0.375,0.675,1861.25,0.273175,0.3529372988474804
0.4,0.675,1878.125,0.2764375,0.35082301821483836
0.42500000000000004,0.675,1891.25,0.278975,0.3491923152082099
0.45,0.675,1900.625,0.28078749999999997,0.3480348680249604
0.47500000000000003,0.675,1906.25,0.281875,0.3473433298833102
0.5,0.675,1908.125,0.2822375,0.3471133048722856
0.525,0.675,1906.25,0.281875,0.3473433298833102
0.55,0.675,1900.625,0.28078749999999997,0.3480348680249604
0.5750000000000001,0.675,1891.25,0.278975,0.3491923152082099
0.6000000000000001,0.675,1878.125,0.2764375,0.35082301821483836
0.625,0.675,1861.25,0.273175,0.3529372988474804
0.65,0.675,1840.625,0.26918749999999997,0.35554847395602773
0.675,0.675,1816.25,0.26447499999999996,0.3586728542610624
0.7000000000000001,0.675,1788.1249999999998,0.2590375,0.36232969451929653
0.7250000000000001,0.675,1756.2499999999998,0.25287499999999996,0.36654105147508537
0.75,0.675,1720.625,0.2459875,0.3713314806340372
0.775,0.675,1681.25,0.23837499999999998,0.3767274622646631
0.8,0.675,1638.125,0.23003749999999998,0.3827563812095699
0.8250000000000001,0.675,1591.2499999999998,0.22097499999999995,0.3894447769136049
0.8500000000000001,0.675,1540.6249999999998,0.21118749999999994,0.3968153994085322
0.875,0.675,1486.25,0.200675,0.4048822996301921
0.9,0.675,1428.125,0.18943749999999998,0.4136426484101995
0.925,0.675,1366.25,0.17747499999999997,0.42306302807471835
0.9500000000000001,0.675,1300.6249999999998,0.16478749999999995,0.43305620220132923
0.9750000000000001,0.675,1231.2499999999998,0.15137499999999995,0.44344108830241724
1.0,0.675,1158.125,0.13723749999999998,0.45387223982569025
0.0,0.7000000000000001,1130.0,0.13179999999999997,0.4576446863267076
0.025,0.7000000000000001,1203.125,0.1459375,0.44753807691713016
0.05,0.7000000000000001,1272.5,0.15934999999999996,0.4373017711723233
0.07500000000000001,0.7000000000000001,1338.125,0.17203749999999998,0.42735349418352964
0.1,0.7000000000000001,1399.9999999999998,0.18399999999999997,0.4179172426130806
0.125,0.7000000000000001,1458.125,0.19523749999999998,0.4091062975466824
0.15000000000000002,0.7000000000000001,1512.5,0.20575000000000002,0.40097014562948813
0.17500000000000002,0.7000000000000001,1563.125,0.2155375,0.393521642702739
0.2,0.7000000000000001,1610.0,0.2246,0.3867530321113196
0.225,0.7000000000000001,1653.125,0.23293749999999996,0.38064551635203137
0.25,0.7000000000000001,1692.5,0.24054999999999999,0.3751750221270313
0.275,0.7000000000000001,1728.125,0.24743749999999998,0.37031568031640133
0.30000000000000004,0.7000000000000001,1760.0,0.2536,0.3660419171439812
0.325,0.7000000000000001,1788.1249999999998,0.2590375,0.36232969451929653
0.35000000000000003,0.7000000000000001,1812.5,0.26375,0.3591572276855699
0.375,0.7000000000000001,1833.125,0.26773749999999996,0.3565053830078583
0.4,0.7000000000000001,1849.9999999999998,0.27099999999999996,0.35435788264847773
0.42500000000000004,0.7000000000000001,1863.125,0.2735375,0.35270139597118116
0.45,0.7000000000000001,1872.5,0.27535,0.35152556819374164
0.47500000000000003,0.7000000000000001,1878.125,0.2764375,0.35082301821483836
0.5,0.7000000000000001,1880.0,0.2768,0.35058932553557853
0.525,0.7000000000000001,1878.125,0.2764375,0.35082301821483836
0.55,0.7000000000000001,1872.5,0.27535,0.35152556819374164
0.5750000000000001,0.7000000000000001,1863.125,0.2735375,0.35270139597118116
0.6000000000000001,0.7000000000000001,1849.9999999999998,0.27099999999999996,0.35435788264847773
0.625,0.7000000000000001,1833.125,0.26773749999999996,0.3565053830078583
0.65,0.7000000000000001,1812.5,0.26375,0.3591572276855699
0.675,0.7000000000000001,1788.1249999999998,0.2590375,0.36232969451929653
0.7000000000000001,0.7000000000000001,1759.9999999999998,0.25359999999999994,0.3660419171439812
0.7250000000000001,0.7000000000000001,1728.1249999999998,0.24743749999999995,0.3703156803164014
0.75,0.7000000000000001,1692.5,0.24054999999999999,0.3751750221270313
0.775,0.7000000000000001,1653.125,0.23293749999999996,0.38064551635203137
0.8,0.7000000000000001,1609.9999999999998,0.22459999999999997,0.3867530321113196
0.8250000000000001,0.7000000000000001,1563.1249999999998,0.21553749999999997,0.3935216427027391
0.8500000000000001,0.7000000000000001,1512.4999999999998,0.20574999999999993,0.4009701456294881
0.875,0.7000000000000001,1458.125,0.19523749999999998,0.4091062975466824
0.9,0.7000000000000001,1399.9999999999998,0.18399999999999997,0.4179172426130806
0.925,0.7000000000000001,1338.1249999999998,0.17203749999999995,0.42735349418352975
0.9500000000000001,0.7000000000000001,1272.4999999999995,0.15934999999999994,0.43730177117232355
0.9750000000000001,0.7000000000000001,1203.1249999999995,0.14593749999999994,0.4475380769171303
1.0,0.7000000000000001,1130.0,0.13179999999999997,0.4576446863267076
0.0,0.7250000000000001,1098.125,0.12563749999999999,0.4616903159560948
0.025,0.7250000000000001,1171.25,0.13977499999999998,0.45205834314573673
0.05,0.7250000000000001,1240.625,0.15318749999999998,0.4420575333209461
0.07500000000000001,0.7250000000000001,1306.25,0.165875,0.432203166515046
0.1,0.7250000000000001,1368.1249999999998,0.17783749999999995,0.42277693138207184
0.125,0.7250000000000001,1426.25,0.18907499999999997,0.41392705200721236
0.15000000000000002,0.7250000000000001,1480.625,0.19958749999999997,0.4057245735428836
0.17500000000000002,0.7250000000000001,1531.25,0.209375,0.39819583266137054
0.2,0.7250000000000001,1578.125,0.2184375,0.3913415750344219
0.225,0.7250000000000001,1621.2499999999998,0.22677499999999995,0.3851483844689988
0.25,0.7250000000000001,1660.625,0.23438749999999997,0.3795955865117003
0.275,0.7250000000000001,1696.2499999999998,0.24127499999999996,0.37465943997728096
0.30000000000000004,0.7250000000000001,1728.125,0.24743749999999998,0.37031568031640133
0.325,0.7250000000000001,1756.2499999999998,0.25287499999999996,0.36654105147508537
0.35000000000000003,0.7250000000000001,1780.625,0.25758749999999997,0.36331421373760187
0.375,0.7250000000000001,1801.25,0.26157499999999995,0.36061626679905456
0.4,0.7250000000000001,1818.1249999999998,0.26483749999999995,0.3584310375295931
0.42500000000000004,0.7250000000000001,1831.25,0.267375,0.3567452266409516
0.45,0.7250000000000001,1840.625,0.26918749999999997,0.35554847395602773
0.47500000000000003,0.7250000000000001,1846.25,0.270275,0.35483338009284454
0.5,0.7250000000000001,1848.125,0.2706375,0.35459550821885366
0.525,0.7250000000000001,1846.25,0.270275,0.35483338009284454
0.55,0.7250000000000001,1840.625,0.26918749999999997,0.35554847395602773
0.5750000000000001,0.7250000000000001,1831.25,0.267375,0.3567452266409516
0.6000000000000001,0.7250000000000001,1818.1249999999998,0.26483749999999995,0.3584310375295931
0.625,0.7250000000000001,1801.25,0.26157499999999995,0.36061626679905456
0.65,0.7250000000000001,1780.6249999999998,0.25758749999999997,0.3633142137376019
0.675,0.7250000000000001,1756.2499999999998,0.25287499999999996,0.36654105147508537
0.7000000000000001,0.7250000000000001,1728.1249999999998,0.24743749999999995,0.3703156803164014
0.7250000000000001,0.7250000000000001,1696.2499999999998,0.24127499999999996,0.37465943997728096
0.75,0.7250000000000001,1660.625,0.23438749999999997,0.3795955865117003
0.775,0.7250000000000001,1621.2499999999998,0.22677499999999995,0.3851483844689988
0.8,0.7250000000000001,1578.1249999999998,0.21843749999999995,0.3913415750344219
0.8250000000000001,0.7250000000000001,1531.2499999999998,0.20937499999999992,0.39819583266137043
0.8500000000000001,0.7250000000000001,1480.6249999999998,0.19958749999999995,0.4057245735428836
0.875,0.7250000000000001,1426.25,0.18907499999999997,0.41392705200721236
0.9,0.7250000000000001,1368.1249999999998,0.17783749999999995,0.42277693138207184
0.925,0.7250000000000001,1306.2499999999998,0.16587499999999997,0.43220316651504603
0.9500000000000001,0.7250000000000001,1240.6249999999995,0.15318749999999995,0.4420575333209464
0.9750000000000001,0.7250000000000001,1171.2499999999995,0.13977499999999993,0.45205834314573684
1.0,0.7250000000000001,1098.125,0.12563749999999999,0.4616903159560948
0.0,0.75,1062.5,0.11874999999999998,0.4658435386322393
0.025,0.75,1135.625,0.13288750000000002,0.45690393737165336
0.05,0.75,1205.0,0.14629999999999999,0.4472677716853925
0.07500000000000001,0.75,1270.625,0.1589875,0.43758339702106835
0.1,0.75,1332.5,0.17095,0.4282107821671125
0.125,0.75,1390.625,0.1821875,0.4193454150984328
0.15000000000000002,0.75,1445.0,0.1927,0.411087471371911
0.17500000000000002,0.75,1495.625,0.20248750000000001,0.40348152548004734
0.2,0.75,1542.5,0.21155000000000002,0.39653986857781776
0.225,0.75,1585.625,0.21988749999999999,0.3902564412866595
0.25,0.75,1625.0,0.22749999999999998,0.3846152652679202
0.275,0.75,1660.625,0.2343875,0.37959558651170033
0.30000000000000004,0.75,1692.5,0.24055,0.3751750221270313
0.325,0.75,1720.625,0.2459875,0.3713314806340372
0.35000000000000003,0.75,1745.0,0.2507,0.368044323077899
0.375,0.75,1765.625,0.25468749999999996,0.3652950529699885
0.4,0.75,1782.5,0.25794999999999996,0.3630677148261771
0.42500000000000004,0.75,1795.625,0.2604875,0.3613491146285248
0.45,0.75,1805.0,0.2623,0.3601289340948892
0.47500000000000003,0.75,1810.625,0.2633875,0.3593997843630165
0.5,0.75,1812.5,0.26375,0.3591572276855699
0.525,0.75,1810.625,0.2633875,0.3593997843630165
0.55,0.75,1805.0,0.2623,0.3601289340948892
0.5750000000000001,0.75,1795.625,0.2604875,0.3613491146285248
0.6000000000000001,0.75,1782.5,0.25794999999999996,0.3630677148261771
0.625,0.75,1765.625,0.25468749999999996,0.3652950529699885
0.65,0.75,1745.0,0.2507,0.368044323077899
0.675,0.75,1720.625,0.2459875,0.3713314806340372
0.7000000000000001,0.75,1692.5,0.24054999999999999,0.3751750221270313
0.7250000000000001,0.75,1660.625,0.23438749999999997,0.3795955865117003
0.75,0.75,1625.0,0.22749999999999998,0.3846152652679202
0.775,0.75,1585.625,0.21988749999999999,0.3902564412866595
0.8,0.75,1542.5,0.21155,0.39653986857781776
0.8250000000000001,0.75,1495.625,0.2024875,0.40348152548004734
0.8500000000000001,0.75,1445.0,0.19269999999999995,0.4110874713719109
0.875,0.75,1390.625,0.1821875,0.4193454150984328
0.9,0.75,1332.5,0.17095,0.4282107821671125
0.925,0.75,1270.625,0.15898749999999998,0.4375833970210683
0.9500000000000001,0.75,1204.9999999999998,0.14629999999999996,0.44726777168539256
0.9750000000000001,0.75,1135.6249999999998,0.13288749999999994,0.45690393737165325
1.0,0.75,1062.5,0.11874999999999998,0.4658435386322393
0.0,0.775,1023.125,0.11113749999999999,0.4698482357089668
0.025,0.775,1096.25,0.125275,0.4619194064936605
0.05,0.775,1165.625,0.1386875,0.45283949064537937
0.07500000000000001,0.775,1231.25,0.151375,0.4434410883024173
0.1,0.775,1293.125,0.16333749999999997,0.4341917947330901
0.125,0.775,1351.25,0.174575,0.4253517852714814
0.15000000000000002,0.775,1405.625,0.1850875,0.4170610143592984
0.17500000000000002,0.775,1456.25,0.19487500000000002,0.40938896201115443
0.2,0.775,1503.125,0.2039375,0.4023637255301646
0.225,0.775,1546.25,0.212275,0.39598937121454775
0.25,0.775,1585.625,0.21988749999999999,0.3902564412866595
0.275,0.775,1621.25,0.226775,0.3851483844689988
0.30000000000000004,0.775,1653.125,0.23293750000000002,0.3806455163520315
0.325,0.775,1681.25,0.23837499999999998,0.3767274622646631
0.35000000000000003,0.775,1705.625,0.24308749999999998,0.3733746587036853
0.375,0.775,1726.25,0.247075,0.3705692674089839
0.4,0.775,1743.125,0.2503375,0.3682957227533813
0.42500000000000004,0.775,1756.25,0.25287499999999996,0.3665410514750853
0.45,0.775,1765.625,0.25468749999999996,0.3652950529699885
0.47500000000000003,0.775,1771.2499999999998,0.255775,0.36455039617480234
0.5,0.775,1773.125,0.25613749999999996,0.3643026682319419
0.525,0.775,1771.2499999999998,0.255775,0.36455039617480234
0.55,0.775,1765.625,0.25468749999999996,0.3652950529699885
0.5750000000000001,0.775,1756.2499999999998,0.25287499999999996,0.36654105147508537
0.6000000000000001,0.775,1743.1249999999998,0.25033749999999994,0.3682957227533813
0.625,0.775,1726.25,0.247075,0.3705692674089839
0.65,0.775,1705.625,0.24308749999999998,0.3733746587036853
0.675,0.775,1681.25,0.23837499999999998,0.3767274622646631
0.7000000000000001,0.775,1653.125,0.23293749999999996,0.38064551635203137
0.7250000000000001,0.775,1621.2499999999998,0.22677499999999995,0.3851483844689988
0.75,0.775,1585.625,0.21988749999999999,0.3902564412866595
0.775,0.775,1546.25,0.212275,0.39598937121454775
0.8,0.775,1503.125,0.2039375,0.4023637255301646
0.8250000000000001,0.775,1456.25,0.194875,0.4093889620111544
0.8500000000000001,0.775,1405.6249999999995,0.18508749999999993,0.41706101435929854
0.875,0.775,1351.25,0.174575,0.4253517852714814
0.9,0.775,1293.125,0.16333749999999997,0.4341917947330901
0.925,0.775,1231.25,0.15137499999999998,0.4434410883024172
0.9500000000000001,0.775,1165.6249999999998,0.13868749999999996,0.4528394906453795
0.9750000000000001,0.775,1096.2499999999998,0.12527499999999994,0.4619194064936604
1.0,0.775,1023.125,0.11113749999999999,0.4698482357089668
0.0,0.8,980.0,0.10279999999999997,0.47330583046761376
0.025,0.8,1053.125,0.11693749999999996,0.4668587991109936
0.05,0.8,1122.5,0.13034999999999997,0.45862061931695836
0.07500000000000001,0.8,1188.125,0.14303749999999998,0.4496838133663301
0.1,0.8,1250.0,0.15499999999999997,0.44066645284313843
0.125,0.8,1308.125,0.16623749999999998,0.4319185899938836
0.15000000000000002,0.8,1362.5,0.17675,0.42363523931923147
0.17500000000000002,0.8,1413.125,0.1865375,0.4159203059291726
0.2,0.8,1460.0,0.19559999999999997,0.40882375810692817
0.225,0.8,1503.125,0.2039375,0.4023637255301646
0.25,0.8,1542.5,0.21155,0.39653986857781776
0.275,0.8,1578.125,0.2184375,0.3913415750344219
0.30000000000000004,0.8,1610.0,0.2246,0.3867530321113196
0.325,0.8,1638.125,0.23003749999999998,0.3827563812095699
0.35000000000000003,0.8,1662.4999999999998,0.23474999999999996,0.3793336820196842
0.375,0.8,1683.125,0.2387375,0.37646813098374576
0.4,0.8,1700.0,0.24199999999999997,0.3741448107836706
0.42500000000000004,0.8,1713.125,0.2445375,0.3723511449187816
0.45,0.8,1722.5,0.24634999999999999,0.3710771677726668
0.47500000000000003,0.8,1728.125,0.24743749999999998,0.37031568031640133
0.5,0.8,1730.0,0.24779999999999996,0.370062335547915
0.525,0.8,1728.125,0.24743749999999998,0.37031568031640133
0.55,0.8,1722.5,0.24634999999999999,0.3710771677726668
0.5750000000000001,0.8,1713.125,0.2445375,0.3723511449187816
0.6000000000000001,0.8,1700.0,0.24199999999999997,0.3741448107836706
0.625,0.8,1683.125,0.2387375,0.37646813098374576
0.65,0.8,1662.4999999999998,0.23474999999999996,0.3793336820196842
0.675,0.8,1638.125,0.23003749999999998,0.3827563812095699
0.7000000000000001,0.8,1609.9999999999998,0.22459999999999997,0.3867530321113196
0.7250000000000001,0.8,1578.1249999999998,0.21843749999999995,0.3913415750344219
0.75,0.8,1542.5,0.21155,0.39653986857781776
0.775,0.8,1503.125,0.2039375,0.4023637255301646
0.8,0.8,1460.0,0.19559999999999997,0.40882375810692817
0.8250000000000001,0.8,1413.125,0.18653749999999997,0.41592030592917256
0.8500000000000001,0.8,1362.4999999999998,0.17674999999999996,0.4236352393192315
0.875,0.8,1308.125,0.16623749999999998,0.4319185899938836
0.9,0.8,1250.0,0.15499999999999997,0.44066645284313843
0.925,0.8,1188.1249999999998,0.14303749999999996,0.44968381336633023
0.9500000000000001,0.8,1122.4999999999998,0.13034999999999994,0.4586206193169584
0.9750000000000001,0.8,1053.1249999999995,0.11693749999999993,0.4668587991109938
1.0,0.8,980.0,0.10279999999999997,0.47330583046761376
0.0,0.8250000000000001,933.125,0.09373749999999997,0.4755895434789894
0.025,0.8250000000000001,1006.2499999999999,0.10787499999999996,0.4713319516733339
0.05,0.8250000000000001,1075.625,0.12128749999999996,0.46436489238458883
0.07500000000000001,0.8250000000000001,1141.25,0.13397499999999998,0.45615600859837596
0.1,0.8250000000000001,1203.125,0.14593749999999997,0.44753807691713005
0.125,0.8250000000000001,1261.25,0.15717499999999998,0.4389883258983402
0.15000000000000002,0.8250000000000001,1315.625,0.1676875,0.4307792445421545
0.17500000000000002,0.8250000000000001,1366.25,0.177475,0.4230630280747184
0.2,0.8250000000000001,1413.125,0.18653749999999997,0.41592030592917256
0.225,0.8250000000000001,1456.25,0.194875,0.4093889620111544
0.25,0.8250000000000001,1495.625,0.2024875,0.40348152548004734
0.275,0.8250000000000001,1531.25,0.209375,0.39819583266137054
0.30000000000000004,0.8250000000000001,1563.125,0.2155375,0.393521642702739
0.325,0.8250000000000001,1591.25,0.22097499999999998,0.38944477691360485
0.35000000000000003,0.8250000000000001,1615.6249999999998,0.22568749999999996,0.3859497208909314
0.375,0.8250000000000001,1636.25,0.229675,0.38302126192402064
0.4,0.8250000000000001,1653.125,0.23293749999999996,0.38064551635203137
0.42500000000000004,0.8250000000000001,1666.25,0.235475,0.37881056949294234
0.45,0.8250000000000001,1675.625,0.23728749999999998,0.37750686915212905
0.47500000000000003,0.8250000000000001,1681.2499999999998,0.23837499999999995,0.37672746226466314
0.5,0.8250000000000001,1683.125,0.2387375,0.37646813098374576
0.525,0.8250000000000001,1681.2499999999998,0.23837499999999995,0.37672746226466314
0.55,0.8250000000000001,1675.625,0.23728749999999998,0.37750686915212905
0.5750000000000001,0.8250000000000001,1666.2499999999998,0.23547499999999996,0.3788105694929424
0.6000000000000001,0.8250000000000001,1653.1249999999998,0.23293749999999994,0.3806455163520315
0.625,0.8250000000000001,1636.25,0.229675,0.38302126192402064
0.65,0.8250000000000001,1615.6249999999998,0.22568749999999996,0.3859497208909314
0.675,0.8250000000000001,1591.2499999999998,0.22097499999999995,0.3894447769136049
0.7000000000000001,0.8250000000000001,1563.1249999999998,0.21553749999999997,0.3935216427027391
0.7250000000000001,0.8250000000000001,1531.2499999999998,0.20937499999999992,0.39819583266137043
0.75,0.8250000000000001,1495.625,0.2024875,0.40348152548004734
0.775,0.8250000000000001,1456.25,0.194875,0.4093889620111544
0.8,0.8250000000000001,1413.125,0.18653749999999997,0.41592030592917256
0.8250000000000001,0.8250000000000001,1366.25,0.17747499999999997,0.42306302807471835
0.8500000000000001,0.8250000000000001,1315.6249999999995,0.16768749999999993,0.4307792445421546
0.875,0.8250000000000001,1261.25,0.15717499999999998,0.4389883258983402
0.9,0.8250000000000001,1203.125,0.14593749999999997,0.44753807691713005
0.925,0.8250000000000001,1141.2499999999998,0.13397499999999996,0.456156008598376
0.9500000000000001,0.8250000000000001,1075.6249999999998,0.12128749999999994,0.46436489238458895
0.9750000000000001,0.8250000000000001,1006.2499999999998,0.10787499999999993,0.47133195167333386
1.0,0.8250000000000001,933.125,0.09373749999999997,0.4755895434789894
0.0,0.8500000000000001,882.4999999999998,0.08394999999999996,0.47569873743477004
0.025,0.8500000000000001,955.6249999999998,0.09808749999999995,0.47471484420830545
0.05,0.8500000000000001,1024.9999999999998,0.11149999999999995,0.4696740179338006
0.07500000000000001,0.8500000000000001,1090.625,0.12418749999999996,0.46260015233969976
0.1,0.8500000000000001,1152.4999999999998,0.13614999999999994,0.4546398602124212
0.125,0.8500000000000001,1210.625,0.14738749999999998,0.44645426556420853
0.15000000000000002,0.8500000000000001,1265.0,0.15789999999999996,0.4384270165675341
0.17500000000000002,0.8500000000000001,1315.625,0.1676875,0.4307792445421545
0.2,0.8500000000000001,1362.4999999999998,0.17674999999999996,0.4236352393192315
0.225,0.8500000000000001,1405.6249999999995,0.18508749999999993,0.41706101435929854
0.25,0.8500000000000001,1445.0,0.19269999999999995,0.4110874713719109
0.275,0.8500000000000001,1480.6249999999998,0.19958749999999995,0.4057245735428836
0.30000000000000004,0.8500000000000001,1512.5,0.20575,0.4009701456294881
0.325,0.8500000000000001,1540.6249999999998,0.21118749999999994,0.3968153994085322
0.35000000000000003,0.8500000000000001,1565.0,0.21589999999999998,0.39324843045467167
0.375,0.8500000000000001,1585.6249999999998,0.21988749999999996,0.39025644128665954
0.4,0.8500000000000001,1602.4999999999998,0.22314999999999996,0.3878271564682555
0.42500000000000004,0.8500000000000001,1615.6249999999998,0.22568749999999996,0.3859497208909314
0.45,0.8500000000000001,1624.9999999999998,0.22749999999999995,0.3846152652679203
0.47500000000000003,0.8500000000000001,1630.6249999999998,0.22858749999999997,0.38381725555168333
0.5,0.8500000000000001,1632.4999999999998,0.22894999999999996,0.38355169961708746
0.525,0.8500000000000001,1630.6249999999998,0.22858749999999997,0.38381725555168333
0.55,0.8500000000000001,1624.9999999999998,0.22749999999999992,0.3846152652679202
0.5750000000000001,0.8500000000000001,1615.6249999999998,0.22568749999999996,0.3859497208909314
0.6000000000000001,0.8500000000000001,1602.4999999999998,0.22314999999999996,0.3878271564682555
0.625,0.8500000000000001,1585.6249999999998,0.21988749999999996,0.39025644128665954
0.65,0.8500000000000001,1564.9999999999998,0.21589999999999995,0.3932484304546717
0.675,0.8500000000000001,1540.6249999999998,0.21118749999999994,0.3968153994085322
0.7000000000000001,0.8500000000000001,1512.4999999999998,0.20574999999999993,0.4009701456294881
0.7250000000000001,0.8500000000000001,1480.6249999999998,0.19958749999999995,0.4057245735428836
0.75,0.8500000000000001,1445.0,0.19269999999999995,0.4110874713719109
0.775,0.8500000000000001,1405.6249999999995,0.18508749999999993,0.41706101435929854
0.8,0.8500000000000001,1362.4999999999998,0.17674999999999996,0.4236352393192315
0.8250000000000001,0.8500000000000001,1315.6249999999995,0.16768749999999993,0.4307792445421546
0.8500000000000001,0.8500000000000001,1264.9999999999995,0.15789999999999993,0.43842701656753436
0.875,0.8500000000000001,1210.625,0.14738749999999998,0.44645426556420853
0.9,0.8500000000000001,1152.4999999999998,0.13614999999999994,0.4546398602124212
0.925,0.8500000000000001,1090.6249999999998,0.12418749999999994,0.4626001523396999
0.9500000000000001,0.8500000000000001,1024.9999999999995,0.11149999999999992,0.46967401793380065
0.9750000000000001,0.8500000000000001,955.6249999999995,0.09808749999999991,0.4747148442083054
1.0,0.8500000000000001,882.4999999999998,0.08394999999999996,0.47569873743477004
0.0,0.875,828.125,0.07343749999999999,0.4720030700698054
0.025,0.875,901.2500000000001,0.08757500000000001,0.4759955412171262
0.05,0.875,970.625,0.10098749999999998,0.47389995355212794
0.07500000000000001,0.875,1036.25,0.113675,0.46859200438725024
0.1,0.875,1098.125,0.12563749999999999,0.4616903159560948
0.125,0.875,1156.25,0.136875,0.45412879170155995
0.15000000000000002,0.875,1210.625,0.1473875,0.44645426556420864
0.17500000000000002,0.875,1261.25,0.157175,0.43898832589834025
0.2,0.875,1308.125,0.1662375,0.4319185899938837
0.225,0.875,1351.25,0.174575,0.4253517852714814
0.25,0.875,1390.625,0.1821875,0.4193454150984328
0.275,0.875,1426.25,0.18907500000000002,0.4139270520072125
0.30000000000000004,0.875,1458.125,0.1952375,0.40910629754668243
0.325,0.875,1486.25,0.200675,0.4048822996301921
0.35000000000000003,0.875,1510.625,0.20538750000000003,0.40124852826491003
0.375,0.875,1531.25,0.209375,0.39819583266137054
0.4,0.875,1548.125,0.21263749999999998,0.3957144067410912
0.42500000000000004,0.875,1561.25,0.215175,0.3937950533946838
0.45,0.875,1570.625,0.2169875,0.3924299932872564
0.47500000000000003,0.875,1576.25,0.218075,0.39161337370949245
0.5,0.875,1578.125,0.2184375,0.3913415750344219
0.525,0.875,1576.25,0.218075,0.39161337370949245
0.55,0.875,1570.625,0.2169875,0.3924299932872564
0.5750000000000001,0.875,1561.25,0.215175,0.3937950533946838
0.6000000000000001,0.875,1548.125,0.21263749999999998,0.3957144067410912
0.625,0.875,1531.25,0.209375,0.39819583266137054
0.65,0.875,1510.625,0.20538749999999997,0.4012485282649099
0.675,0.875,1486.25,0.200675,0.4048822996301921
0.7000000000000001,0.875,1458.125,0.19523749999999998,0.4091062975466824
0.7250000000000001,0.875,1426.25,0.18907499999999997,0.41392705200721236
0.75,0.875,1390.625,0.1821875,0.4193454150984328
0.775,0.875,1351.25,0.174575,0.4253517852714814
0.8,0.875,1308.125,0.16623749999999998,0.4319185899938836
0.8250000000000001,0.875,1261.25,0.15717499999999998,0.4389883258983402
0.8500000000000001,0.875,1210.625,0.14738749999999998,0.44645426556420853
0.875,0.875,1156.25,0.136875,0.45412879170155995
0.9,0.875,1098.125,0.12563749999999999,0.4616903159560948
0.925,0.875,1036.25,0.11367499999999997,0.4685920043872502
0.9500000000000001,0.875,970.6249999999998,0.10098749999999995,0.473899953552128
0.9750000000000001,0.875,901.2499999999998,0.08757499999999994,0.4759955412171262
1.0,0.875,828.125,0.07343749999999999,0.4720030700698054
0.0,0.9,769.9999999999999,0.06219999999999998,0.4617749046950953
0.025,0.9,843.125,0.07633749999999999,0.4735001004225143
0.05,0.9,912.4999999999999,0.08974999999999997,0.47597465811840134
0.07500000000000001,0.9,978.125,0.10243749999999999,0.473429618022253
0.1,0.9,1039.9999999999998,0.11439999999999995,0.46821788004085746
0.125,0.9,1098.125,0.12563749999999999,0.4616903159560948
0.15000000000000002,0.9,1152.5,0.13615,0.45463986021242114
0.17500000000000002,0.9,1203.125,0.1459375,0.44753807691713016
0.2,0.9,1250.0,0.155,0.44066645284313855
0.225,0.9,1293.125,0.16333749999999997,0.4341917947330901
0.25,0.9,1332.5,0.17095,0.4282107821671125
0.275,0.9,1368.125,0.17783749999999998,0.4227769313820717
0.30000000000000004,0.9,1400.0,0.184,0.41791724261308055
0.325,0.9,1428.125,0.18943749999999998,0.4136426484101995
0.35000000000000003,0.9,1452.5,0.19415,0.40995465874630055
0.375,0.9,1473.125,0.19813749999999997,0.406849630568236
0.4,0.9,1490.0,0.20139999999999997,0.4043215301529074
0.42500000000000004,0.9,1503.125,0.2039375,0.4023637255301646
0.45,0.9,1512.5,0.20575,0.4009701456294881
0.47500000000000003,0.9,1518.125,0.20683749999999998,0.4001360183447493
0.5,0.9,1520.0,0.20719999999999997,0.3998583202954151
0.525,0.9,1518.125,0.20683749999999998,0.4001360183447493
0.55,0.9,1512.5,0.20575,0.4009701456294881
0.5750000000000001,0.9,1503.125,0.2039375,0.4023637255301646
0.6000000000000001,0.9,1490.0,0.20139999999999997,0.4043215301529074
0.625,0.9,1473.125,0.19813749999999997,0.406849630568236
0.65,0.9,1452.5,0.19414999999999996,0.4099546587463005
0.675,0.9,1428.125,0.18943749999999998,0.4136426484101995
0.7000000000000001,0.9,1399.9999999999998,0.18399999999999997,0.4179172426130806
0.7250000000000001,0.9,1368.1249999999998,0.17783749999999995,0.42277693138207184
0.75,0.9,1332.5,0.17095,0.4282107821671125
0.775,0.9,1293.125,0.16333749999999997,0.4341917947330901
0.8,0.9,1250.0,0.15499999999999997,0.44066645284313843
0.8250000000000001,0.9,1203.125,0.14593749999999997,0.44753807691713005
0.8500000000000001,0.9,1152.4999999999998,0.13614999999999994,0.4546398602124212
0.875,0.9,1098.125,0.12563749999999999,0.4616903159560948
0.9,0.9,1039.9999999999998,0.11439999999999995,0.46821788004085746
0.925,0.9,978.1249999999998,0.10243749999999995,0.47342961802225303
0.9500000000000001,0.9,912.4999999999998,0.08974999999999993,0.47597465811840123
0.9750000000000001,0.9,843.1249999999997,0.07633749999999993,0.4735001004225143
1.0,0.9,769.9999999999999,0.06219999999999998,0.4617749046950953
0.0,0.925,708.1249999999999,0.05023749999999998,0.4402931823096087
0.025,0.925,781.25,0.06437499999999999,0.46438440972939105
0.05,0.925,850.6249999999998,0.07778749999999997,0.474102557506185
0.07500000000000001,0.925,916.25,0.09047499999999999,0.4759369237071332
0.1,0.925,978.1249999999998,0.10243749999999995,0.47342961802225303
0.125,0.925,1036.25,0.11367499999999997,0.4685920043872502
0.15000000000000002,0.925,1090.625,0.12418749999999996,0.46260015233969976
0.17500000000000002,0.925,1141.25,0.13397499999999998,0.45615600859837596
0.2,0.925,1188.125,0.14303749999999998,0.4496838133663301
0.225,0.925,1231.25,0.15137499999999998,0.4434410883024172
0.25,0.925,1270.625,0.15898749999999998,0.4375833970210683
0.275,0.925,1306.25,0.165875,0.432203166515046
0.30000000000000004,0.925,1338.125,0.17203749999999998,0.42735349418352964
0.325,0.925,1366.25,0.17747499999999997,0.42306302807471835
0.35000000000000003,0.925,1390.625,0.1821875,0.4193454150984328
0.375,0.925,1411.25,0.18617499999999998,0.4162053761269881
0.4,0.925,1428.125,0.18943749999999998,0.4136426484101995
0.42500000000000004,0.925,1441.25,0.19197499999999998,0.41165455672538587
0.45,0.925,1450.625,0.19378749999999997,0.41023768733002375
0.47500000000000003,0.925,1456.25,0.194875,0.4093889620111544
0.5,0.925,1458.125,0.19523749999999998,0.4091062975466824
0.525,0.925,1456.25,0.194875,0.4093889620111544
0.55,0.925,1450.625,0.19378749999999997,0.41023768733002375
0.5750000000000001,0.925,1441.25,0.19197499999999998,0.41165455672538587
0.6000000000000001,0.925,1428.125,0.18943749999999998,0.4136426484101995
0.625,0.925,1411.25,0.18617499999999998,0.4162053761269881
0.65,0.925,1390.625,0.18218749999999997,0.41934541509843276
0.675,0.925,1366.25,0.17747499999999997,0.42306302807471835
0.7000000000000001,0.925,1338.1249999999998,0.17203749999999995,0.42735349418352975
0.7250000000000001,0.925,1306.2499999999998,0.16587499999999997,0.43220316651504603
0.75,0.925,1270.625,0.15898749999999998,0.4375833970210683
0.775,0.925,1231.25,0.15137499999999998,0.4434410883024172
0.8,0.925,1188.1249999999998,0.14303749999999996,0.44968381336633023
0.8250000000000001,0.925,1141.2499999999998,0.13397499999999996,0.456156008598376
0.8500000000000001,0.925,1090.6249999999998,0.12418749999999994,0.4626001523396999
0.875,0.925,1036.25,0.11367499999999997,0.4685920043872502
0.9,0.925,978.1249999999998,0.10243749999999995,0.47342961802225303
0.925,0.925,916.2499999999998,0.09047499999999994,0.47593692370713314
0.9500000000000001,0.925,850.6249999999997,0.07778749999999993,0.47410255750618485
0.9750000000000001,0.925,781.2499999999997,0.06437499999999993,0.46438440972939105
1.0,0.925,708.1249999999999,0.05023749999999998,0.4402931823096087
0.0,0.9500000000000001,642.4999999999998,0.03754999999999996,0.3990241653349791
0.025,0.9500000000000001,715.6249999999998,0.05168749999999995,0.443644184733215
0.05,0.9500000000000001,784.9999999999998,0.06509999999999995,0.4651804236646227
0.07500000000000001,0.9500000000000001,850.6249999999998,0.07778749999999997,0.474102557506185
0.1,0.9500000000000001,912.4999999999998,0.08974999999999993,0.47597465811840123
0.125,0.9500000000000001,970.6249999999998,0.10098749999999995,0.473899953552128
0.15000000000000002,0.9500000000000001,1024.9999999999998,0.11149999999999995,0.4696740179338006
0.17500000000000002,0.9500000000000001,1075.625,0.12128749999999996,0.46436489238458883
0.2,0.9500000000000001,1122.4999999999998,0.13034999999999994,0.4586206193169584
0.225,0.9500000000000001,1165.6249999999998,0.13868749999999996,0.4528394906453795
0.25,0.9500000000000001,1204.9999999999998,0.14629999999999996,0.44726777168539256
0.275,0.9500000000000001,1240.625,0.15318749999999998,0.4420575333209461
0.30000000000000004,0.9500000000000001,1272.5,0.15934999999999996,0.4373017711723233
0.325,0.9500000000000001,1300.625,0.16478749999999998,0.4330562022013292
0.35000000000000003,0.9500000000000001,1324.9999999999998,0.16949999999999996,0.42935304213344555
0.375,0.9500000000000001,1345.6249999999998,0.17348749999999996,0.4262098449861424
0.4,0.9500000000000001,1362.4999999999998,0.17674999999999996,0.4236352393192315
0.42500000000000004,0.9500000000000001,1375.6249999999998,0.17928749999999996,0.4216326762682496
0.45,0.9500000000000001,1384.9999999999998,0.18109999999999996,0.42020287793629835
0.47500000000000003,0.9500000000000001,1390.625,0.18218749999999997,0.41934541509843276
0.5,0.9500000000000001,1392.4999999999998,0.18254999999999996,0.419059680216162
0.525,0.9500000000000001,1390.6249999999995,0.18218749999999992,0.4193454150984328
0.55,0.9500000000000001,1384.9999999999998,0.18109999999999996,0.42020287793629835
0.5750000000000001,0.9500000000000001,1375.6249999999995,0.17928749999999993,0.4216326762682496
0.6000000000000001,0.9500000000000001,1362.4999999999998,0.17674999999999996,0.4236352393192315
0.625,0.9500000000000001,1345.6249999999998,0.17348749999999996,0.4262098449861424
0.65,0.9500000000000001,1324.9999999999998,0.16949999999999996,0.42935304213344555
0.675,0.9500000000000001,1300.6249999999998,0.16478749999999995,0.43305620220132923
0.7000000000000001,0.9500000000000001,1272.4999999999995,0.15934999999999994,0.43730177117232355
0.7250000000000001,0.9500000000000001,1240.6249999999995,0.15318749999999995,0.4420575333209464
0.75,0.9500000000000001,1204.9999999999998,0.14629999999999996,0.44726777168539256
0.775,0.9500000000000001,1165.6249999999998,0.13868749999999996,0.4528394906453795
0.8,0.9500000000000001,1122.4999999999998,0.13034999999999994,0.4586206193169584
0.8250000000000001,0.9500000000000001,1075.6249999999998,0.12128749999999994,0.46436489238458895
0.8500000000000001,0.9500000000000001,1024.9999999999995,0.11149999999999992,0.46967401793380065
0.875,0.9500000000000001,970.6249999999998,0.10098749999999995,0.473899953552128
0.9,0.9500000000000001,912.4999999999998,0.08974999999999993,0.47597465811840123
0.925,0.9500000000000001,850.6249999999997,0.07778749999999993,0.47410255750618485
0.9500000000000001,0.9500000000000001,784.9999999999995,0.06509999999999991,0.46518042366462264
0.9750000000000001,0.9500000000000001,715.6249999999995,0.051687499999999914,0.44364418473321504
1.0,0.9500000000000001,642.4999999999998,0.03754999999999996,0.3990241653349791
0.0,0.9750000000000001,573.1249999999998,0.024137499999999958,0.32165567035541326
0.025,0.9750000000000001,646.2499999999999,0.038274999999999976,0.40206602468516944
0.05,0.9750000000000001,715.6249999999998,0.05168749999999995,0.443644184733215
0.07500000000000001,0.9750000000000001,781.2499999999998,0.06437499999999996,0.46438440972939116
0.1,0.9750000000000001,843.1249999999997,0.07633749999999993,0.4735001004225143
0.125,0.9750000000000001,901.2499999999998,0.08757499999999994,0.4759955412171262
0.15000000000000002,0.9750000000000001,955.6249999999998,0.09808749999999995,0.47471484420830545
0.17500000000000002,0.9750000000000001,1006.2499999999999,0.10787499999999996,0.4713319516733339
0.2,0.9750000000000001,1053.125,0.11693749999999996,0.4668587991109936
0.225,0.9750000000000001,1096.2499999999998,0.12527499999999994,0.4619194064936604
0.25,0.9750000000000001,1135.6249999999998,0.13288749999999994,0.45690393737165325
0.275,0.9750000000000001,1171.25,0.13977499999999998,0.45205834314573673
0.30000000000000004,0.9750000000000001,1203.125,0.14593749999999997,0.44753807691713005
0.325,0.9750000000000001,1231.2499999999998,0.15137499999999995,0.44344108830241724
0.35000000000000003,0.9750000000000001,1255.625,0.15608749999999996,0.43982852089101954
0.375,0.9750000000000001,1276.2499999999998,0.16007499999999997,0.4367379229869487
0.4,0.9750000000000001,1293.1249999999998,0.16333749999999994,0.43419179473309016
0.42500000000000004,0.9750000000000001,1306.2499999999998,0.16587499999999997,0.43220316651504603
0.45,0.9750000000000001,1315.6249999999998,0.16768749999999996,0.43077924454215455
0.47500000000000003,0.9750000000000001,1321.2499999999998,0.16877499999999995,0.4299237634680203
0.5,0.9750000000000001,1323.1249999999998,0.16913749999999994,0.4296384401562475
0.525,0.9750000000000001,1321.2499999999998,0.16877499999999995,0.4299237634680203
0.55,0.9750000000000001,1315.6249999999998,0.16768749999999996,0.43077924454215455
0.5750000000000001,0.9750000000000001,1306.2499999999998,0.16587499999999997,0.43220316651504603
0.6000000000000001,0.9750000000000001,1293.1249999999998,0.16333749999999994,0.43419179473309016
0.625,0.9750000000000001,1276.2499999999998,0.16007499999999997,0.4367379229869487
0.65,0.9750000000000001,1255.6249999999995,0.15608749999999993,0.43982852089101976
0.675,0.9750000000000001,1231.2499999999998,0.15137499999999995,0.44344108830241724
0.7000000000000001,0.9750000000000001,1203.1249999999995,0.14593749999999994,0.4475380769171303
0.7250000000000001,0.9750000000000001,1171.2499999999995,0.13977499999999993,0.45205834314573684
0.75,0.9750000000000001,1135.6249999999998,0.13288749999999994,0.45690393737165325
0.775,0.9750000000000001,1096.2499999999998,0.12527499999999994,0.4619194064936604
0.8,0.9750000000000001,1053.1249999999995,0.11693749999999993,0.4668587991109938
0.8250000000000001,0.9750000000000001,1006.2499999999998,0.10787499999999993,0.47133195167333386
0.8500000000000001,0.9750000000000001,955.6249999999995,0.09808749999999991,0.4747148442083054
0.875,0.9750000000000001,901.2499999999998,0.08757499999999994,0.4759955412171262
0.9,0.9750000000000001,843.1249999999997,0.07633749999999993,0.4735001004225143
0.925,0.9750000000000001,781.2499999999997,0.06437499999999993,0.46438440972939105
0.9500000000000001,0.9750000000000001,715.6249999999995,0.051687499999999914,0.44364418473321504
0.9750000000000001,0.9750000000000001,646.2499999999995,0.03827499999999991,0.4020660246851691
1.0,0.9750000000000001,573.1249999999998,0.024137499999999958,0.32165567035541326
0.0,1.0,500.0,0.01,0.17463739426228508
0.025,1.0,573.1250000000001,0.02413750000000002,0.32165567035541365
0.05,1.0,642.5,0.03754999999999999,0.3990241653349792
0.07500000000000001,1.0,708.125,0.05023750000000001,0.44029318230960884
0.1,1.0,769.9999999999999,0.06219999999999998,0.4617749046950953
0.125,1.0,828.125,0.07343749999999999,0.4720030700698054
0.15000000000000002,1.0,882.5,0.08395,0.47569873743477
0.17500000000000002,1.0,933.1250000000001,0.0937375,0.47558954347898935
0.2,1.0,980.0000000000001,0.1028,0.4733058304676137
0.225,1.0,1023.125,0.11113749999999999,0.4698482357089668
0.25,1.0,1062.5,0.11874999999999998,0.4658435386322393
0.275,1.0,1098.125,0.1256375,0.4616903159560949
0.30000000000000004,1.0,1130.0,0.1318,0.4576446863267077
0.325,1.0,1158.125,0.13723749999999998,0.45387223982569025
0.35000000000000003,1.0,1182.5,0.14195000000000002,0.4504802528149606
0.375,1.0,1203.125,0.1459375,0.44753807691713016
0.4,1.0,1220.0,0.1492,0.44509025001021024
0.42500000000000004,1.0,1233.125,0.1517375,0.4431650184988452
0.45,1.0,1242.5,0.15355,0.4417798935129686
0.47500000000000003,1.0,1248.125,0.1546375,0.4409452326597002
0.5,1.0,1250.0,0.155,0.44066645284313855
0.525,1.0,1248.125,0.1546375,0.4409452326597002
0.55,1.0,1242.5,0.15355,0.4417798935129686
0.5750000000000001,1.0,1233.125,0.1517375,0.4431650184988452
0.6000000000000001,1.0,1220.0,0.1492,0.44509025001021024
0.625,1.0,1203.125,0.1459375,0.44753807691713016
0.65,1.0,1182.5,0.14195,0.4504802528149605
0.675,1.0,1158.125,0.13723749999999998,0.45387223982569025
0.7000000000000001,1.0,1130.0,0.13179999999999997,0.4576446863267076
0.7250000000000001,1.0,1098.125,0.12563749999999999,0.4616903159560948
0.75,1.0,1062.5,0.11874999999999998,0.4658435386322393
0.775,1.0,1023.125,0.11113749999999999,0.4698482357089668
0.8,1.0,980.0,0.10279999999999997,0.47330583046761376
0.8250000000000001,1.0,933.125,0.09373749999999997,0.4755895434789894
0.8500000000000001,1.0,882.4999999999998,0.08394999999999996,0.47569873743477004
0.875,1.0,828.125,0.07343749999999999,0.4720030700698054
0.9,1.0,769.9999999999999,0.06219999999999998,0.4617749046950953
0.925,1.0,708.1249999999999,0.05023749999999998,0.4402931823096087
0.9500000000000001,1.0,642.4999999999998,0.03754999999999996,0.3990241653349791
0.9750000000000001,1.0,573.1249999999998,0.024137499999999958,0.32165567035541326
1.0,1.0,500.0,0.01,0.17463739426228508
