temperature_k,mole_fraction_h2o,planck_mean_kappa_m-1
300.0,0.01,0.4804429230362329
300.0,0.015,0.7206643845543493
300.0,0.02,0.9608858460724659
300.0,0.025,1.2011073075905823
300.0,0.03,1.4413287691086987
300.0,0.035,1.6815502306268153
300.0,0.04,1.9217716921449317
300.0,0.045000000000000005,2.1619931536630483
300.0,0.05,2.4022146151811645
300.0,0.06,2.8826575382173973
300.0,0.06999999999999999,3.3631004612536306
300.0,0.08,3.8435433842898634
300.0,0.09,4.323986307326097
300.0,0.1,4.804429230362329
300.0,0.11,5.284872153398562
300.0,0.12,5.765315076434795
300.0,0.13,6.245757999471028
300.0,0.14,6.726200922507261
300.0,0.15,7.206643845543494
300.0,0.16,7.687086768579727
300.0,0.16999999999999998,8.167529691615957
300.0,0.18,8.647972614652193
300.0,0.19,9.128415537688426
300.0,0.2,9.608858460724658
300.0,0.21,10.089301383760892
300.0,0.22,10.569744306797125
300.0,0.23,11.050187229833357
300.0,0.24,11.53063015286959
300.0,0.25,12.011073075905824
300.0,0.3,14.413287691086987
300.0,0.35,16.81550230626815
300.0,0.39999999999999997,19.217716921449313
300.0,0.44999999999999996,21.619931536630478
300.0,0.5,24.022146151811647
300.0,0.5499999999999999,26.424360766992805
300.0,0.6,28.826575382173974
300.0,0.6499999999999999,31.228789997355136
300.0,0.7,33.6310046125363
300.0,0.75,36.03321922771747
300.0,0.7999999999999999,38.435433842898625
300.0,0.8499999999999999,40.83764845807979
300.0,0.8999999999999999,43.239863073260956
300.0,0.95,45.64207768844213
300.0,1.0,48.044292303623294
315.10791366906477,0.01,0.43588204397673164
315.10791366906477,0.015,0.6538230659650974
315.10791366906477,0.02,0.8717640879534633
315.10791366906477,0.025,1.0897051099418291
315.10791366906477,0.03,1.3076461319301949
315.10791366906477,0.035,1.5255871539185606
315.10791366906477,0.04,1.7435281759069265
315.10791366906477,0.045000000000000005,1.9614691978952927
315.10791366906477,0.05,2.1794102198836582
315.10791366906477,0.06,2.6152922638603897
315.10791366906477,0.06999999999999999,3.051174307837121
315.10791366906477,0.08,3.487056351813853
315.10791366906477,0.09,3.9229383957905846
315.10791366906477,0.1,4.3588204397673165
315.10791366906477,0.11,4.7947024837440475
315.10791366906477,0.12,5.230584527720779
315.10791366906477,0.13,5.666466571697511
315.10791366906477,0.14,6.102348615674242
315.10791366906477,0.15,6.538230659650974
315.10791366906477,0.16,6.974112703627706
315.10791366906477,0.16999999999999998,7.409994747604436
315.10791366906477,0.18,7.845876791581169
315.10791366906477,0.19,8.2817588355579
315.10791366906477,0.2,8.717640879534633
315.10791366906477,0.21,9.153522923511364
315.10791366906477,0.22,9.589404967488095
315.10791366906477,0.23,10.025287011464828
315.10791366906477,0.24,10.461169055441559
315.10791366906477,0.25,10.89705109941829
315.10791366906477,0.3,13.076461319301949
315.10791366906477,0.35,15.255871539185607
315.10791366906477,0.39999999999999997,17.435281759069262
315.10791366906477,0.44999999999999996,19.61469197895292
315.10791366906477,0.5,21.79410219883658
315.10791366906477,0.5499999999999999,23.973512418720233
315.10791366906477,0.6,26.152922638603897
315.10791366906477,0.6499999999999999,28.33233285848755
315.10791366906477,0.7,30.511743078371214
315.10791366906477,0.75,32.691153298254875
315.10791366906477,0.7999999999999999,34.870563518138525
315.10791366906477,0.8499999999999999,37.04997373802218
315.10791366906477,0.8999999999999999,39.22938395790584
315.10791366906477,0.95,41.4087941777895
315.10791366906477,1.0,43.58820439767316
330.2158273381295,0.01,0.3972612710113194
330.2158273381295,0.015,0.5958919065169791
330.2158273381295,0.02,0.7945225420226388
330.2158273381295,0.025,0.9931531775282986
330.2158273381295,0.03,1.1917838130339582
330.2158273381295,0.035,1.390414448539618
330.2158273381295,0.04,1.5890450840452777
330.2158273381295,0.045000000000000005,1.7876757195509376
330.2158273381295,0.05,1.9863063550565971
330.2158273381295,0.06,2.3835676260679164
330.2158273381295,0.06999999999999999,2.780828897079236
330.2158273381295,0.08,3.1780901680905553
330.2158273381295,0.09,3.575351439101875
330.2158273381295,0.1,3.9726127101131943
330.2158273381295,0.11,4.369873981124513
330.2158273381295,0.12,4.767135252135833
330.2158273381295,0.13,5.164396523147152
330.2158273381295,0.14,5.561657794158472
330.2158273381295,0.15,5.958919065169791
330.2158273381295,0.16,6.356180336181111
330.2158273381295,0.16999999999999998,6.753441607192429
330.2158273381295,0.18,7.15070287820375
330.2158273381295,0.19,7.547964149215069
330.2158273381295,0.2,7.945225420226389
330.2158273381295,0.21,8.342486691237708
330.2158273381295,0.22,8.739747962249027
330.2158273381295,0.23,9.137009233260347
330.2158273381295,0.24,9.534270504271666
330.2158273381295,0.25,9.931531775282986
330.2158273381295,0.3,11.917838130339582
330.2158273381295,0.35,13.90414448539618
330.2158273381295,0.39999999999999997,15.890450840452775
330.2158273381295,0.44999999999999996,17.87675719550937
330.2158273381295,0.5,19.863063550565972
330.2158273381295,0.5499999999999999,21.849369905622563
330.2158273381295,0.6,23.835676260679165
330.2158273381295,0.6499999999999999,25.82198261573576
330.2158273381295,0.7,27.80828897079236
330.2158273381295,0.75,29.794595325848956
330.2158273381295,0.7999999999999999,31.78090168090555
330.2158273381295,0.8499999999999999,33.76720803596215
330.2158273381295,0.8999999999999999,35.75351439101874
330.2158273381295,0.95,37.739820746075345
330.2158273381295,1.0,39.726127101131944
345.32374100719426,0.01,0.36356856305294843
345.32374100719426,0.015,0.5453528445794227
345.32374100719426,0.02,0.7271371261058969
345.32374100719426,0.025,0.9089214076323711
345.32374100719426,0.03,1.0907056891588454
345.32374100719426,0.035,1.2724899706853194
345.32374100719426,0.04,1.4542742522117937
345.32374100719426,0.045000000000000005,1.6360585337382683
345.32374100719426,0.05,1.8178428152647421
345.32374100719426,0.06,2.1814113783176907
345.32374100719426,0.06999999999999999,2.544979941370639
345.32374100719426,0.08,2.9085485044235875
345.32374100719426,0.09,3.272117067476536
345.32374100719426,0.1,3.6356856305294842
345.32374100719426,0.11,3.999254193582433
345.32374100719426,0.12,4.362822756635381
345.32374100719426,0.13,4.72639131968833
345.32374100719426,0.14,5.089959882741278
345.32374100719426,0.15,5.453528445794227
345.32374100719426,0.16,5.817097008847175
345.32374100719426,0.16999999999999998,6.180665571900122
345.32374100719426,0.18,6.544234134953072
345.32374100719426,0.19,6.90780269800602
345.32374100719426,0.2,7.2713712610589685
345.32374100719426,0.21,7.6349398241119175
345.32374100719426,0.22,7.998508387164866
345.32374100719426,0.23,8.362076950217814
345.32374100719426,0.24,8.725645513270763
345.32374100719426,0.25,9.08921407632371
345.32374100719426,0.3,10.907056891588454
345.32374100719426,0.35,12.724899706853195
345.32374100719426,0.39999999999999997,14.542742522117935
345.32374100719426,0.44999999999999996,16.360585337382677
345.32374100719426,0.5,18.17842815264742
345.32374100719426,0.5499999999999999,19.99627096791216
345.32374100719426,0.6,21.814113783176907
345.32374100719426,0.6499999999999999,23.631956598441644
345.32374100719426,0.7,25.44979941370639
345.32374100719426,0.75,27.267642228971134
345.32374100719426,0.7999999999999999,29.08548504423587
345.32374100719426,0.8499999999999999,30.903327859500614
345.32374100719426,0.8999999999999999,32.721170674765354
345.32374100719426,0.95,34.5390134900301
345.32374100719426,1.0,36.35685630529484
360.431654676259,0.01,0.3339987337814146
360.431654676259,0.015,0.5009981006721219
360.431654676259,0.02,0.6679974675628292
360.431654676259,0.025,0.8349968344535365
360.431654676259,0.03,1.0019962013442438
360.431654676259,0.035,1.168995568234951
360.431654676259,0.04,1.3359949351256584
360.431654676259,0.045000000000000005,1.5029943020163659
360.431654676259,0.05,1.669993668907073
360.431654676259,0.06,2.0039924026884877
360.431654676259,0.06999999999999999,2.337991136469902
360.431654676259,0.08,2.6719898702513167
360.431654676259,0.09,3.0059886040327313
360.431654676259,0.1,3.339987337814146
360.431654676259,0.11,3.6739860715955603
360.431654676259,0.12,4.007984805376975
360.431654676259,0.13,4.34198353915839
360.431654676259,0.14,4.675982272939804
360.431654676259,0.15,5.009981006721219
360.431654676259,0.16,5.3439797405026335
360.431654676259,0.16999999999999998,5.677978474284047
360.431654676259,0.18,6.0119772080654625
360.431654676259,0.19,6.345975941846877
360.431654676259,0.2,6.679974675628292
360.431654676259,0.21,7.013973409409706
360.431654676259,0.22,7.347972143191121
360.431654676259,0.23,7.681970876972535
360.431654676259,0.24,8.01596961075395
360.431654676259,0.25,8.349968344535364
360.431654676259,0.3,10.019962013442438
360.431654676259,0.35,11.68995568234951
360.431654676259,0.39999999999999997,13.359949351256581
360.431654676259,0.44999999999999996,15.029943020163655
360.431654676259,0.5,16.69993668907073
360.431654676259,0.5499999999999999,18.369930357977797
360.431654676259,0.6,20.039924026884876
360.431654676259,0.6499999999999999,21.709917695791944
360.431654676259,0.7,23.37991136469902
360.431654676259,0.75,25.049905033606095
360.431654676259,0.7999999999999999,26.719898702513163
360.431654676259,0.8499999999999999,28.389892371420235
360.431654676259,0.8999999999999999,30.05988604032731
360.431654676259,0.95,31.729879709234385
360.431654676259,1.0,33.39987337814146
375.53956834532374,0.01,0.30790469103706514
375.53956834532374,0.015,0.4618570365555977
375.53956834532374,0.02,0.6158093820741303
375.53956834532374,0.025,0.7697617275926628
375.53956834532374,0.03,0.9237140731111954
375.53956834532374,0.035,1.0776664186297278
375.53956834532374,0.04,1.2316187641482605
375.53956834532374,0.045000000000000005,1.3855711096667933
375.53956834532374,0.05,1.5395234551853256
375.53956834532374,0.06,1.8474281462223907
375.53956834532374,0.06999999999999999,2.1553328372594556
375.53956834532374,0.08,2.463237528296521
375.53956834532374,0.09,2.771142219333586
375.53956834532374,0.1,3.0790469103706513
375.53956834532374,0.11,3.3869516014077163
375.53956834532374,0.12,3.6948562924447814
375.53956834532374,0.13,4.0027609834818465
375.53956834532374,0.14,4.310665674518911
375.53956834532374,0.15,4.618570365555977
375.53956834532374,0.16,4.926475056593042
375.53956834532374,0.16999999999999998,5.234379747630106
375.53956834532374,0.18,5.542284438667172
375.53956834532374,0.19,5.850189129704237
375.53956834532374,0.2,6.1580938207413025
375.53956834532374,0.21,6.465998511778367
375.53956834532374,0.22,6.773903202815433
375.53956834532374,0.23,7.081807893852497
375.53956834532374,0.24,7.389712584889563
375.53956834532374,0.25,7.6976172759266275
375.53956834532374,0.3,9.237140731111953
375.53956834532374,0.35,10.776664186297278
375.53956834532374,0.39999999999999997,12.316187641482603
375.53956834532374,0.44999999999999996,13.855711096667928
375.53956834532374,0.5,15.395234551853255
375.53956834532374,0.5499999999999999,16.934758007038578
375.53956834532374,0.6,18.474281462223907
375.53956834532374,0.6499999999999999,20.013804917409228
375.53956834532374,0.7,21.553328372594557
375.53956834532374,0.75,23.09285182777988
375.53956834532374,0.7999999999999999,24.632375282965207
375.53956834532374,0.8499999999999999,26.17189873815053
375.53956834532374,0.8999999999999999,27.711422193335856
375.53956834532374,0.95,29.250945648521185
375.53956834532374,1.0,30.79046910370651
390.6474820143885,0.01,0.28476158178876815
390.6474820143885,0.015,0.42714237268315225
390.6474820143885,0.02,0.5695231635775363
390.6474820143885,0.025,0.7119039544719203
390.6474820143885,0.03,0.8542847453663045
390.6474820143885,0.035,0.9966655362606885
390.6474820143885,0.04,1.1390463271550726
390.6474820143885,0.045000000000000005,1.281427118049457
390.6474820143885,0.05,1.4238079089438407
390.6474820143885,0.06,1.708569490732609
390.6474820143885,0.06999999999999999,1.993331072521377
390.6474820143885,0.08,2.278092654310145
390.6474820143885,0.09,2.5628542360989135
390.6474820143885,0.1,2.8476158178876814
390.6474820143885,0.11,3.1323773996764497
390.6474820143885,0.12,3.417138981465218
390.6474820143885,0.13,3.701900563253986
390.6474820143885,0.14,3.986662145042754
390.6474820143885,0.15,4.2714237268315225
390.6474820143885,0.16,4.55618530862029
390.6474820143885,0.16999999999999998,4.840946890409057
390.6474820143885,0.18,5.125708472197827
390.6474820143885,0.19,5.410470053986595
390.6474820143885,0.2,5.695231635775363
390.6474820143885,0.21,5.9799932175641315
390.6474820143885,0.22,6.264754799352899
390.6474820143885,0.23,6.549516381141667
390.6474820143885,0.24,6.834277962930436
390.6474820143885,0.25,7.119039544719204
390.6474820143885,0.3,8.542847453663045
390.6474820143885,0.35,9.966655362606886
390.6474820143885,0.39999999999999997,11.390463271550724
390.6474820143885,0.44999999999999996,12.814271180494565
390.6474820143885,0.5,14.238079089438408
390.6474820143885,0.5499999999999999,15.661886998382245
390.6474820143885,0.6,17.08569490732609
390.6474820143885,0.6499999999999999,18.509502816269926
390.6474820143885,0.7,19.933310725213772
390.6474820143885,0.75,21.35711863415761
390.6474820143885,0.7999999999999999,22.780926543101447
390.6474820143885,0.8499999999999999,24.20473445204529
390.6474820143885,0.8999999999999999,25.62854236098913
390.6474820143885,0.95,27.052350269932973
390.6474820143885,1.0,28.476158178876815
405.75539568345323,0.01,0.2641400806939022
405.75539568345323,0.015,0.3962101210408533
405.75539568345323,0.02,0.5282801613878044
405.75539568345323,0.025,0.6603502017347554
405.75539568345323,0.03,0.7924202420817066
405.75539568345323,0.035,0.9244902824286577
405.75539568345323,0.04,1.0565603227756089
405.75539568345323,0.045000000000000005,1.18863036312256
405.75539568345323,0.05,1.320700403469511
405.75539568345323,0.06,1.5848404841634132
405.75539568345323,0.06999999999999999,1.8489805648573154
405.75539568345323,0.08,2.1131206455512177
405.75539568345323,0.09,2.3772607262451197
405.75539568345323,0.1,2.641400806939022
405.75539568345323,0.11,2.9055408876329243
405.75539568345323,0.12,3.1696809683268263
405.75539568345323,0.13,3.4338210490207284
405.75539568345323,0.14,3.697961129714631
405.75539568345323,0.15,3.962101210408533
405.75539568345323,0.16,4.226241291102435
405.75539568345323,0.16999999999999998,4.490381371796336
405.75539568345323,0.18,4.7545214524902395
405.75539568345323,0.19,5.018661533184142
405.75539568345323,0.2,5.282801613878044
405.75539568345323,0.21,5.546941694571946
405.75539568345323,0.22,5.811081775265849
405.75539568345323,0.23,6.07522185595975
405.75539568345323,0.24,6.339361936653653
405.75539568345323,0.25,6.603502017347555
405.75539568345323,0.3,7.924202420817066
405.75539568345323,0.35,9.244902824286577
405.75539568345323,0.39999999999999997,10.565603227756085
405.75539568345323,0.44999999999999996,11.886303631225598
405.75539568345323,0.5,13.20700403469511
405.75539568345323,0.5499999999999999,14.527704438164617
405.75539568345323,0.6,15.848404841634132
405.75539568345323,0.6499999999999999,17.16910524510364
405.75539568345323,0.7,18.489805648573153
405.75539568345323,0.75,19.810506052042665
405.75539568345323,0.7999999999999999,21.13120645551217
405.75539568345323,0.8499999999999999,22.451906858981683
405.75539568345323,0.8999999999999999,23.772607262451196
405.75539568345323,0.95,25.093307665920708
405.75539568345323,1.0,26.41400806939022
420.863309352518,0.01,0.24568625068764907
420.863309352518,0.015,0.3685293760314736
420.863309352518,0.02,0.49137250137529814
420.863309352518,0.025,0.6142156267191227
420.863309352518,0.03,0.7370587520629472
420.863309352518,0.035,0.8599018774067717
420.863309352518,0.04,0.9827450027505963
420.863309352518,0.045000000000000005,1.105588128094421
420.863309352518,0.05,1.2284312534382453
420.863309352518,0.06,1.4741175041258945
420.863309352518,0.06999999999999999,1.7198037548135434
420.863309352518,0.08,1.9654900055011926
420.863309352518,0.09,2.2111762561888417
420.863309352518,0.1,2.4568625068764907
420.863309352518,0.11,2.7025487575641396
420.863309352518,0.12,2.948235008251789
420.863309352518,0.13,3.193921258939438
420.863309352518,0.14,3.439607509627087
420.863309352518,0.15,3.685293760314736
420.863309352518,0.16,3.930980011002385
420.863309352518,0.16999999999999998,4.176666261690033
420.863309352518,0.18,4.4223525123776835
420.863309352518,0.19,4.668038763065332
420.863309352518,0.2,4.913725013752981
420.863309352518,0.21,5.159411264440631
420.863309352518,0.22,5.405097515128279
420.863309352518,0.23,5.650783765815929
420.863309352518,0.24,5.896470016503578
420.863309352518,0.25,6.142156267191226
420.863309352518,0.3,7.370587520629472
420.863309352518,0.35,8.599018774067718
420.863309352518,0.39999999999999997,9.82745002750596
420.863309352518,0.44999999999999996,11.055881280944206
420.863309352518,0.5,12.284312534382453
420.863309352518,0.5499999999999999,13.512743787820696
420.863309352518,0.6,14.741175041258945
420.863309352518,0.6499999999999999,15.969606294697186
420.863309352518,0.7,17.198037548135435
420.863309352518,0.75,18.42646880157368
420.863309352518,0.7999999999999999,19.65490005501192
420.863309352518,0.8499999999999999,20.883331308450167
420.863309352518,0.8999999999999999,22.111762561888412
420.863309352518,0.95,23.34019381532666
420.863309352518,1.0,24.568625068764906
435.9712230215828,0.01,0.22910619011218544
435.9712230215828,0.015,0.3436592851682782
435.9712230215828,0.02,0.4582123802243709
435.9712230215828,0.025,0.5727654752804636
435.9712230215828,0.03,0.6873185703365564
435.9712230215828,0.035,0.8018716653926491
435.9712230215828,0.04,0.9164247604487418
435.9712230215828,0.045000000000000005,1.0309778555048348
435.9712230215828,0.05,1.1455309505609272
435.9712230215828,0.06,1.3746371406731128
435.9712230215828,0.06999999999999999,1.6037433307852982
435.9712230215828,0.08,1.8328495208974835
435.9712230215828,0.09,2.061955711009669
435.9712230215828,0.1,2.2910619011218545
435.9712230215828,0.11,2.52016809123404
435.9712230215828,0.12,2.7492742813462256
435.9712230215828,0.13,2.978380471458411
435.9712230215828,0.14,3.2074866615705964
435.9712230215828,0.15,3.4365928516827817
435.9712230215828,0.16,3.665699041794967
435.9712230215828,0.16999999999999998,3.894805231907152
435.9712230215828,0.18,4.123911422019338
435.9712230215828,0.19,4.353017612131524
435.9712230215828,0.2,4.582123802243709
435.9712230215828,0.21,4.811229992355894
435.9712230215828,0.22,5.04033618246808
435.9712230215828,0.23,5.269442372580266
435.9712230215828,0.24,5.498548562692451
435.9712230215828,0.25,5.727654752804637
435.9712230215828,0.3,6.8731857033655634
435.9712230215828,0.35,8.018716653926491
435.9712230215828,0.39999999999999997,9.164247604487416
435.9712230215828,0.44999999999999996,10.309778555048345
435.9712230215828,0.5,11.455309505609273
435.9712230215828,0.5499999999999999,12.600840456170197
435.9712230215828,0.6,13.746371406731127
435.9712230215828,0.6499999999999999,14.891902357292052
435.9712230215828,0.7,16.037433307852982
435.9712230215828,0.75,17.18296425841391
435.9712230215828,0.7999999999999999,18.328495208974832
435.9712230215828,0.8499999999999999,19.47402615953576
435.9712230215828,0.8999999999999999,20.61955711009669
435.9712230215828,0.95,21.765088060657618
435.9712230215828,1.0,22.910619011218547
451.0791366906475,0.01,0.21415420874113053
451.0791366906475,0.015,0.3212313131116958
451.0791366906475,0.02,0.42830841748226106
451.0791366906475,0.025,0.5353855218528263
451.0791366906475,0.03,0.6424626262233916
451.0791366906475,0.035,0.7495397305939568
451.0791366906475,0.04,0.8566168349645221
451.0791366906475,0.045000000000000005,0.9636939393350875
451.0791366906475,0.05,1.0707710437056526
451.0791366906475,0.06,1.2849252524467831
451.0791366906475,0.06999999999999999,1.4990794611879137
451.0791366906475,0.08,1.7132336699290442
451.0791366906475,0.09,1.9273878786701748
451.0791366906475,0.1,2.141542087411305
451.0791366906475,0.11,2.355696296152436
451.0791366906475,0.12,2.5698505048935663
451.0791366906475,0.13,2.784004713634697
451.0791366906475,0.14,2.9981589223758274
451.0791366906475,0.15,3.2123131311169577
451.0791366906475,0.16,3.4264673398580885
451.0791366906475,0.16999999999999998,3.6406215485992184
451.0791366906475,0.18,3.8547757573403496
451.0791366906475,0.19,4.06892996608148
451.0791366906475,0.2,4.28308417482261
451.0791366906475,0.21,4.497238383563741
451.0791366906475,0.22,4.711392592304872
451.0791366906475,0.23,4.925546801046002
451.0791366906475,0.24,5.1397010097871325
451.0791366906475,0.25,5.353855218528263
451.0791366906475,0.3,6.424626262233915
451.0791366906475,0.35,7.495397305939568
451.0791366906475,0.39999999999999997,8.56616834964522
451.0791366906475,0.44999999999999996,9.636939393350872
451.0791366906475,0.5,10.707710437056527
451.0791366906475,0.5499999999999999,11.778481480762176
451.0791366906475,0.6,12.84925252446783
451.0791366906475,0.6499999999999999,13.920023568173482
451.0791366906475,0.7,14.990794611879137
451.0791366906475,0.75,16.06156565558479
451.0791366906475,0.7999999999999999,17.13233669929044
451.0791366906475,0.8499999999999999,18.203107742996092
451.0791366906475,0.8999999999999999,19.273878786701744
451.0791366906475,0.95,20.3446498304074
451.0791366906475,1.0,21.415420874113053
466.1870503597122,0.01,0.20062363501781985
466.1870503597122,0.015,0.30093545252672976
466.1870503597122,0.02,0.4012472700356397
466.1870503597122,0.025,0.5015590875445497
466.1870503597122,0.03,0.6018709050534595
466.1870503597122,0.035,0.7021827225623695
466.1870503597122,0.04,0.8024945400712794
466.1870503597122,0.045000000000000005,0.9028063575801896
466.1870503597122,0.05,1.0031181750890994
466.1870503597122,0.06,1.203741810106919
466.1870503597122,0.06999999999999999,1.404365445124739
466.1870503597122,0.08,1.6049890801425588
466.1870503597122,0.09,1.8056127151603787
466.1870503597122,0.1,2.006236350178199
466.1870503597122,0.11,2.2068599851960182
466.1870503597122,0.12,2.407483620213838
466.1870503597122,0.13,2.608107255231658
466.1870503597122,0.14,2.808730890249478
466.1870503597122,0.15,3.0093545252672977
466.1870503597122,0.16,3.2099781602851176
466.1870503597122,0.16999999999999998,3.410601795302937
466.1870503597122,0.18,3.6112254303207574
466.1870503597122,0.19,3.8118490653385773
466.1870503597122,0.2,4.012472700356398
466.1870503597122,0.21,4.2130963353742175
466.1870503597122,0.22,4.4137199703920365
466.1870503597122,0.23,4.614343605409856
466.1870503597122,0.24,4.814967240427676
466.1870503597122,0.25,5.015590875445496
466.1870503597122,0.3,6.0187090505345955
466.1870503597122,0.35,7.021827225623695
466.1870503597122,0.39999999999999997,8.024945400712793
466.1870503597122,0.44999999999999996,9.028063575801893
466.1870503597122,0.5,10.031181750890992
466.1870503597122,0.5499999999999999,11.03429992598009
466.1870503597122,0.6,12.037418101069191
466.1870503597122,0.6499999999999999,13.040536276158289
466.1870503597122,0.7,14.04365445124739
466.1870503597122,0.75,15.04677262633649
466.1870503597122,0.7999999999999999,16.049890801425587
466.1870503597122,0.8499999999999999,17.053008976514686
466.1870503597122,0.8999999999999999,18.056127151603786
466.1870503597122,0.95,19.059245326692885
466.1870503597122,1.0,20.062363501781984
481.294964028777,0.01,0.18833960583364243
481.294964028777,0.015,0.2825094087504636
481.294964028777,0.02,0.37667921166728485
481.294964028777,0.025,0.47084901458410605
481.294964028777,0.03,0.5650188175009272
481.294964028777,0.035,0.6591886204177485
481.294964028777,0.04,0.7533584233345697
481.294964028777,0.045000000000000005,0.847528226251391
481.294964028777,0.05,0.9416980291682121
481.294964028777,0.06,1.1300376350018544
481.294964028777,0.06999999999999999,1.318377240835497
481.294964028777,0.08,1.5067168466691394
481.294964028777,0.09,1.6950564525027818
481.294964028777,0.1,1.8833960583364242
481.294964028777,0.11,2.0717356641700664
481.294964028777,0.12,2.260075270003709
481.294964028777,0.13,2.448414875837351
481.294964028777,0.14,2.636754481670994
481.294964028777,0.15,2.8250940875046364
481.294964028777,0.16,3.013433693338279
481.294964028777,0.16999999999999998,3.2017732991719203
481.294964028777,0.18,3.3901129050055636
481.294964028777,0.19,3.578452510839206
481.294964028777,0.2,3.7667921166728484
481.294964028777,0.21,3.955131722506491
481.294964028777,0.22,4.143471328340133
481.294964028777,0.23,4.331810934173776
481.294964028777,0.24,4.520150540007418
481.294964028777,0.25,4.70849014584106
481.294964028777,0.3,5.650188175009273
481.294964028777,0.35,6.591886204177484
481.294964028777,0.39999999999999997,7.533584233345695
481.294964028777,0.44999999999999996,8.475282262513907
481.294964028777,0.5,9.41698029168212
481.294964028777,0.5499999999999999,10.35867832085033
481.294964028777,0.6,11.300376350018546
481.294964028777,0.6499999999999999,12.242074379186755
481.294964028777,0.7,13.183772408354969
481.294964028777,0.75,14.12547043752318
481.294964028777,0.7999999999999999,15.06716846669139
481.294964028777,0.8499999999999999,16.008866495859603
481.294964028777,0.8999999999999999,16.950564525027815
481.294964028777,0.95,17.89226255419603
481.294964028777,1.0,18.83396058336424
496.40287769784175,0.01,0.17715336472259827
496.40287769784175,0.015,0.2657300470838974
496.40287769784175,0.02,0.35430672944519653
496.40287769784175,0.025,0.4428834118064957
496.40287769784175,0.03,0.5314600941677948
496.40287769784175,0.035,0.620036776529094
496.40287769784175,0.04,0.7086134588903931
496.40287769784175,0.045000000000000005,0.7971901412516924
496.40287769784175,0.05,0.8857668236129914
496.40287769784175,0.06,1.0629201883355897
496.40287769784175,0.06999999999999999,1.240073553058188
496.40287769784175,0.08,1.4172269177807861
496.40287769784175,0.09,1.5943802825033844
496.40287769784175,0.1,1.7715336472259828
496.40287769784175,0.11,1.948687011948581
496.40287769784175,0.12,2.1258403766711793
496.40287769784175,0.13,2.3029937413937773
496.40287769784175,0.14,2.480147106116376
496.40287769784175,0.15,2.6573004708389742
496.40287769784175,0.16,2.8344538355615723
496.40287769784175,0.16999999999999998,3.0116072002841703
496.40287769784175,0.18,3.1887605650067687
496.40287769784175,0.19,3.365913929729367
496.40287769784175,0.2,3.5430672944519657
496.40287769784175,0.21,3.7202206591745637
496.40287769784175,0.22,3.897374023897162
496.40287769784175,0.23,4.07452738861976
496.40287769784175,0.24,4.251680753342359
496.40287769784175,0.25,4.428834118064957
496.40287769784175,0.3,5.3146009416779485
496.40287769784175,0.35,6.20036776529094
496.40287769784175,0.39999999999999997,7.0861345889039296
496.40287769784175,0.44999999999999996,7.971901412516921
496.40287769784175,0.5,8.857668236129914
496.40287769784175,0.5499999999999999,9.743435059742902
496.40287769784175,0.6,10.629201883355897
496.40287769784175,0.6499999999999999,11.514968706968885
496.40287769784175,0.7,12.40073553058188
496.40287769784175,0.75,13.286502354194871
496.40287769784175,0.7999999999999999,14.172269177807859
496.40287769784175,0.8499999999999999,15.05803600142085
496.40287769784175,0.8999999999999999,15.943802825033842
496.40287769784175,0.95,16.829569648646835
496.40287769784175,1.0,17.71533647225983
511.51079136690646,0.01,0.16693771822113487
511.51079136690646,0.015,0.2504065773317023
511.51079136690646,0.02,0.33387543644226975
511.51079136690646,0.025,0.4173442955528372
511.51079136690646,0.03,0.5008131546634046
511.51079136690646,0.035,0.584282013773972
511.51079136690646,0.04,0.6677508728845395
511.51079136690646,0.045000000000000005,0.751219731995107
511.51079136690646,0.05,0.8346885911056744
511.51079136690646,0.06,1.0016263093268092
511.51079136690646,0.06999999999999999,1.168564027547944
511.51079136690646,0.08,1.335501745769079
511.51079136690646,0.09,1.5024394639902139
511.51079136690646,0.1,1.6693771822113488
511.51079136690646,0.11,1.8363149004324837
511.51079136690646,0.12,2.0032526186536184
511.51079136690646,0.13,2.1701903368747533
511.51079136690646,0.14,2.337128055095888
511.51079136690646,0.15,2.504065773317023
511.51079136690646,0.16,2.671003491538158
511.51079136690646,0.16999999999999998,2.8379412097592924
511.51079136690646,0.18,3.0048789279804278
511.51079136690646,0.19,3.1718166462015627
511.51079136690646,0.2,3.3387543644226976
511.51079136690646,0.21,3.5056920826438325
511.51079136690646,0.22,3.6726298008649674
511.51079136690646,0.23,3.8395675190861023
511.51079136690646,0.24,4.006505237307237
511.51079136690646,0.25,4.173442955528372
511.51079136690646,0.3,5.008131546634046
511.51079136690646,0.35,5.842820137739721
511.51079136690646,0.39999999999999997,6.677508728845394
511.51079136690646,0.44999999999999996,7.512197319951069
511.51079136690646,0.5,8.346885911056743
511.51079136690646,0.5499999999999999,9.181574502162416
511.51079136690646,0.6,10.016263093268092
511.51079136690646,0.6499999999999999,10.850951684373765
511.51079136690646,0.7,11.685640275479441
511.51079136690646,0.75,12.520328866585116
511.51079136690646,0.7999999999999999,13.355017457690789
511.51079136690646,0.8499999999999999,14.189706048796463
511.51079136690646,0.8999999999999999,15.024394639902138
511.51079136690646,0.95,15.859083231007814
511.51079136690646,1.0,16.693771822113487
526.6187050359713,0.01,0.1575833890667734
526.6187050359713,0.015,0.23637508360016013
526.6187050359713,0.02,0.3151667781335468
526.6187050359713,0.025,0.39395847266693357
526.6187050359713,0.03,0.47275016720032026
526.6187050359713,0.035,0.551541861733707
526.6187050359713,0.04,0.6303335562670936
526.6187050359713,0.045000000000000005,0.7091252508004805
526.6187050359713,0.05,0.7879169453338671
526.6187050359713,0.06,0.9455003344006405
526.6187050359713,0.06999999999999999,1.103083723467414
526.6187050359713,0.08,1.2606671125341873
526.6187050359713,0.09,1.4182505016009608
526.6187050359713,0.1,1.5758338906677343
526.6187050359713,0.11,1.7334172797345075
526.6187050359713,0.12,1.891000668801281
526.6187050359713,0.13,2.0485840578680543
526.6187050359713,0.14,2.206167446934828
526.6187050359713,0.15,2.3637508360016013
526.6187050359713,0.16,2.5213342250683746
526.6187050359713,0.16999999999999998,2.678917614135148
526.6187050359713,0.18,2.8365010032019216
526.6187050359713,0.19,2.994084392268695
526.6187050359713,0.2,3.1516677813354685
526.6187050359713,0.21,3.309251170402242
526.6187050359713,0.22,3.466834559469015
526.6187050359713,0.23,3.624417948535789
526.6187050359713,0.24,3.782001337602562
526.6187050359713,0.25,3.9395847266693353
526.6187050359713,0.3,4.727501672003203
526.6187050359713,0.35,5.51541861733707
526.6187050359713,0.39999999999999997,6.303335562670936
526.6187050359713,0.44999999999999996,7.091252508004803
526.6187050359713,0.5,7.879169453338671
526.6187050359713,0.5499999999999999,8.667086398672536
526.6187050359713,0.6,9.455003344006405
526.6187050359713,0.6499999999999999,10.24292028934027
526.6187050359713,0.7,11.03083723467414
526.6187050359713,0.75,11.818754180008007
526.6187050359713,0.7999999999999999,12.606671125341872
526.6187050359713,0.8499999999999999,13.39458807067574
526.6187050359713,0.8999999999999999,14.182505016009605
526.6187050359713,0.95,14.970421961343474
526.6187050359713,1.0,15.758338906677341
541.726618705036,0.01,0.1489960694341244
541.726618705036,0.015,0.22349410415118662
541.726618705036,0.02,0.2979921388682488
541.726618705036,0.025,0.372490173585311
541.726618705036,0.03,0.44698820830237324
541.726618705036,0.035,0.5214862430194355
541.726618705036,0.04,0.5959842777364976
541.726618705036,0.045000000000000005,0.6704823124535599
541.726618705036,0.05,0.744980347170622
541.726618705036,0.06,0.8939764166047465
541.726618705036,0.06999999999999999,1.042972486038871
541.726618705036,0.08,1.1919685554729953
541.726618705036,0.09,1.3409646249071197
541.726618705036,0.1,1.489960694341244
541.726618705036,0.11,1.6389567637753684
541.726618705036,0.12,1.787952833209493
541.726618705036,0.13,1.9369489026436173
541.726618705036,0.14,2.085944972077742
541.726618705036,0.15,2.234941041511866
541.726618705036,0.16,2.3839371109459906
541.726618705036,0.16999999999999998,2.5329331803801143
541.726618705036,0.18,2.6819292498142393
541.726618705036,0.19,2.830925319248364
541.726618705036,0.2,2.979921388682488
541.726618705036,0.21,3.1289174581166126
541.726618705036,0.22,3.2779135275507367
541.726618705036,0.23,3.4269095969848613
541.726618705036,0.24,3.575905666418986
541.726618705036,0.25,3.72490173585311
541.726618705036,0.3,4.469882083023732
541.726618705036,0.35,5.214862430194354
541.726618705036,0.39999999999999997,5.959842777364975
541.726618705036,0.44999999999999996,6.704823124535597
541.726618705036,0.5,7.44980347170622
541.726618705036,0.5499999999999999,8.194783818876841
541.726618705036,0.6,8.939764166047464
541.726618705036,0.6499999999999999,9.684744513218085
541.726618705036,0.7,10.429724860388708
541.726618705036,0.75,11.174705207559331
541.726618705036,0.7999999999999999,11.91968555472995
541.726618705036,0.8499999999999999,12.664665901900573
541.726618705036,0.8999999999999999,13.409646249071194
541.726618705036,0.95,14.154626596241819
541.726618705036,1.0,14.89960694341244
556.8345323741007,0.01,0.14109402470065058
556.8345323741007,0.015,0.21164103705097587
556.8345323741007,0.02,0.28218804940130116
556.8345323741007,0.025,0.35273506175162644
556.8345323741007,0.03,0.42328207410195173
556.8345323741007,0.035,0.493829086452277
556.8345323741007,0.04,0.5643760988026023
556.8345323741007,0.045000000000000005,0.6349231111529278
556.8345323741007,0.05,0.7054701235032529
556.8345323741007,0.06,0.8465641482039035
556.8345323741007,0.06999999999999999,0.987658172904554
556.8345323741007,0.08,1.1287521976052046
556.8345323741007,0.09,1.2698462223058553
556.8345323741007,0.1,1.4109402470065058
556.8345323741007,0.11,1.5520342717071565
556.8345323741007,0.12,1.693128296407807
556.8345323741007,0.13,1.8342223211084576
556.8345323741007,0.14,1.975316345809108
556.8345323741007,0.15,2.1164103705097586
556.8345323741007,0.16,2.2575043952104092
556.8345323741007,0.16999999999999998,2.3985984199110595
556.8345323741007,0.18,2.5396924446117106
556.8345323741007,0.19,2.680786469312361
556.8345323741007,0.2,2.8218804940130116
556.8345323741007,0.21,2.9629745187136622
556.8345323741007,0.22,3.104068543414313
556.8345323741007,0.23,3.2451625681149636
556.8345323741007,0.24,3.386256592815614
556.8345323741007,0.25,3.5273506175162646
556.8345323741007,0.3,4.232820741019517
556.8345323741007,0.35,4.93829086452277
556.8345323741007,0.39999999999999997,5.643760988026022
556.8345323741007,0.44999999999999996,6.349231111529275
556.8345323741007,0.5,7.054701235032529
556.8345323741007,0.5499999999999999,7.76017135853578
556.8345323741007,0.6,8.465641482039034
556.8345323741007,0.6499999999999999,9.171111605542286
556.8345323741007,0.7,9.87658172904554
556.8345323741007,0.75,10.582051852548794
556.8345323741007,0.7999999999999999,11.287521976052044
556.8345323741007,0.8499999999999999,11.992992099555298
556.8345323741007,0.8999999999999999,12.69846222305855
556.8345323741007,0.95,13.403932346561806
556.8345323741007,1.0,14.109402470065058
571.9424460431655,0.01,0.13380613322740856
571.9424460431655,0.015,0.20070919984111285
571.9424460431655,0.02,0.2676122664548171
571.9424460431655,0.025,0.33451533306852144
571.9424460431655,0.03,0.4014183996822257
571.9424460431655,0.035,0.46832146629592997
571.9424460431655,0.04,0.5352245329096342
571.9424460431655,0.045000000000000005,0.6021275995233386
571.9424460431655,0.05,0.6690306661370429
571.9424460431655,0.06,0.8028367993644514
571.9424460431655,0.06999999999999999,0.9366429325918599
571.9424460431655,0.08,1.0704490658192685
571.9424460431655,0.09,1.204255199046677
571.9424460431655,0.1,1.3380613322740857
571.9424460431655,0.11,1.4718674655014943
571.9424460431655,0.12,1.6056735987289028
571.9424460431655,0.13,1.7394797319563113
571.9424460431655,0.14,1.8732858651837199
571.9424460431655,0.15,2.0070919984111284
571.9424460431655,0.16,2.140898131638537
571.9424460431655,0.16999999999999998,2.274704264865945
571.9424460431655,0.18,2.408510398093354
571.9424460431655,0.19,2.542316531320763
571.9424460431655,0.2,2.6761226645481715
571.9424460431655,0.21,2.80992879777558
571.9424460431655,0.22,2.9437349310029886
571.9424460431655,0.23,3.077541064230397
571.9424460431655,0.24,3.2113471974578056
571.9424460431655,0.25,3.345153330685214
571.9424460431655,0.3,4.014183996822257
571.9424460431655,0.35,4.6832146629592994
571.9424460431655,0.39999999999999997,5.352245329096342
571.9424460431655,0.44999999999999996,6.021275995233385
571.9424460431655,0.5,6.690306661370428
571.9424460431655,0.5499999999999999,7.359337327507469
571.9424460431655,0.6,8.028367993644514
571.9424460431655,0.6499999999999999,8.697398659781555
571.9424460431655,0.7,9.366429325918599
571.9424460431655,0.75,10.035459992055642
571.9424460431655,0.7999999999999999,10.704490658192684
571.9424460431655,0.8499999999999999,11.373521324329726
571.9424460431655,0.8999999999999999,12.04255199046677
571.9424460431655,0.95,12.711582656603813
571.9424460431655,1.0,13.380613322740857
587.0503597122301,0.01,0.12707027376235477
587.0503597122301,0.015,0.19060541064353217
587.0503597122301,0.02,0.25414054752470955
587.0503597122301,0.025,0.31767568440588695
587.0503597122301,0.03,0.38121082128706435
587.0503597122301,0.035,0.44474595816824175
587.0503597122301,0.04,0.5082810950494191
587.0503597122301,0.045000000000000005,0.5718162319305966
587.0503597122301,0.05,0.6353513688117739
587.0503597122301,0.06,0.7624216425741287
587.0503597122301,0.06999999999999999,0.8894919163364835
587.0503597122301,0.08,1.0165621900988382
587.0503597122301,0.09,1.143632463861193
587.0503597122301,0.1,1.2707027376235478
587.0503597122301,0.11,1.3977730113859026
587.0503597122301,0.12,1.5248432851482574
587.0503597122301,0.13,1.6519135589106122
587.0503597122301,0.14,1.778983832672967
587.0503597122301,0.15,1.9060541064353218
587.0503597122301,0.16,2.0331243801976764
587.0503597122301,0.16999999999999998,2.1601946539600307
587.0503597122301,0.18,2.287264927722386
587.0503597122301,0.19,2.414335201484741
587.0503597122301,0.2,2.5414054752470956
587.0503597122301,0.21,2.6684757490094504
587.0503597122301,0.22,2.795546022771805
587.0503597122301,0.23,2.92261629653416
587.0503597122301,0.24,3.049686570296515
587.0503597122301,0.25,3.1767568440588696
587.0503597122301,0.3,3.8121082128706436
587.0503597122301,0.35,4.447459581682417
587.0503597122301,0.39999999999999997,5.08281095049419
587.0503597122301,0.44999999999999996,5.718162319305964
587.0503597122301,0.5,6.353513688117739
587.0503597122301,0.5499999999999999,6.988865056929511
587.0503597122301,0.6,7.624216425741287
587.0503597122301,0.6499999999999999,8.259567794553059
587.0503597122301,0.7,8.894919163364834
587.0503597122301,0.75,9.530270532176608
587.0503597122301,0.7999999999999999,10.16562190098838
587.0503597122301,0.8499999999999999,10.800973269800155
587.0503597122301,0.8999999999999999,11.436324638611929
587.0503597122301,0.95,12.071676007423704
587.0503597122301,1.0,12.707027376235478
602.158273381295,0.01,0.1208319917381667
602.158273381295,0.015,0.18124798760725006
602.158273381295,0.02,0.2416639834763334
602.158273381295,0.025,0.30207997934541675
602.158273381295,0.03,0.3624959752145001
602.158273381295,0.035,0.42291197108358347
602.158273381295,0.04,0.4833279669526668
602.158273381295,0.045000000000000005,0.5437439628217502
602.158273381295,0.05,0.6041599586908335
602.158273381295,0.06,0.7249919504290002
602.158273381295,0.06999999999999999,0.8458239421671669
602.158273381295,0.08,0.9666559339053336
602.158273381295,0.09,1.0874879256435004
602.158273381295,0.1,1.208319917381667
602.158273381295,0.11,1.3291519091198336
602.158273381295,0.12,1.4499839008580004
602.158273381295,0.13,1.570815892596167
602.158273381295,0.14,1.6916478843343339
602.158273381295,0.15,1.8124798760725005
602.158273381295,0.16,1.933311867810667
602.158273381295,0.16999999999999998,2.0541438595488337
602.158273381295,0.18,2.1749758512870008
602.158273381295,0.19,2.2958078430251674
602.158273381295,0.2,2.416639834763334
602.158273381295,0.21,2.5374718265015006
602.158273381295,0.22,2.658303818239667
602.158273381295,0.23,2.7791358099778343
602.158273381295,0.24,2.899967801716001
602.158273381295,0.25,3.0207997934541675
602.158273381295,0.3,3.624959752145001
602.158273381295,0.35,4.2291197108358345
602.158273381295,0.39999999999999997,4.833279669526667
602.158273381295,0.44999999999999996,5.437439628217501
602.158273381295,0.5,6.041599586908335
602.158273381295,0.5499999999999999,6.645759545599167
602.158273381295,0.6,7.249919504290002
602.158273381295,0.6499999999999999,7.854079462980834
602.158273381295,0.7,8.458239421671669
602.158273381295,0.75,9.062399380362503
602.158273381295,0.7999999999999999,9.666559339053334
602.158273381295,0.8499999999999999,10.270719297744169
602.158273381295,0.8999999999999999,10.874879256435001
602.158273381295,0.95,11.479039215125837
602.158273381295,1.0,12.08319917381667
617.2661870503597,0.01,0.11504339065687923
617.2661870503597,0.015,0.17256508598531883
617.2661870503597,0.02,0.23008678131375845
617.2661870503597,0.025,0.2876084766421981
617.2661870503597,0.03,0.34513017197063767
617.2661870503597,0.035,0.4026518672990773
617.2661870503597,0.04,0.4601735626275169
617.2661870503597,0.045000000000000005,0.5176952579559566
617.2661870503597,0.05,0.5752169532843961
617.2661870503597,0.06,0.6902603439412753
617.2661870503597,0.06999999999999999,0.8053037345981546
617.2661870503597,0.08,0.9203471252550338
617.2661870503597,0.09,1.035390515911913
617.2661870503597,0.1,1.1504339065687923
617.2661870503597,0.11,1.2654772972256714
617.2661870503597,0.12,1.3805206878825507
617.2661870503597,0.13,1.49556407853943
617.2661870503597,0.14,1.6106074691963093
617.2661870503597,0.15,1.7256508598531883
617.2661870503597,0.16,1.8406942505100676
617.2661870503597,0.16999999999999998,1.9557376411669465
617.2661870503597,0.18,2.070781031823826
617.2661870503597,0.19,2.1858244224807053
617.2661870503597,0.2,2.3008678131375846
617.2661870503597,0.21,2.415911203794464
617.2661870503597,0.22,2.5309545944513427
617.2661870503597,0.23,2.645997985108222
617.2661870503597,0.24,2.7610413757651013
617.2661870503597,0.25,2.8760847664219806
617.2661870503597,0.3,3.4513017197063767
617.2661870503597,0.35,4.026518672990773
617.2661870503597,0.39999999999999997,4.601735626275168
617.2661870503597,0.44999999999999996,5.176952579559565
617.2661870503597,0.5,5.752169532843961
617.2661870503597,0.5499999999999999,6.327386486128356
617.2661870503597,0.6,6.902603439412753
617.2661870503597,0.6499999999999999,7.477820392697148
617.2661870503597,0.7,8.053037345981545
617.2661870503597,0.75,8.628254299265942
617.2661870503597,0.7999999999999999,9.203471252550337
617.2661870503597,0.8499999999999999,9.778688205834733
617.2661870503597,0.8999999999999999,10.35390515911913
617.2661870503597,0.95,10.929122112403526
617.2661870503597,1.0,11.504339065687923
632.3741007194244,0.01,0.10966220615934379
632.3741007194244,0.015,0.16449330923901567
632.3741007194244,0.02,0.21932441231868757
632.3741007194244,0.025,0.2741555153983595
632.3741007194244,0.03,0.32898661847803135
632.3741007194244,0.035,0.3838177215577033
632.3741007194244,0.04,0.43864882463737515
632.3741007194244,0.045000000000000005,0.49347992771704713
632.3741007194244,0.05,0.548311030796719
632.3741007194244,0.06,0.6579732369560627
632.3741007194244,0.06999999999999999,0.7676354431154065
632.3741007194244,0.08,0.8772976492747503
632.3741007194244,0.09,0.986959855434094
632.3741007194244,0.1,1.096622061593438
632.3741007194244,0.11,1.2062842677527816
632.3741007194244,0.12,1.3159464739121254
632.3741007194244,0.13,1.4256086800714691
632.3741007194244,0.14,1.535270886230813
632.3741007194244,0.15,1.6449330923901568
632.3741007194244,0.16,1.7545952985495006
632.3741007194244,0.16999999999999998,1.864257504708844
632.3741007194244,0.18,1.973919710868188
632.3741007194244,0.19,2.083581917027532
632.3741007194244,0.2,2.193244123186876
632.3741007194244,0.21,2.3029063293462193
632.3741007194244,0.22,2.4125685355055633
632.3741007194244,0.23,2.5222307416649072
632.3741007194244,0.24,2.6318929478242508
632.3741007194244,0.25,2.7415551539835947
632.3741007194244,0.3,3.2898661847803137
632.3741007194244,0.35,3.8381772155770326
632.3741007194244,0.39999999999999997,4.386488246373751
632.3741007194244,0.44999999999999996,4.93479927717047
632.3741007194244,0.5,5.4831103079671895
632.3741007194244,0.5499999999999999,6.031421338763907
632.3741007194244,0.6,6.579732369560627
632.3741007194244,0.6499999999999999,7.1280434003573445
632.3741007194244,0.7,7.676354431154065
632.3741007194244,0.75,8.224665461950783
632.3741007194244,0.7999999999999999,8.772976492747501
632.3741007194244,0.8499999999999999,9.321287523544221
632.3741007194244,0.8999999999999999,9.86959855434094
632.3741007194244,0.95,10.417909585137659
632.3741007194244,1.0,10.966220615934379
647.4820143884892,0.01,0.10465102915841566
647.4820143884892,0.015,0.1569765437376235
647.4820143884892,0.02,0.20930205831683132
647.4820143884892,0.025,0.26162757289603916
647.4820143884892,0.03,0.313953087475247
647.4820143884892,0.035,0.36627860205445484
647.4820143884892,0.04,0.41860411663366265
647.4820143884892,0.045000000000000005,0.47092963121287057
647.4820143884892,0.05,0.5232551457920783
647.4820143884892,0.06,0.627906174950494
647.4820143884892,0.06999999999999999,0.7325572041089097
647.4820143884892,0.08,0.8372082332673253
647.4820143884892,0.09,0.9418592624257409
647.4820143884892,0.1,1.0465102915841566
647.4820143884892,0.11,1.1511613207425722
647.4820143884892,0.12,1.255812349900988
647.4820143884892,0.13,1.3604633790594036
647.4820143884892,0.14,1.4651144082178194
647.4820143884892,0.15,1.5697654373762349
647.4820143884892,0.16,1.6744164665346506
647.4820143884892,0.16999999999999998,1.7790674956930659
647.4820143884892,0.18,1.8837185248514818
647.4820143884892,0.19,1.9883695540098976
647.4820143884892,0.2,2.0930205831683133
647.4820143884892,0.21,2.197671612326729
647.4820143884892,0.22,2.3023226414851443
647.4820143884892,0.23,2.40697367064356
647.4820143884892,0.24,2.511624699801976
647.4820143884892,0.25,2.6162757289603915
647.4820143884892,0.3,3.1395308747524697
647.4820143884892,0.35,3.662786020544548
647.4820143884892,0.39999999999999997,4.186041166336626
647.4820143884892,0.44999999999999996,4.709296312128704
647.4820143884892,0.5,5.232551457920783
647.4820143884892,0.5499999999999999,5.75580660371286
647.4820143884892,0.6,6.2790617495049394
647.4820143884892,0.6499999999999999,6.802316895297016
647.4820143884892,0.7,7.325572041089096
647.4820143884892,0.75,7.8488271868811745
647.4820143884892,0.7999999999999999,8.372082332673251
647.4820143884892,0.8499999999999999,8.89533747846533
647.4820143884892,0.8999999999999999,9.418592624257409
647.4820143884892,0.95,9.941847770049488
647.4820143884892,1.0,10.465102915841566
662.589928057554,0.01,0.09997665122041702
662.589928057554,0.015,0.1499649768306255
662.589928057554,0.02,0.19995330244083404
662.589928057554,0.025,0.24994162805104253
662.589928057554,0.03,0.299929953661251
662.589928057554,0.035,0.3499182792714596
662.589928057554,0.04,0.39990660488166807
662.589928057554,0.045000000000000005,0.4498949304918766
662.589928057554,0.05,0.49988325610208506
662.589928057554,0.06,0.599859907322502
662.589928057554,0.06999999999999999,0.6998365585429192
662.589928057554,0.08,0.7998132097633361
662.589928057554,0.09,0.8997898609837531
662.589928057554,0.1,0.9997665122041701
662.589928057554,0.11,1.0997431634245871
662.589928057554,0.12,1.199719814645004
662.589928057554,0.13,1.299696465865421
662.589928057554,0.14,1.3996731170858383
662.589928057554,0.15,1.4996497683062553
662.589928057554,0.16,1.5996264195266723
662.589928057554,0.16999999999999998,1.699603070747089
662.589928057554,0.18,1.7995797219675063
662.589928057554,0.19,1.8995563731879233
662.589928057554,0.2,1.9995330244083402
662.589928057554,0.21,2.0995096756287572
662.589928057554,0.22,2.1994863268491742
662.589928057554,0.23,2.299462978069591
662.589928057554,0.24,2.399439629290008
662.589928057554,0.25,2.499416280510425
662.589928057554,0.3,2.9992995366125106
662.589928057554,0.35,3.4991827927145955
662.589928057554,0.39999999999999997,3.99906604881668
662.589928057554,0.44999999999999996,4.498949304918765
662.589928057554,0.5,4.99883256102085
662.589928057554,0.5499999999999999,5.4987158171229344
662.589928057554,0.6,5.998599073225021
662.589928057554,0.6499999999999999,6.498482329327104
662.589928057554,0.7,6.998365585429191
662.589928057554,0.75,7.498248841531276
662.589928057554,0.7999999999999999,7.99813209763336
662.589928057554,0.8499999999999999,8.498015353735445
662.589928057554,0.8999999999999999,8.99789860983753
662.589928057554,0.95,9.497781865939617
662.589928057554,1.0,9.9976651220417
677.6978417266187,0.01,0.09560951068787238
677.6978417266187,0.015,0.14341426603180857
677.6978417266187,0.02,0.19121902137574476
677.6978417266187,0.025,0.23902377671968095
677.6978417266187,0.03,0.28682853206361714
677.6978417266187,0.035,0.3346332874075533
677.6978417266187,0.04,0.3824380427514895
677.6978417266187,0.045000000000000005,0.4302427980954258
677.6978417266187,0.05,0.4780475534393619
677.6978417266187,0.06,0.5736570641272343
677.6978417266187,0.06999999999999999,0.6692665748151067
677.6978417266187,0.08,0.764876085502979
677.6978417266187,0.09,0.8604855961908514
677.6978417266187,0.1,0.9560951068787238
677.6978417266187,0.11,1.0517046175665963
677.6978417266187,0.12,1.1473141282544685
677.6978417266187,0.13,1.242923638942341
677.6978417266187,0.14,1.3385331496302133
677.6978417266187,0.15,1.4341426603180858
677.6978417266187,0.16,1.529752171005958
677.6978417266187,0.16999999999999998,1.6253616816938303
677.6978417266187,0.18,1.7209711923817028
677.6978417266187,0.19,1.8165807030695753
677.6978417266187,0.2,1.9121902137574476
677.6978417266187,0.21,2.00779972444532
677.6978417266187,0.22,2.1034092351331926
677.6978417266187,0.23,2.1990187458210646
677.6978417266187,0.24,2.294628256508937
677.6978417266187,0.25,2.3902377671968096
677.6978417266187,0.3,2.8682853206361716
677.6978417266187,0.35,3.3463328740755336
677.6978417266187,0.39999999999999997,3.8243804275148947
677.6978417266187,0.44999999999999996,4.302427980954256
677.6978417266187,0.5,4.780475534393619
677.6978417266187,0.5499999999999999,5.25852308783298
677.6978417266187,0.6,5.736570641272343
677.6978417266187,0.6499999999999999,6.214618194711703
677.6978417266187,0.7,6.692665748151067
677.6978417266187,0.75,7.170713301590429
677.6978417266187,0.7999999999999999,7.648760855029789
677.6978417266187,0.8499999999999999,8.126808408469152
677.6978417266187,0.8999999999999999,8.604855961908513
677.6978417266187,0.95,9.082903515347876
677.6978417266187,1.0,9.560951068787238
692.8057553956835,0.01,0.09152322220231136
692.8057553956835,0.015,0.13728483330346705
692.8057553956835,0.02,0.18304644440462273
692.8057553956835,0.025,0.2288080555057784
692.8057553956835,0.03,0.2745696666069341
692.8057553956835,0.035,0.3203312777080898
692.8057553956835,0.04,0.36609288880924545
692.8057553956835,0.045000000000000005,0.4118544999104012
692.8057553956835,0.05,0.4576161110115568
692.8057553956835,0.06,0.5491393332138682
692.8057553956835,0.06999999999999999,0.6406625554161796
692.8057553956835,0.08,0.7321857776184909
692.8057553956835,0.09,0.8237089998208023
692.8057553956835,0.1,0.9152322220231136
692.8057553956835,0.11,1.006755444225425
692.8057553956835,0.12,1.0982786664277364
692.8057553956835,0.13,1.1898018886300477
692.8057553956835,0.14,1.2813251108323591
692.8057553956835,0.15,1.3728483330346706
692.8057553956835,0.16,1.4643715552369818
692.8057553956835,0.16999999999999998,1.5558947774392928
692.8057553956835,0.18,1.6474179996416045
692.8057553956835,0.19,1.738941221843916
692.8057553956835,0.2,1.8304644440462272
692.8057553956835,0.21,1.9219876662485387
692.8057553956835,0.22,2.01351088845085
692.8057553956835,0.23,2.1050341106531616
692.8057553956835,0.24,2.196557332855473
692.8057553956835,0.25,2.288080555057784
692.8057553956835,0.3,2.745696666069341
692.8057553956835,0.35,3.203312777080898
692.8057553956835,0.39999999999999997,3.660928888092454
692.8057553956835,0.44999999999999996,4.118544999104011
692.8057553956835,0.5,4.576161110115568
692.8057553956835,0.5499999999999999,5.033777221127124
692.8057553956835,0.6,5.491393332138682
692.8057553956835,0.6499999999999999,5.949009443150238
692.8057553956835,0.7,6.406625554161796
692.8057553956835,0.75,6.864241665173353
692.8057553956835,0.7999999999999999,7.321857776184908
692.8057553956835,0.8499999999999999,7.779473887196465
692.8057553956835,0.8999999999999999,8.237089998208022
692.8057553956835,0.95,8.69470610921958
692.8057553956835,1.0,9.152322220231136
707.9136690647482,0.01,0.08769417557395565
707.9136690647482,0.015,0.13154126336093347
707.9136690647482,0.02,0.1753883511479113
707.9136690647482,0.025,0.21923543893488912
707.9136690647482,0.03,0.26308252672186694
707.9136690647482,0.035,0.30692961450884476
707.9136690647482,0.04,0.3507767022958226
707.9136690647482,0.045000000000000005,0.39462379008280046
707.9136690647482,0.05,0.43847087786977823
707.9136690647482,0.06,0.5261650534437339
707.9136690647482,0.06999999999999999,0.6138592290176895
707.9136690647482,0.08,0.7015534045916452
707.9136690647482,0.09,0.7892475801656008
707.9136690647482,0.1,0.8769417557395565
707.9136690647482,0.11,0.9646359313135121
707.9136690647482,0.12,1.0523301068874678
707.9136690647482,0.13,1.1400242824614235
707.9136690647482,0.14,1.227718458035379
707.9136690647482,0.15,1.3154126336093348
707.9136690647482,0.16,1.4031068091832903
707.9136690647482,0.16999999999999998,1.4908009847572457
707.9136690647482,0.18,1.5784951603312016
707.9136690647482,0.19,1.6661893359051574
707.9136690647482,0.2,1.753883511479113
707.9136690647482,0.21,1.8415776870530687
707.9136690647482,0.22,1.9292718626270242
707.9136690647482,0.23,2.0169660382009797
707.9136690647482,0.24,2.1046602137749355
707.9136690647482,0.25,2.1923543893488913
707.9136690647482,0.3,2.6308252672186696
707.9136690647482,0.35,3.0692961450884475
707.9136690647482,0.39999999999999997,3.5077670229582254
707.9136690647482,0.44999999999999996,3.9462379008280037
707.9136690647482,0.5,4.3847087786977825
707.9136690647482,0.5499999999999999,4.823179656567559
707.9136690647482,0.6,5.261650534437339
707.9136690647482,0.6499999999999999,5.700121412307116
707.9136690647482,0.7,6.138592290176895
707.9136690647482,0.75,6.577063168046673
707.9136690647482,0.7999999999999999,7.015534045916451
707.9136690647482,0.8499999999999999,7.454004923786229
707.9136690647482,0.8999999999999999,7.8924758016560075
707.9136690647482,0.95,8.330946679525786
707.9136690647482,1.0,8.769417557395565
723.0215827338129,0.01,0.08410119255462953
723.0215827338129,0.015,0.1261517888319443
723.0215827338129,0.02,0.16820238510925906
723.0215827338129,0.025,0.21025298138657383
723.0215827338129,0.03,0.2523035776638886
723.0215827338129,0.035,0.2943541739412034
723.0215827338129,0.04,0.3364047702185181
723.0215827338129,0.045000000000000005,0.37845536649583295
723.0215827338129,0.05,0.42050596277314767
723.0215827338129,0.06,0.5046071553277772
723.0215827338129,0.06999999999999999,0.5887083478824068
723.0215827338129,0.08,0.6728095404370362
723.0215827338129,0.09,0.7569107329916658
723.0215827338129,0.1,0.8410119255462953
723.0215827338129,0.11,0.9251131181009249
723.0215827338129,0.12,1.0092143106555544
723.0215827338129,0.13,1.093315503210184
723.0215827338129,0.14,1.1774166957648136
723.0215827338129,0.15,1.261517888319443
723.0215827338129,0.16,1.3456190808740724
723.0215827338129,0.16999999999999998,1.4297202734287018
723.0215827338129,0.18,1.5138214659833316
723.0215827338129,0.19,1.5979226585379611
723.0215827338129,0.2,1.6820238510925907
723.0215827338129,0.21,1.7661250436472202
723.0215827338129,0.22,1.8502262362018498
723.0215827338129,0.23,1.9343274287564793
723.0215827338129,0.24,2.018428621311109
723.0215827338129,0.25,2.1025298138657385
723.0215827338129,0.3,2.523035776638886
723.0215827338129,0.35,2.9435417394120336
723.0215827338129,0.39999999999999997,3.364047702185181
723.0215827338129,0.44999999999999996,3.7845536649583287
723.0215827338129,0.5,4.205059627731477
723.0215827338129,0.5499999999999999,4.625565590504623
723.0215827338129,0.6,5.046071553277772
723.0215827338129,0.6499999999999999,5.4665775160509185
723.0215827338129,0.7,5.887083478824067
723.0215827338129,0.75,6.307589441597215
723.0215827338129,0.7999999999999999,6.728095404370362
723.0215827338129,0.8499999999999999,7.14860136714351
723.0215827338129,0.8999999999999999,7.569107329916657
723.0215827338129,0.95,7.989613292689806
723.0215827338129,1.0,8.410119255462954
738.1294964028777,0.01,0.08072523215216848
738.1294964028777,0.015,0.12108784822825272
738.1294964028777,0.02,0.16145046430433696
738.1294964028777,0.025,0.2018130803804212
738.1294964028777,0.03,0.24217569645650544
738.1294964028777,0.035,0.28253831253258965
738.1294964028777,0.04,0.3229009286086739
738.1294964028777,0.045000000000000005,0.3632635446847582
738.1294964028777,0.05,0.4036261607608424
738.1294964028777,0.06,0.4843513929130109
738.1294964028777,0.06999999999999999,0.5650766250651793
738.1294964028777,0.08,0.6458018572173478
738.1294964028777,0.09,0.7265270893695163
738.1294964028777,0.1,0.8072523215216848
738.1294964028777,0.11,0.8879775536738532
738.1294964028777,0.12,0.9687027858260218
738.1294964028777,0.13,1.0494280179781903
738.1294964028777,0.14,1.1301532501303586
738.1294964028777,0.15,1.2108784822825271
738.1294964028777,0.16,1.2916037144346957
738.1294964028777,0.16999999999999998,1.3723289465868638
738.1294964028777,0.18,1.4530541787390325
738.1294964028777,0.19,1.533779410891201
738.1294964028777,0.2,1.6145046430433696
738.1294964028777,0.21,1.695229875195538
738.1294964028777,0.22,1.7759551073477065
738.1294964028777,0.23,1.856680339499875
738.1294964028777,0.24,1.9374055716520435
738.1294964028777,0.25,2.018130803804212
738.1294964028777,0.3,2.4217569645650543
738.1294964028777,0.35,2.8253831253258967
738.1294964028777,0.39999999999999997,3.2290092860867388
738.1294964028777,0.44999999999999996,3.6326354468475808
738.1294964028777,0.5,4.036261607608424
738.1294964028777,0.5499999999999999,4.439887768369265
738.1294964028777,0.6,4.843513929130109
738.1294964028777,0.6499999999999999,5.24714008989095
738.1294964028777,0.7,5.6507662506517935
738.1294964028777,0.75,6.0543924114126355
738.1294964028777,0.7999999999999999,6.4580185721734775
738.1294964028777,0.8499999999999999,6.8616447329343195
738.1294964028777,0.8999999999999999,7.2652708936951615
738.1294964028777,0.95,7.668897054456005
738.1294964028777,1.0,8.072523215216847
753.2374100719425,0.01,0.0775491367939676
753.2374100719425,0.015,0.1163237051909514
753.2374100719425,0.02,0.1550982735879352
753.2374100719425,0.025,0.19387284198491903
753.2374100719425,0.03,0.2326474103819028
753.2374100719425,0.035,0.27142197877888663
753.2374100719425,0.04,0.3101965471758704
753.2374100719425,0.045000000000000005,0.3489711155728543
753.2374100719425,0.05,0.38774568396983805
753.2374100719425,0.06,0.4652948207638056
753.2374100719425,0.06999999999999999,0.5428439575577733
753.2374100719425,0.08,0.6203930943517408
753.2374100719425,0.09,0.6979422311457084
753.2374100719425,0.1,0.7754913679396761
753.2374100719425,0.11,0.8530405047336437
753.2374100719425,0.12,0.9305896415276113
753.2374100719425,0.13,1.008138778321579
753.2374100719425,0.14,1.0856879151155465
753.2374100719425,0.15,1.163237051909514
753.2374100719425,0.16,1.2407861887034817
753.2374100719425,0.16999999999999998,1.318335325497449
753.2374100719425,0.18,1.3958844622914168
753.2374100719425,0.19,1.4734335990853846
753.2374100719425,0.2,1.5509827358793522
753.2374100719425,0.21,1.6285318726733198
753.2374100719425,0.22,1.7060810094672874
753.2374100719425,0.23,1.783630146261255
753.2374100719425,0.24,1.8611792830552225
753.2374100719425,0.25,1.93872841984919
753.2374100719425,0.3,2.326474103819028
753.2374100719425,0.35,2.714219787788866
753.2374100719425,0.39999999999999997,3.101965471758704
753.2374100719425,0.44999999999999996,3.489711155728542
753.2374100719425,0.5,3.87745683969838
753.2374100719425,0.5499999999999999,4.265202523668218
753.2374100719425,0.6,4.652948207638056
753.2374100719425,0.6499999999999999,5.040693891607893
753.2374100719425,0.7,5.428439575577732
753.2374100719425,0.75,5.816185259547571
753.2374100719425,0.7999999999999999,6.203930943517408
753.2374100719425,0.8499999999999999,6.591676627487246
753.2374100719425,0.8999999999999999,6.979422311457084
753.2374100719425,0.95,7.3671679954269225
753.2374100719425,1.0,7.75491367939676
768.3453237410072,0.01,0.0745574129923063
768.3453237410072,0.015,0.11183611948845945
768.3453237410072,0.02,0.1491148259846126
768.3453237410072,0.025,0.18639353248076573
768.3453237410072,0.03,0.2236722389769189
768.3453237410072,0.035,0.260950945473072
768.3453237410072,0.04,0.2982296519692252
768.3453237410072,0.045000000000000005,0.3355083584653784
768.3453237410072,0.05,0.37278706496153147
768.3453237410072,0.06,0.4473444779538378
768.3453237410072,0.06999999999999999,0.521901890946144
768.3453237410072,0.08,0.5964593039384504
768.3453237410072,0.09,0.6710167169307567
768.3453237410072,0.1,0.7455741299230629
768.3453237410072,0.11,0.8201315429153693
768.3453237410072,0.12,0.8946889559076756
768.3453237410072,0.13,0.9692463688999818
768.3453237410072,0.14,1.043803781892288
768.3453237410072,0.15,1.1183611948845944
768.3453237410072,0.16,1.1929186078769007
768.3453237410072,0.16999999999999998,1.2674760208692069
768.3453237410072,0.18,1.3420334338615134
768.3453237410072,0.19,1.4165908468538198
768.3453237410072,0.2,1.4911482598461259
768.3453237410072,0.21,1.5657056728384322
768.3453237410072,0.22,1.6402630858307385
768.3453237410072,0.23,1.7148204988230449
768.3453237410072,0.24,1.7893779118153512
768.3453237410072,0.25,1.8639353248076573
768.3453237410072,0.3,2.236722389769189
768.3453237410072,0.35,2.6095094547307203
768.3453237410072,0.39999999999999997,2.9822965196922513
768.3453237410072,0.44999999999999996,3.3550835846537828
768.3453237410072,0.5,3.7278706496153147
768.3453237410072,0.5499999999999999,4.100657714576846
768.3453237410072,0.6,4.473444779538378
768.3453237410072,0.6499999999999999,4.846231844499909
768.3453237410072,0.7,5.2190189094614405
768.3453237410072,0.75,5.5918059744229724
768.3453237410072,0.7999999999999999,5.964593039384503
768.3453237410072,0.8499999999999999,6.3373801043460345
768.3453237410072,0.8999999999999999,6.7101671693075655
768.3453237410072,0.95,7.082954234269098
768.3453237410072,1.0,7.455741299230629
783.453237410072,0.01,0.07173604125272377
783.453237410072,0.015,0.10760406187908567
783.453237410072,0.02,0.14347208250544755
783.453237410072,0.025,0.17934010313180945
783.453237410072,0.03,0.21520812375817133
783.453237410072,0.035,0.25107614438453324
783.453237410072,0.04,0.2869441650108951
783.453237410072,0.045000000000000005,0.32281218563725705
783.453237410072,0.05,0.3586802062636189
783.453237410072,0.06,0.43041624751634266
783.453237410072,0.06999999999999999,0.5021522887690665
783.453237410072,0.08,0.5738883300217902
783.453237410072,0.09,0.645624371274514
783.453237410072,0.1,0.7173604125272378
783.453237410072,0.11,0.7890964537799615
783.453237410072,0.12,0.8608324950326853
783.453237410072,0.13,0.9325685362854091
783.453237410072,0.14,1.004304577538133
783.453237410072,0.15,1.0760406187908567
783.453237410072,0.16,1.1477766600435804
783.453237410072,0.16999999999999998,1.219512701296304
783.453237410072,0.18,1.291248742549028
783.453237410072,0.19,1.3629847838017517
783.453237410072,0.2,1.4347208250544756
783.453237410072,0.21,1.5064568663071993
783.453237410072,0.22,1.578192907559923
783.453237410072,0.23,1.649928948812647
783.453237410072,0.24,1.7216649900653707
783.453237410072,0.25,1.7934010313180944
783.453237410072,0.3,2.1520812375817133
783.453237410072,0.35,2.510761443845332
783.453237410072,0.39999999999999997,2.869441650108951
783.453237410072,0.44999999999999996,3.2281218563725695
783.453237410072,0.5,3.5868020626361887
783.453237410072,0.5499999999999999,3.945482268899807
783.453237410072,0.6,4.304162475163427
783.453237410072,0.6499999999999999,4.662842681427045
783.453237410072,0.7,5.021522887690664
783.453237410072,0.75,5.380203093954283
783.453237410072,0.7999999999999999,5.738883300217902
783.453237410072,0.8499999999999999,6.09756350648152
783.453237410072,0.8999999999999999,6.456243712745139
783.453237410072,0.95,6.814923919008759
783.453237410072,1.0,7.1736041252723775
798.5611510791367,0.01,0.06907231085175082
798.5611510791367,0.015,0.10360846627762624
798.5611510791367,0.02,0.13814462170350164
798.5611510791367,0.025,0.17268077712937707
798.5611510791367,0.03,0.20721693255525248
798.5611510791367,0.035,0.2417530879811279
798.5611510791367,0.04,0.2762892434070033
798.5611510791367,0.045000000000000005,0.3108253988328788
798.5611510791367,0.05,0.34536155425875414
798.5611510791367,0.06,0.41443386511050495
798.5611510791367,0.06999999999999999,0.4835061759622558
798.5611510791367,0.08,0.5525784868140066
798.5611510791367,0.09,0.6216507976657575
798.5611510791367,0.1,0.6907231085175083
798.5611510791367,0.11,0.7597954193692591
798.5611510791367,0.12,0.8288677302210099
798.5611510791367,0.13,0.8979400410727607
798.5611510791367,0.14,0.9670123519245116
798.5611510791367,0.15,1.0360846627762623
798.5611510791367,0.16,1.1051569736280131
798.5611510791367,0.16999999999999998,1.174229284479764
798.5611510791367,0.18,1.243301595331515
798.5611510791367,0.19,1.3123739061832658
798.5611510791367,0.2,1.3814462170350166
798.5611510791367,0.21,1.4505185278867674
798.5611510791367,0.22,1.5195908387385182
798.5611510791367,0.23,1.588663149590269
798.5611510791367,0.24,1.6577354604420198
798.5611510791367,0.25,1.7268077712937706
798.5611510791367,0.3,2.0721693255525246
798.5611510791367,0.35,2.417530879811279
798.5611510791367,0.39999999999999997,2.7628924340700327
798.5611510791367,0.44999999999999996,3.1082539883287867
798.5611510791367,0.5,3.453615542587541
798.5611510791367,0.5499999999999999,3.798977096846295
798.5611510791367,0.6,4.144338651105049
798.5611510791367,0.6499999999999999,4.489700205363803
798.5611510791367,0.7,4.835061759622558
798.5611510791367,0.75,5.180423313881312
798.5611510791367,0.7999999999999999,5.525784868140065
798.5611510791367,0.8499999999999999,5.8711464223988195
798.5611510791367,0.8999999999999999,6.2165079766575735
798.5611510791367,0.95,6.561869530916328
798.5611510791367,1.0,6.907231085175082
813.6690647482014,0.01,0.06655467583284858
813.6690647482014,0.015,0.09983201374927285
813.6690647482014,0.02,0.13310935166569715
813.6690647482014,0.025,0.1663866895821214
813.6690647482014,0.03,0.1996640274985457
813.6690647482014,0.035,0.23294136541497
813.6690647482014,0.04,0.2662187033313943
813.6690647482014,0.045000000000000005,0.2994960412478186
813.6690647482014,0.05,0.3327733791642428
813.6690647482014,0.06,0.3993280549970914
813.6690647482014,0.06999999999999999,0.46588273082994
813.6690647482014,0.08,0.5324374066627886
813.6690647482014,0.09,0.5989920824956372
813.6690647482014,0.1,0.6655467583284856
813.6690647482014,0.11,0.7321014341613342
813.6690647482014,0.12,0.7986561099941828
813.6690647482014,0.13,0.8652107858270314
813.6690647482014,0.14,0.93176546165988
813.6690647482014,0.15,0.9983201374927285
813.6690647482014,0.16,1.0648748133255772
813.6690647482014,0.16999999999999998,1.1314294891584256
813.6690647482014,0.18,1.1979841649912744
813.6690647482014,0.19,1.2645388408241227
813.6690647482014,0.2,1.3310935166569713
813.6690647482014,0.21,1.3976481924898199
813.6690647482014,0.22,1.4642028683226684
813.6690647482014,0.23,1.530757544155517
813.6690647482014,0.24,1.5973122199883656
813.6690647482014,0.25,1.6638668958212142
813.6690647482014,0.3,1.996640274985457
813.6690647482014,0.35,2.3294136541497
813.6690647482014,0.39999999999999997,2.6621870333139426
813.6690647482014,0.44999999999999996,2.9949604124781852
813.6690647482014,0.5,3.3277337916424283
813.6690647482014,0.5499999999999999,3.6605071708066705
813.6690647482014,0.6,3.993280549970914
813.6690647482014,0.6499999999999999,4.326053929135156
813.6690647482014,0.7,4.6588273082994
813.6690647482014,0.75,4.9916006874636425
813.6690647482014,0.7999999999999999,5.324374066627885
813.6690647482014,0.8499999999999999,5.657147445792128
813.6690647482014,0.8999999999999999,5.9899208249563705
813.6690647482014,0.95,6.322694204120614
813.6690647482014,1.0,6.655467583284857
828.7769784172662,0.01,0.06417262916169525
828.7769784172662,0.015,0.09625894374254287
828.7769784172662,0.02,0.1283452583233905
828.7769784172662,0.025,0.16043157290423812
828.7769784172662,0.03,0.19251788748508575
828.7769784172662,0.035,0.22460420206593337
828.7769784172662,0.04,0.256690516646781
828.7769784172662,0.045000000000000005,0.28877683122762865
828.7769784172662,0.05,0.32086314580847625
828.7769784172662,0.06,0.3850357749701715
828.7769784172662,0.06999999999999999,0.44920840413186675
828.7769784172662,0.08,0.513381033293562
828.7769784172662,0.09,0.5775536624552573
828.7769784172662,0.1,0.6417262916169525
828.7769784172662,0.11,0.7058989207786478
828.7769784172662,0.12,0.770071549940343
828.7769784172662,0.13,0.8342441791020383
828.7769784172662,0.14,0.8984168082637335
828.7769784172662,0.15,0.9625894374254288
828.7769784172662,0.16,1.026762066587124
828.7769784172662,0.16999999999999998,1.090934695748819
828.7769784172662,0.18,1.1551073249105146
828.7769784172662,0.19,1.2192799540722097
828.7769784172662,0.2,1.283452583233905
828.7769784172662,0.21,1.3476252123956003
828.7769784172662,0.22,1.4117978415572956
828.7769784172662,0.23,1.4759704707189907
828.7769784172662,0.24,1.540143099880686
828.7769784172662,0.25,1.6043157290423813
828.7769784172662,0.3,1.9251788748508576
828.7769784172662,0.35,2.246042020659334
828.7769784172662,0.39999999999999997,2.5669051664678095
828.7769784172662,0.44999999999999996,2.887768312276286
828.7769784172662,0.5,3.2086314580847626
828.7769784172662,0.5499999999999999,3.5294946038932378
828.7769784172662,0.6,3.850357749701715
828.7769784172662,0.6499999999999999,4.17122089551019
828.7769784172662,0.7,4.492084041318668
828.7769784172662,0.75,4.812947187127143
828.7769784172662,0.7999999999999999,5.133810332935619
828.7769784172662,0.8499999999999999,5.454673478744096
828.7769784172662,0.8999999999999999,5.775536624552572
828.7769784172662,0.95,6.096399770361049
828.7769784172662,1.0,6.417262916169525
843.884892086331,0.01,0.06191659246936719
843.884892086331,0.015,0.09287488870405079
843.884892086331,0.02,0.12383318493873438
843.884892086331,0.025,0.15479148117341798
843.884892086331,0.03,0.18574977740810159
843.884892086331,0.035,0.2167080736427852
843.884892086331,0.04,0.24766636987746876
843.884892086331,0.045000000000000005,0.2786246661121524
843.884892086331,0.05,0.30958296234683597
843.884892086331,0.06,0.37149955481620317
843.884892086331,0.06999999999999999,0.4334161472855704
843.884892086331,0.08,0.4953327397549375
843.884892086331,0.09,0.5572493322243047
843.884892086331,0.1,0.6191659246936719
843.884892086331,0.11,0.6810825171630391
843.884892086331,0.12,0.7429991096324063
843.884892086331,0.13,0.8049157021017735
843.884892086331,0.14,0.8668322945711407
843.884892086331,0.15,0.928748887040508
843.884892086331,0.16,0.990665479509875
843.884892086331,0.16999999999999998,1.052582071979242
843.884892086331,0.18,1.1144986644486095
843.884892086331,0.19,1.1764152569179767
843.884892086331,0.2,1.2383318493873439
843.884892086331,0.21,1.300248441856711
843.884892086331,0.22,1.3621650343260783
843.884892086331,0.23,1.4240816267954455
843.884892086331,0.24,1.4859982192648127
843.884892086331,0.25,1.5479148117341799
843.884892086331,0.3,1.857497774081016
843.884892086331,0.35,2.167080736427852
843.884892086331,0.39999999999999997,2.4766636987746873
843.884892086331,0.44999999999999996,2.7862466611215235
843.884892086331,0.5,3.0958296234683598
843.884892086331,0.5499999999999999,3.4054125858151947
843.884892086331,0.6,3.714995548162032
843.884892086331,0.6499999999999999,4.024578510508867
843.884892086331,0.7,4.334161472855704
843.884892086331,0.75,4.64374443520254
843.884892086331,0.7999999999999999,4.953327397549375
843.884892086331,0.8499999999999999,5.26291035989621
843.884892086331,0.8999999999999999,5.572493322243047
843.884892086331,0.95,5.882076284589884
843.884892086331,1.0,6.1916592469367195
858.9928057553957,0.01,0.059777819214562544
858.9928057553957,0.015,0.08966672882184382
858.9928057553957,0.02,0.11955563842912509
858.9928057553957,0.025,0.14944454803640636
858.9928057553957,0.03,0.17933345764368763
858.9928057553957,0.035,0.2092223672509689
858.9928057553957,0.04,0.23911127685825018
858.9928057553957,0.045000000000000005,0.2690001864655315
858.9928057553957,0.05,0.2988890960728127
858.9928057553957,0.06,0.35866691528737527
858.9928057553957,0.06999999999999999,0.4184447345019378
858.9928057553957,0.08,0.47822255371650035
858.9928057553957,0.09,0.5380003729310628
858.9928057553957,0.1,0.5977781921456254
858.9928057553957,0.11,0.6575560113601879
858.9928057553957,0.12,0.7173338305747505
858.9928057553957,0.13,0.777111649789313
858.9928057553957,0.14,0.8368894690038756
858.9928057553957,0.15,0.8966672882184381
858.9928057553957,0.16,0.9564451074330007
858.9928057553957,0.16999999999999998,1.016222926647563
858.9928057553957,0.18,1.0760007458621257
858.9928057553957,0.19,1.1357785650766883
858.9928057553957,0.2,1.1955563842912509
858.9928057553957,0.21,1.2553342035058133
858.9928057553957,0.22,1.3151120227203759
858.9928057553957,0.23,1.3748898419349385
858.9928057553957,0.24,1.434667661149501
858.9928057553957,0.25,1.4944454803640634
858.9928057553957,0.3,1.7933345764368762
858.9928057553957,0.35,2.092223672509689
858.9928057553957,0.39999999999999997,2.3911127685825013
858.9928057553957,0.44999999999999996,2.690001864655314
858.9928057553957,0.5,2.988890960728127
858.9928057553957,0.5499999999999999,3.287780056800939
858.9928057553957,0.6,3.5866691528737524
858.9928057553957,0.6499999999999999,3.8855582489465643
858.9928057553957,0.7,4.184447345019378
858.9928057553957,0.75,4.483336441092191
858.9928057553957,0.7999999999999999,4.782225537165003
858.9928057553957,0.8499999999999999,5.081114633237815
858.9928057553957,0.8999999999999999,5.380003729310628
858.9928057553957,0.95,5.678892825383442
858.9928057553957,1.0,5.977781921456254
874.1007194244604,0.01,0.05774830942976641
874.1007194244604,0.015,0.08662246414464961
874.1007194244604,0.02,0.11549661885953282
874.1007194244604,0.025,0.14437077357441602
874.1007194244604,0.03,0.17324492828929922
874.1007194244604,0.035,0.20211908300418244
874.1007194244604,0.04,0.23099323771906563
874.1007194244604,0.045000000000000005,0.2598673924339489
874.1007194244604,0.05,0.28874154714883205
874.1007194244604,0.06,0.34648985657859843
874.1007194244604,0.06999999999999999,0.4042381660083649
874.1007194244604,0.08,0.46198647543813126
874.1007194244604,0.09,0.5197347848678977
874.1007194244604,0.1,0.5774830942976641
874.1007194244604,0.11,0.6352314037274305
874.1007194244604,0.12,0.6929797131571969
874.1007194244604,0.13,0.7507280225869634
874.1007194244604,0.14,0.8084763320167297
874.1007194244604,0.15,0.8662246414464961
874.1007194244604,0.16,0.9239729508762625
874.1007194244604,0.16999999999999998,0.9817212603060288
874.1007194244604,0.18,1.0394695697357954
874.1007194244604,0.19,1.0972178791655618
874.1007194244604,0.2,1.1549661885953282
874.1007194244604,0.21,1.2127144980250946
874.1007194244604,0.22,1.270462807454861
874.1007194244604,0.23,1.3282111168846273
874.1007194244604,0.24,1.3859594263143937
874.1007194244604,0.25,1.4437077357441603
874.1007194244604,0.3,1.7324492828929923
874.1007194244604,0.35,2.0211908300418244
874.1007194244604,0.39999999999999997,2.309932377190656
874.1007194244604,0.44999999999999996,2.598673924339488
874.1007194244604,0.5,2.8874154714883207
874.1007194244604,0.5499999999999999,3.1761570186371517
874.1007194244604,0.6,3.4648985657859845
874.1007194244604,0.6499999999999999,3.753640112934816
874.1007194244604,0.7,4.042381660083649
874.1007194244604,0.75,4.331123207232481
874.1007194244604,0.7999999999999999,4.619864754381312
874.1007194244604,0.8499999999999999,4.908606301530144
874.1007194244604,0.8999999999999999,5.197347848678976
874.1007194244604,0.95,5.4860893958278085
874.1007194244604,1.0,5.774830942976641
889.2086330935252,0.01,0.05582073449389372
889.2086330935252,0.015,0.08373110174084057
889.2086330935252,0.02,0.11164146898778744
889.2086330935252,0.025,0.1395518362347343
889.2086330935252,0.03,0.16746220348168114
889.2086330935252,0.035,0.19537257072862801
889.2086330935252,0.04,0.22328293797557489
889.2086330935252,0.045000000000000005,0.25119330522252176
889.2086330935252,0.05,0.2791036724694686
889.2086330935252,0.06,0.3349244069633623
889.2086330935252,0.06999999999999999,0.39074514145725603
889.2086330935252,0.08,0.44656587595114977
889.2086330935252,0.09,0.5023866104450435
889.2086330935252,0.1,0.5582073449389372
889.2086330935252,0.11,0.6140280794328309
889.2086330935252,0.12,0.6698488139267246
889.2086330935252,0.13,0.7256695484206184
889.2086330935252,0.14,0.7814902829145121
889.2086330935252,0.15,0.8373110174084057
889.2086330935252,0.16,0.8931317519022995
889.2086330935252,0.16999999999999998,0.948952486396193
889.2086330935252,0.18,1.004773220890087
889.2086330935252,0.19,1.0605939553839807
889.2086330935252,0.2,1.1164146898778744
889.2086330935252,0.21,1.172235424371768
889.2086330935252,0.22,1.2280561588656618
889.2086330935252,0.23,1.2838768933595555
889.2086330935252,0.24,1.3396976278534491
889.2086330935252,0.25,1.395518362347343
889.2086330935252,0.3,1.6746220348168115
889.2086330935252,0.35,1.9537257072862801
889.2086330935252,0.39999999999999997,2.2328293797557484
889.2086330935252,0.44999999999999996,2.511933052225217
889.2086330935252,0.5,2.791036724694686
889.2086330935252,0.5499999999999999,3.070140397164154
889.2086330935252,0.6,3.349244069633623
889.2086330935252,0.6499999999999999,3.628347742103091
889.2086330935252,0.7,3.9074514145725603
889.2086330935252,0.75,4.186555087042029
889.2086330935252,0.7999999999999999,4.465658759511497
889.2086330935252,0.8499999999999999,4.744762431980965
889.2086330935252,0.8999999999999999,5.023866104450434
889.2086330935252,0.95,5.302969776919904
889.2086330935252,1.0,5.582073449389372
904.31654676259,0.01,0.0539883706056748
904.31654676259,0.015,0.08098255590851221
904.31654676259,0.02,0.1079767412113496
904.31654676259,0.025,0.13497092651418702
904.31654676259,0.03,0.16196511181702442
904.31654676259,0.035,0.1889592971198618
904.31654676259,0.04,0.2159534824226992
904.31654676259,0.045000000000000005,0.24294766772553666
904.31654676259,0.05,0.26994185302837403
904.31654676259,0.06,0.32393022363404883
904.31654676259,0.06999999999999999,0.3779185942397236
904.31654676259,0.08,0.4319069648453984
904.31654676259,0.09,0.4858953354510732
904.31654676259,0.1,0.5398837060567481
904.31654676259,0.11,0.5938720766624228
904.31654676259,0.12,0.6478604472680977
904.31654676259,0.13,0.7018488178737725
904.31654676259,0.14,0.7558371884794473
904.31654676259,0.15,0.8098255590851221
904.31654676259,0.16,0.8638139296907968
904.31654676259,0.16999999999999998,0.9178023002964715
904.31654676259,0.18,0.9717906709021464
904.31654676259,0.19,1.0257790415078214
904.31654676259,0.2,1.0797674121134961
904.31654676259,0.21,1.1337557827191709
904.31654676259,0.22,1.1877441533248456
904.31654676259,0.23,1.2417325239305206
904.31654676259,0.24,1.2957208945361953
904.31654676259,0.25,1.34970926514187
904.31654676259,0.3,1.6196511181702442
904.31654676259,0.35,1.8895929711986181
904.31654676259,0.39999999999999997,2.159534824226992
904.31654676259,0.44999999999999996,2.4294766772553658
904.31654676259,0.5,2.69941853028374
904.31654676259,0.5499999999999999,2.9693603833121136
904.31654676259,0.6,3.2393022363404884
904.31654676259,0.6499999999999999,3.5092440893688615
904.31654676259,0.7,3.7791859423972363
904.31654676259,0.75,4.04912779542561
904.31654676259,0.7999999999999999,4.319069648453984
904.31654676259,0.8499999999999999,4.589011501482358
904.31654676259,0.8999999999999999,4.8589533545107315
904.31654676259,0.95,5.128895207539107
904.31654676259,1.0,5.39883706056748
919.4244604316547,0.01,0.05224503982608687
919.4244604316547,0.015,0.07836755973913032
919.4244604316547,0.02,0.10449007965217375
919.4244604316547,0.025,0.13061259956521717
919.4244604316547,0.03,0.15673511947826063
919.4244604316547,0.035,0.18285763939130406
919.4244604316547,0.04,0.2089801593043475
919.4244604316547,0.045000000000000005,0.23510267921739098
919.4244604316547,0.05,0.26122519913043435
919.4244604316547,0.06,0.31347023895652126
919.4244604316547,0.06999999999999999,0.3657152787826081
919.4244604316547,0.08,0.417960318608695
919.4244604316547,0.09,0.47020535843478184
919.4244604316547,0.1,0.5224503982608687
919.4244604316547,0.11,0.5746954380869556
919.4244604316547,0.12,0.6269404779130425
919.4244604316547,0.13,0.6791855177391294
919.4244604316547,0.14,0.7314305575652162
919.4244604316547,0.15,0.7836755973913031
919.4244604316547,0.16,0.83592063721739
919.4244604316547,0.16999999999999998,0.8881656770434767
919.4244604316547,0.18,0.9404107168695637
919.4244604316547,0.19,0.9926557566956505
919.4244604316547,0.2,1.0449007965217374
919.4244604316547,0.21,1.0971458363478244
919.4244604316547,0.22,1.1493908761739111
919.4244604316547,0.23,1.201635915999998
919.4244604316547,0.24,1.253880955826085
919.4244604316547,0.25,1.3061259956521718
919.4244604316547,0.3,1.5673511947826062
919.4244604316547,0.35,1.8285763939130406
919.4244604316547,0.39999999999999997,2.089801593043475
919.4244604316547,0.44999999999999996,2.3510267921739088
919.4244604316547,0.5,2.6122519913043436
919.4244604316547,0.5499999999999999,2.8734771904347776
919.4244604316547,0.6,3.1347023895652124
919.4244604316547,0.6499999999999999,3.395927588695646
919.4244604316547,0.7,3.657152787826081
919.4244604316547,0.75,3.9183779869565156
919.4244604316547,0.7999999999999999,4.17960318608695
919.4244604316547,0.8499999999999999,4.440828385217384
919.4244604316547,0.8999999999999999,4.7020535843478175
919.4244604316547,0.95,4.963278783478253
919.4244604316547,1.0,5.224503982608687
934.5323741007194,0.01,0.05058505772111717
934.5323741007194,0.015,0.07587758658167576
934.5323741007194,0.02,0.10117011544223434
934.5323741007194,0.025,0.12646264430279291
934.5323741007194,0.03,0.15175517316335152
934.5323741007194,0.035,0.1770477020239101
934.5323741007194,0.04,0.20234023088446867
934.5323741007194,0.045000000000000005,0.2276327597450273
934.5323741007194,0.05,0.25292528860558583
934.5323741007194,0.06,0.30351034632670304
934.5323741007194,0.06999999999999999,0.3540954040478202
934.5323741007194,0.08,0.40468046176893735
934.5323741007194,0.09,0.4552655194900545
934.5323741007194,0.1,0.5058505772111717
934.5323741007194,0.11,0.5564356349322889
934.5323741007194,0.12,0.6070206926534061
934.5323741007194,0.13,0.6576057503745232
934.5323741007194,0.14,0.7081908080956404
934.5323741007194,0.15,0.7587758658167576
934.5323741007194,0.16,0.8093609235378747
934.5323741007194,0.16999999999999998,0.8599459812589917
934.5323741007194,0.18,0.910531038980109
934.5323741007194,0.19,0.9611160967012262
934.5323741007194,0.2,1.0117011544223433
934.5323741007194,0.21,1.0622862121434606
934.5323741007194,0.22,1.1128712698645777
934.5323741007194,0.23,1.1634563275856948
934.5323741007194,0.24,1.2140413853068122
934.5323741007194,0.25,1.2646264430279293
934.5323741007194,0.3,1.5175517316335152
934.5323741007194,0.35,1.770477020239101
934.5323741007194,0.39999999999999997,2.0234023088446866
934.5323741007194,0.44999999999999996,2.276327597450272
934.5323741007194,0.5,2.5292528860558585
934.5323741007194,0.5499999999999999,2.7821781746614436
934.5323741007194,0.6,3.0351034632670304
934.5323741007194,0.6499999999999999,3.2880287518726155
934.5323741007194,0.7,3.540954040478202
934.5323741007194,0.75,3.7938793290837878
934.5323741007194,0.7999999999999999,4.046804617689373
934.5323741007194,0.8499999999999999,4.299729906294959
934.5323741007194,0.8999999999999999,4.552655194900544
934.5323741007194,0.95,4.805580483506131
934.5323741007194,1.0,5.058505772111717
949.6402877697842,0.01,0.04900318677345221
949.6402877697842,0.015,0.07350478016017832
949.6402877697842,0.02,0.09800637354690442
949.6402877697842,0.025,0.12250796693363053
949.6402877697842,0.03,0.14700956032035664
949.6402877697842,0.035,0.17151115370708273
949.6402877697842,0.04,0.19601274709380884
949.6402877697842,0.045000000000000005,0.22051434048053498
949.6402877697842,0.05,0.24501593386726106
949.6402877697842,0.06,0.2940191206407133
949.6402877697842,0.06999999999999999,0.34302230741416545
949.6402877697842,0.08,0.3920254941876177
949.6402877697842,0.09,0.4410286809610699
949.6402877697842,0.1,0.4900318677345221
949.6402877697842,0.11,0.5390350545079743
949.6402877697842,0.12,0.5880382412814266
949.6402877697842,0.13,0.6370414280548787
949.6402877697842,0.14,0.6860446148283309
949.6402877697842,0.15,0.7350478016017832
949.6402877697842,0.16,0.7840509883752353
949.6402877697842,0.16999999999999998,0.8330541751486874
949.6402877697842,0.18,0.8820573619221398
949.6402877697842,0.19,0.931060548695592
949.6402877697842,0.2,0.9800637354690442
949.6402877697842,0.21,1.0290669222424964
949.6402877697842,0.22,1.0780701090159486
949.6402877697842,0.23,1.1270732957894007
949.6402877697842,0.24,1.1760764825628531
949.6402877697842,0.25,1.2250796693363053
949.6402877697842,0.3,1.4700956032035664
949.6402877697842,0.35,1.7151115370708274
949.6402877697842,0.39999999999999997,1.960127470938088
949.6402877697842,0.44999999999999996,2.2051434048053493
949.6402877697842,0.5,2.4501593386726106
949.6402877697842,0.5499999999999999,2.695175272539871
949.6402877697842,0.6,2.9401912064071327
949.6402877697842,0.6499999999999999,3.185207140274393
949.6402877697842,0.7,3.430223074141655
949.6402877697842,0.75,3.6752390080089157
949.6402877697842,0.7999999999999999,3.920254941876176
949.6402877697842,0.8499999999999999,4.165270875743437
949.6402877697842,0.8999999999999999,4.410286809610699
949.6402877697842,0.95,4.65530274347796
949.6402877697842,1.0,4.900318677345221
964.7482014388489,0.01,0.0474945948477038
964.7482014388489,0.015,0.0712418922715557
964.7482014388489,0.02,0.0949891896954076
964.7482014388489,0.025,0.11873648711925949
964.7482014388489,0.03,0.1424837845431114
964.7482014388489,0.035,0.1662310819669633
964.7482014388489,0.04,0.1899783793908152
964.7482014388489,0.045000000000000005,0.21372567681466711
964.7482014388489,0.05,0.23747297423851899
964.7482014388489,0.06,0.2849675690862228
964.7482014388489,0.06999999999999999,0.3324621639339266
964.7482014388489,0.08,0.3799567587816304
964.7482014388489,0.09,0.4274513536293342
964.7482014388489,0.1,0.47494594847703797
964.7482014388489,0.11,0.5224405433247418
964.7482014388489,0.12,0.5699351381724456
964.7482014388489,0.13,0.6174297330201494
964.7482014388489,0.14,0.6649243278678532
964.7482014388489,0.15,0.712418922715557
964.7482014388489,0.16,0.7599135175632608
964.7482014388489,0.16999999999999998,0.8074081124109644
964.7482014388489,0.18,0.8549027072586683
964.7482014388489,0.19,0.9023973021063721
964.7482014388489,0.2,0.9498918969540759
964.7482014388489,0.21,0.9973864918017797
964.7482014388489,0.22,1.0448810866494835
964.7482014388489,0.23,1.0923756814971872
964.7482014388489,0.24,1.1398702763448911
964.7482014388489,0.25,1.1873648711925948
964.7482014388489,0.3,1.424837845431114
964.7482014388489,0.35,1.6623108196696328
964.7482014388489,0.39999999999999997,1.8997837939081517
964.7482014388489,0.44999999999999996,2.1372567681466705
964.7482014388489,0.5,2.3747297423851896
964.7482014388489,0.5499999999999999,2.6122027166237083
964.7482014388489,0.6,2.849675690862228
964.7482014388489,0.6499999999999999,3.087148665100746
964.7482014388489,0.7,3.3246216393392656
964.7482014388489,0.75,3.5620946135777847
964.7482014388489,0.7999999999999999,3.7995675878163033
964.7482014388489,0.8499999999999999,4.037040562054822
964.7482014388489,0.8999999999999999,4.274513536293341
964.7482014388489,0.95,4.511986510531861
964.7482014388489,1.0,4.749459484770379
979.8561151079136,0.01,0.04605481809208192
979.8561151079136,0.015,0.06908222713812288
979.8561151079136,0.02,0.09210963618416385
979.8561151079136,0.025,0.11513704523020481
979.8561151079136,0.03,0.13816445427624577
979.8561151079136,0.035,0.16119186332228674
979.8561151079136,0.04,0.1842192723683277
979.8561151079136,0.045000000000000005,0.2072466814143687
979.8561151079136,0.05,0.23027409046040961
979.8561151079136,0.06,0.27632890855249154
979.8561151079136,0.06999999999999999,0.3223837266445735
979.8561151079136,0.08,0.3684385447366554
979.8561151079136,0.09,0.41449336282873733
979.8561151079136,0.1,0.46054818092081923
979.8561151079136,0.11,0.5066029990129012
979.8561151079136,0.12,0.5526578171049831
979.8561151079136,0.13,0.598712635197065
979.8561151079136,0.14,0.644767453289147
979.8561151079136,0.15,0.6908222713812289
979.8561151079136,0.16,0.7368770894733108
979.8561151079136,0.16999999999999998,0.7829319075653925
979.8561151079136,0.18,0.8289867256574747
979.8561151079136,0.19,0.8750415437495566
979.8561151079136,0.2,0.9210963618416385
979.8561151079136,0.21,0.9671511799337205
979.8561151079136,0.22,1.0132059980258024
979.8561151079136,0.23,1.0592608161178843
979.8561151079136,0.24,1.1053156342099661
979.8561151079136,0.25,1.151370452302048
979.8561151079136,0.3,1.3816445427624577
979.8561151079136,0.35,1.6119186332228674
979.8561151079136,0.39999999999999997,1.8421927236832767
979.8561151079136,0.44999999999999996,2.072466814143686
979.8561151079136,0.5,2.302740904604096
979.8561151079136,0.5499999999999999,2.533014995064505
979.8561151079136,0.6,2.7632890855249155
979.8561151079136,0.6499999999999999,2.9935631759853245
979.8561151079136,0.7,3.223837266445735
979.8561151079136,0.75,3.4541113569061443
979.8561151079136,0.7999999999999999,3.6843854473665534
979.8561151079136,0.8499999999999999,3.914659537826963
979.8561151079136,0.8999999999999999,4.144933628287372
979.8561151079136,0.95,4.375207718747783
979.8561151079136,1.0,4.605481809208192
994.9640287769785,0.01,0.04467972774294023
994.9640287769785,0.015,0.06701959161441035
994.9640287769785,0.02,0.08935945548588047
994.9640287769785,0.025,0.11169931935735057
994.9640287769785,0.03,0.1340391832288207
994.9640287769785,0.035,0.1563790471002908
994.9640287769785,0.04,0.17871891097176093
994.9640287769785,0.045000000000000005,0.20105877484323106
994.9640287769785,0.05,0.22339863871470114
994.9640287769785,0.06,0.2680783664576414
994.9640287769785,0.06999999999999999,0.3127580942005816
994.9640287769785,0.08,0.35743782194352186
994.9640287769785,0.09,0.4021175496864621
994.9640287769785,0.1,0.4467972774294023
994.9640287769785,0.11,0.49147700517234255
994.9640287769785,0.12,0.5361567329152828
994.9640287769785,0.13,0.580836460658223
994.9640287769785,0.14,0.6255161884011632
994.9640287769785,0.15,0.6701959161441035
994.9640287769785,0.16,0.7148756438870437
994.9640287769785,0.16999999999999998,0.7595553716299838
994.9640287769785,0.18,0.8042350993729241
994.9640287769785,0.19,0.8489148271158644
994.9640287769785,0.2,0.8935945548588046
994.9640287769785,0.21,0.9382742826017448
994.9640287769785,0.22,0.9829540103446851
994.9640287769785,0.23,1.0276337380876253
994.9640287769785,0.24,1.0723134658305655
994.9640287769785,0.25,1.1169931935735058
994.9640287769785,0.3,1.340391832288207
994.9640287769785,0.35,1.563790471002908
994.9640287769785,0.39999999999999997,1.787189109717609
994.9640287769785,0.44999999999999996,2.01058774843231
994.9640287769785,0.5,2.2339863871470116
994.9640287769785,0.5499999999999999,2.4573850258617123
994.9640287769785,0.6,2.680783664576414
994.9640287769785,0.6499999999999999,2.9041823032911145
994.9640287769785,0.7,3.127580942005816
994.9640287769785,0.75,3.350979580720517
994.9640287769785,0.7999999999999999,3.574378219435218
994.9640287769785,0.8499999999999999,3.797776858149919
994.9640287769785,0.8999999999999999,4.02117549686462
994.9640287769785,0.95,4.244574135579322
994.9640287769785,1.0,4.467972774294023
1010.0719424460432,0.01,0.043365500369760134
1010.0719424460432,0.015,0.0650482505546402
1010.0719424460432,0.02,0.08673100073952027
1010.0719424460432,0.025,0.10841375092440032
1010.0719424460432,0.03,0.1300965011092804
1010.0719424460432,0.035,0.15177925129416045
1010.0719424460432,0.04,0.17346200147904053
1010.0719424460432,0.045000000000000005,0.19514475166392062
1010.0719424460432,0.05,0.21682750184880065
1010.0719424460432,0.06,0.2601930022185608
1010.0719424460432,0.06999999999999999,0.3035585025883209
1010.0719424460432,0.08,0.34692400295808107
1010.0719424460432,0.09,0.3902895033278412
1010.0719424460432,0.1,0.4336550036976013
1010.0719424460432,0.11,0.47702050406736146
1010.0719424460432,0.12,0.5203860044371216
1010.0719424460432,0.13,0.5637515048068817
1010.0719424460432,0.14,0.6071170051766418
1010.0719424460432,0.15,0.650482505546402
1010.0719424460432,0.16,0.6938480059161621
1010.0719424460432,0.16999999999999998,0.7372135062859221
1010.0719424460432,0.18,0.7805790066556824
1010.0719424460432,0.19,0.8239445070254425
1010.0719424460432,0.2,0.8673100073952026
1010.0719424460432,0.21,0.9106755077649628
1010.0719424460432,0.22,0.9540410081347229
1010.0719424460432,0.23,0.997406508504483
1010.0719424460432,0.24,1.0407720088742431
1010.0719424460432,0.25,1.0841375092440033
1010.0719424460432,0.3,1.300965011092804
1010.0719424460432,0.35,1.5177925129416046
1010.0719424460432,0.39999999999999997,1.734620014790405
1010.0719424460432,0.44999999999999996,1.9514475166392056
1010.0719424460432,0.5,2.1682750184880066
1010.0719424460432,0.5499999999999999,2.385102520336807
1010.0719424460432,0.6,2.601930022185608
1010.0719424460432,0.6499999999999999,2.818757524034408
1010.0719424460432,0.7,3.035585025883209
1010.0719424460432,0.75,3.2524125277320097
1010.0719424460432,0.7999999999999999,3.46924002958081
1010.0719424460432,0.8499999999999999,3.6860675314296105
1010.0719424460432,0.8999999999999999,3.902895033278411
1010.0719424460432,0.95,4.119722535127212
1010.0719424460432,1.0,4.336550036976013
1025.179856115108,0.01,0.04210859115889356
1025.179856115108,0.015,0.06316288673834033
1025.179856115108,0.02,0.08421718231778712
1025.179856115108,0.025,0.1052714778972339
1025.179856115108,0.03,0.12632577347668067
1025.179856115108,0.035,0.14738006905612747
1025.179856115108,0.04,0.16843436463557424
1025.179856115108,0.045000000000000005,0.18948866021502106
1025.179856115108,0.05,0.2105429557944678
1025.179856115108,0.06,0.25265154695336134
1025.179856115108,0.06999999999999999,0.29476013811225493
1025.179856115108,0.08,0.33686872927114847
1025.179856115108,0.09,0.378977320430042
1025.179856115108,0.1,0.4210859115889356
1025.179856115108,0.11,0.46319450274782914
1025.179856115108,0.12,0.5053030939067227
1025.179856115108,0.13,0.5474116850656163
1025.179856115108,0.14,0.5895202762245099
1025.179856115108,0.15,0.6316288673834034
1025.179856115108,0.16,0.6737374585422969
1025.179856115108,0.16999999999999998,0.7158460497011904
1025.179856115108,0.18,0.757954640860084
1025.179856115108,0.19,0.8000632320189777
1025.179856115108,0.2,0.8421718231778712
1025.179856115108,0.21,0.8842804143367647
1025.179856115108,0.22,0.9263890054956583
1025.179856115108,0.23,0.9684975966545518
1025.179856115108,0.24,1.0106061878134454
1025.179856115108,0.25,1.052714778972339
1025.179856115108,0.3,1.2632577347668068
1025.179856115108,0.35,1.4738006905612746
1025.179856115108,0.39999999999999997,1.6843436463557422
1025.179856115108,0.44999999999999996,1.89488660215021
1025.179856115108,0.5,2.105429557944678
1025.179856115108,0.5499999999999999,2.3159725137391454
1025.179856115108,0.6,2.5265154695336136
1025.179856115108,0.6499999999999999,2.737058425328081
1025.179856115108,0.7,2.947601381122549
1025.179856115108,0.75,3.158144336917017
1025.179856115108,0.7999999999999999,3.3686872927114844
1025.179856115108,0.8499999999999999,3.579230248505952
1025.179856115108,0.8999999999999999,3.78977320430042
1025.179856115108,0.95,4.000316160094888
1025.179856115108,1.0,4.210859115889356
1040.2877697841727,0.01,0.04090570988639601
1040.2877697841727,0.015,0.06135856482959401
1040.2877697841727,0.02,0.08181141977279202
1040.2877697841727,0.025,0.10226427471599002
1040.2877697841727,0.03,0.12271712965918802
1040.2877697841727,0.035,0.14316998460238603
1040.2877697841727,0.04,0.16362283954558404
1040.2877697841727,0.045000000000000005,0.18407569448878205
1040.2877697841727,0.05,0.20452854943198004
1040.2877697841727,0.06,0.24543425931837604
1040.2877697841727,0.06999999999999999,0.28633996920477206
1040.2877697841727,0.08,0.3272456790911681
1040.2877697841727,0.09,0.36815138897756405
1040.2877697841727,0.1,0.4090570988639601
1040.2877697841727,0.11,0.4499628087503561
1040.2877697841727,0.12,0.49086851863675207
1040.2877697841727,0.13,0.5317742285231482
1040.2877697841727,0.14,0.5726799384095441
1040.2877697841727,0.15,0.6135856482959401
1040.2877697841727,0.16,0.6544913581823362
1040.2877697841727,0.16999999999999998,0.695397068068732
1040.2877697841727,0.18,0.7363027779551281
1040.2877697841727,0.19,0.7772084878415242
1040.2877697841727,0.2,0.8181141977279202
1040.2877697841727,0.21,0.8590199076143161
1040.2877697841727,0.22,0.8999256175007122
1040.2877697841727,0.23,0.9408313273871082
1040.2877697841727,0.24,0.9817370372735041
1040.2877697841727,0.25,1.0226427471599002
1040.2877697841727,0.3,1.2271712965918802
1040.2877697841727,0.35,1.4316998460238604
1040.2877697841727,0.39999999999999997,1.63622839545584
1040.2877697841727,0.44999999999999996,1.84075694488782
1040.2877697841727,0.5,2.0452854943198004
1040.2877697841727,0.5499999999999999,2.24981404375178
1040.2877697841727,0.6,2.4543425931837604
1040.2877697841727,0.6499999999999999,2.65887114261574
1040.2877697841727,0.7,2.8633996920477207
1040.2877697841727,0.75,3.0679282414797004
1040.2877697841727,0.7999999999999999,3.27245679091168
1040.2877697841727,0.8499999999999999,3.4769853403436604
1040.2877697841727,0.8999999999999999,3.68151388977564
1040.2877697841727,0.95,3.8860424392076207
1040.2877697841727,1.0,4.090570988639601
1055.3956834532373,0.01,0.03975379927491456
1055.3956834532373,0.015,0.05963069891237184
1055.3956834532373,0.02,0.07950759854982913
1055.3956834532373,0.025,0.0993844981872864
1055.3956834532373,0.03,0.11926139782474368
1055.3956834532373,0.035,0.13913829746220097
1055.3956834532373,0.04,0.15901519709965825
1055.3956834532373,0.045000000000000005,0.17889209673711556
1055.3956834532373,0.05,0.1987689963745728
1055.3956834532373,0.06,0.23852279564948736
1055.3956834532373,0.06999999999999999,0.27827659492440193
1055.3956834532373,0.08,0.3180303941993165
1055.3956834532373,0.09,0.35778419347423107
1055.3956834532373,0.1,0.3975379927491456
1055.3956834532373,0.11,0.43729179202406016
1055.3956834532373,0.12,0.4770455912989747
1055.3956834532373,0.13,0.5167993905738892
1055.3956834532373,0.14,0.5565531898488039
1055.3956834532373,0.15,0.5963069891237184
1055.3956834532373,0.16,0.636060788398633
1055.3956834532373,0.16999999999999998,0.6758145876735474
1055.3956834532373,0.18,0.7155683869484621
1055.3956834532373,0.19,0.7553221862233767
1055.3956834532373,0.2,0.7950759854982912
1055.3956834532373,0.21,0.8348297847732058
1055.3956834532373,0.22,0.8745835840481203
1055.3956834532373,0.23,0.9143373833230349
1055.3956834532373,0.24,0.9540911825979494
1055.3956834532373,0.25,0.993844981872864
1055.3956834532373,0.3,1.1926139782474368
1055.3956834532373,0.35,1.3913829746220097
1055.3956834532373,0.39999999999999997,1.5901519709965821
1055.3956834532373,0.44999999999999996,1.788920967371155
1055.3956834532373,0.5,1.987689963745728
1055.3956834532373,0.5499999999999999,2.1864589601203
1055.3956834532373,0.6,2.3852279564948735
1055.3956834532373,0.6499999999999999,2.583996952869446
1055.3956834532373,0.7,2.7827659492440193
1055.3956834532373,0.75,2.9815349456185922
1055.3956834532373,0.7999999999999999,3.1803039419931642
1055.3956834532373,0.8499999999999999,3.379072938367737
1055.3956834532373,0.8999999999999999,3.57784193474231
1055.3956834532373,0.95,3.7766109311168834
1055.3956834532373,1.0,3.975379927491456
1070.5035971223022,0.01,0.038650015467986396
1070.5035971223022,0.015,0.05797502320197959
1070.5035971223022,0.02,0.07730003093597279
1070.5035971223022,0.025,0.09662503866996598
1070.5035971223022,0.03,0.11595004640395919
1070.5035971223022,0.035,0.13527505413795238
1070.5035971223022,0.04,0.15460006187194558
1070.5035971223022,0.045000000000000005,0.1739250696059388
1070.5035971223022,0.05,0.19325007733993196
1070.5035971223022,0.06,0.23190009280791837
1070.5035971223022,0.06999999999999999,0.27055010827590475
1070.5035971223022,0.08,0.30920012374389116
1070.5035971223022,0.09,0.3478501392118775
1070.5035971223022,0.1,0.3865001546798639
1070.5035971223022,0.11,0.42515017014785034
1070.5035971223022,0.12,0.46380018561583675
1070.5035971223022,0.13,0.5024502010838231
1070.5035971223022,0.14,0.5411002165518095
1070.5035971223022,0.15,0.5797502320197959
1070.5035971223022,0.16,0.6184002474877823
1070.5035971223022,0.16999999999999998,0.6570502629557686
1070.5035971223022,0.18,0.695700278423755
1070.5035971223022,0.19,0.7343502938917414
1070.5035971223022,0.2,0.7730003093597279
1070.5035971223022,0.21,0.8116503248277143
1070.5035971223022,0.22,0.8503003402957007
1070.5035971223022,0.23,0.8889503557636871
1070.5035971223022,0.24,0.9276003712316735
1070.5035971223022,0.25,0.9662503866996598
1070.5035971223022,0.3,1.1595004640395918
1070.5035971223022,0.35,1.3527505413795238
1070.5035971223022,0.39999999999999997,1.5460006187194555
1070.5035971223022,0.44999999999999996,1.7392506960593874
1070.5035971223022,0.5,1.9325007733993196
1070.5035971223022,0.5499999999999999,2.125750850739251
1070.5035971223022,0.6,2.3190009280791837
1070.5035971223022,0.6499999999999999,2.512251005419115
1070.5035971223022,0.7,2.7055010827590475
1070.5035971223022,0.75,2.8987511600989797
1070.5035971223022,0.7999999999999999,3.092001237438911
1070.5035971223022,0.8499999999999999,3.285251314778843
1070.5035971223022,0.8999999999999999,3.478501392118775
1070.5035971223022,0.95,3.6717514694587075
1070.5035971223022,1.0,3.865001546798639
1085.611510791367,0.01,0.03759171038819859
1085.611510791367,0.015,0.05638756558229789
1085.611510791367,0.02,0.07518342077639718
1085.611510791367,0.025,0.09397927597049648
1085.611510791367,0.03,0.11277513116459578
1085.611510791367,0.035,0.13157098635869507
1085.611510791367,0.04,0.15036684155279437
1085.611510791367,0.045000000000000005,0.1691626967468937
1085.611510791367,0.05,0.18795855194099295
1085.611510791367,0.06,0.22555026232919156
1085.611510791367,0.06999999999999999,0.26314197271739015
1085.611510791367,0.08,0.30073368310558873
1085.611510791367,0.09,0.3383253934937873
1085.611510791367,0.1,0.3759171038819859
1085.611510791367,0.11,0.4135088142701845
1085.611510791367,0.12,0.45110052465838313
1085.611510791367,0.13,0.4886922350465817
1085.611510791367,0.14,0.5262839454347803
1085.611510791367,0.15,0.5638756558229789
1085.611510791367,0.16,0.6014673662111775
1085.611510791367,0.16999999999999998,0.639059076599376
1085.611510791367,0.18,0.6766507869875746
1085.611510791367,0.19,0.7142424973757733
1085.611510791367,0.2,0.7518342077639718
1085.611510791367,0.21,0.7894259181521704
1085.611510791367,0.22,0.827017628540369
1085.611510791367,0.23,0.8646093389285676
1085.611510791367,0.24,0.9022010493167663
1085.611510791367,0.25,0.9397927597049648
1085.611510791367,0.3,1.1277513116459579
1085.611510791367,0.35,1.3157098635869506
1085.611510791367,0.39999999999999997,1.5036684155279434
1085.611510791367,0.44999999999999996,1.6916269674689364
1085.611510791367,0.5,1.8795855194099296
1085.611510791367,0.5499999999999999,2.0675440713509223
1085.611510791367,0.6,2.2555026232919158
1085.611510791367,0.6499999999999999,2.443461175232908
1085.611510791367,0.7,2.6314197271739013
1085.611510791367,0.75,2.8193782791148942
1085.611510791367,0.7999999999999999,3.007336831055887
1085.611510791367,0.8499999999999999,3.1952953829968798
1085.611510791367,0.8999999999999999,3.3832539349378727
1085.611510791367,0.95,3.571212486878866
1085.611510791367,1.0,3.759171038819859
1100.7194244604316,0.01,0.03657641577425214
1100.7194244604316,0.015,0.05486462366137822
1100.7194244604316,0.02,0.07315283154850429
1100.7194244604316,0.025,0.09144103943563037
1100.7194244604316,0.03,0.10972924732275643
1100.7194244604316,0.035,0.1280174552098825
1100.7194244604316,0.04,0.14630566309700857
1100.7194244604316,0.045000000000000005,0.16459387098413467
1100.7194244604316,0.05,0.18288207887126073
1100.7194244604316,0.06,0.21945849464551287
1100.7194244604316,0.06999999999999999,0.256034910419765
1100.7194244604316,0.08,0.29261132619401714
1100.7194244604316,0.09,0.32918774196826933
1100.7194244604316,0.1,0.36576415774252147
1100.7194244604316,0.11,0.4023405735167736
1100.7194244604316,0.12,0.43891698929102574
1100.7194244604316,0.13,0.4754934050652779
1100.7194244604316,0.14,0.51206982083953
1100.7194244604316,0.15,0.5486462366137822
1100.7194244604316,0.16,0.5852226523880343
1100.7194244604316,0.16999999999999998,0.6217990681622864
1100.7194244604316,0.18,0.6583754839365387
1100.7194244604316,0.19,0.6949518997107907
1100.7194244604316,0.2,0.7315283154850429
1100.7194244604316,0.21,0.768104731259295
1100.7194244604316,0.22,0.8046811470335472
1100.7194244604316,0.23,0.8412575628077993
1100.7194244604316,0.24,0.8778339785820515
1100.7194244604316,0.25,0.9144103943563037
1100.7194244604316,0.3,1.0972924732275644
1100.7194244604316,0.35,1.280174552098825
1100.7194244604316,0.39999999999999997,1.4630566309700856
1100.7194244604316,0.44999999999999996,1.6459387098413463
1100.7194244604316,0.5,1.8288207887126073
1100.7194244604316,0.5499999999999999,2.0117028675838675
1100.7194244604316,0.6,2.194584946455129
1100.7194244604316,0.6499999999999999,2.3774670253263888
1100.7194244604316,0.7,2.56034910419765
1100.7194244604316,0.75,2.743231183068911
1100.7194244604316,0.7999999999999999,2.9261132619401713
1100.7194244604316,0.8499999999999999,3.1089953408114317
1100.7194244604316,0.8999999999999999,3.2918774196826925
1100.7194244604316,0.95,3.474759498553954
1100.7194244604316,1.0,3.6576415774252147
1115.8273381294964,0.01,0.03560182871672809
1115.8273381294964,0.015,0.053402743075092136
1115.8273381294964,0.02,0.07120365743345618
1115.8273381294964,0.025,0.08900457179182023
1115.8273381294964,0.03,0.10680548615018427
1115.8273381294964,0.035,0.12460640050854832
1115.8273381294964,0.04,0.14240731486691235
1115.8273381294964,0.045000000000000005,0.16020822922527644
1115.8273381294964,0.05,0.17800914358364045
1115.8273381294964,0.06,0.21361097230036855
1115.8273381294964,0.06999999999999999,0.24921280101709664
1115.8273381294964,0.08,0.2848146297338247
1115.8273381294964,0.09,0.32041645845055283
1115.8273381294964,0.1,0.3560182871672809
1115.8273381294964,0.11,0.391620115884009
1115.8273381294964,0.12,0.4272219446007371
1115.8273381294964,0.13,0.4628237733174652
1115.8273381294964,0.14,0.4984256020341933
1115.8273381294964,0.15,0.5340274307509214
1115.8273381294964,0.16,0.5696292594676494
1115.8273381294964,0.16999999999999998,0.6052310881843774
1115.8273381294964,0.18,0.6408329169011057
1115.8273381294964,0.19,0.6764347456178338
1115.8273381294964,0.2,0.7120365743345618
1115.8273381294964,0.21,0.7476384030512899
1115.8273381294964,0.22,0.783240231768018
1115.8273381294964,0.23,0.8188420604847462
1115.8273381294964,0.24,0.8544438892014742
1115.8273381294964,0.25,0.8900457179182023
1115.8273381294964,0.3,1.0680548615018428
1115.8273381294964,0.35,1.2460640050854832
1115.8273381294964,0.39999999999999997,1.4240731486691234
1115.8273381294964,0.44999999999999996,1.602082292252764
1115.8273381294964,0.5,1.7800914358364046
1115.8273381294964,0.5499999999999999,1.9581005794200446
1115.8273381294964,0.6,2.1361097230036856
1115.8273381294964,0.6499999999999999,2.3141188665873256
1115.8273381294964,0.7,2.4921280101709664
1115.8273381294964,0.75,2.670137153754607
1115.8273381294964,0.7999999999999999,2.8481462973382468
1115.8273381294964,0.8499999999999999,3.0261554409218876
1115.8273381294964,0.8999999999999999,3.204164584505528
1115.8273381294964,0.95,3.382173728089169
1115.8273381294964,1.0,3.5601828716728092
1130.9352517985612,0.01,0.03466579853382957
1130.9352517985612,0.015,0.051998697800744356
1130.9352517985612,0.02,0.06933159706765914
1130.9352517985612,0.025,0.08666449633457393
1130.9352517985612,0.03,0.10399739560148871
1130.9352517985612,0.035,0.1213302948684035
1130.9352517985612,0.04,0.13866319413531827
1130.9352517985612,0.045000000000000005,0.15599609340223308
1130.9352517985612,0.05,0.17332899266914786
1130.9352517985612,0.06,0.20799479120297742
1130.9352517985612,0.06999999999999999,0.242660589736807
1130.9352517985612,0.08,0.27732638827063655
1130.9352517985612,0.09,0.3119921868044661
1130.9352517985612,0.1,0.3466579853382957
1130.9352517985612,0.11,0.3813237838721253
1130.9352517985612,0.12,0.41598958240595485
1130.9352517985612,0.13,0.4506553809397844
1130.9352517985612,0.14,0.485321179473614
1130.9352517985612,0.15,0.5199869780074435
1130.9352517985612,0.16,0.5546527765412731
1130.9352517985612,0.16999999999999998,0.5893185750751025
1130.9352517985612,0.18,0.6239843736089322
1130.9352517985612,0.19,0.6586501721427618
1130.9352517985612,0.2,0.6933159706765915
1130.9352517985612,0.21,0.727981769210421
1130.9352517985612,0.22,0.7626475677442506
1130.9352517985612,0.23,0.7973133662780801
1130.9352517985612,0.24,0.8319791648119097
1130.9352517985612,0.25,0.8666449633457393
1130.9352517985612,0.3,1.039973956014887
1130.9352517985612,0.35,1.213302948684035
1130.9352517985612,0.39999999999999997,1.3866319413531827
1130.9352517985612,0.44999999999999996,1.5599609340223304
1130.9352517985612,0.5,1.7332899266914785
1130.9352517985612,0.5499999999999999,1.906618919360626
1130.9352517985612,0.6,2.079947912029774
1130.9352517985612,0.6499999999999999,2.2532769046989216
1130.9352517985612,0.7,2.42660589736807
1130.9352517985612,0.75,2.599934890037218
1130.9352517985612,0.7999999999999999,2.7732638827063654
1130.9352517985612,0.8499999999999999,2.946592875375513
1130.9352517985612,0.8999999999999999,3.1199218680446608
1130.9352517985612,0.95,3.293250860713809
1130.9352517985612,1.0,3.466579853382957
1146.0431654676258,0.01,0.03376631484704221
1146.0431654676258,0.015,0.050649472270563316
1146.0431654676258,0.02,0.06753262969408443
1146.0431654676258,0.025,0.08441578711760553
1146.0431654676258,0.03,0.10129894454112663
1146.0431654676258,0.035,0.11818210196464773
1146.0431654676258,0.04,0.13506525938816885
1146.0431654676258,0.045000000000000005,0.15194841681168997
1146.0431654676258,0.05,0.16883157423521106
1146.0431654676258,0.06,0.20259788908225326
1146.0431654676258,0.06999999999999999,0.23636420392929547
1146.0431654676258,0.08,0.2701305187763377
1146.0431654676258,0.09,0.3038968336233799
1146.0431654676258,0.1,0.3376631484704221
1146.0431654676258,0.11,0.3714294633174643
1146.0431654676258,0.12,0.4051957781645065
1146.0431654676258,0.13,0.43896209301154876
1146.0431654676258,0.14,0.47272840785859094
1146.0431654676258,0.15,0.5064947227056331
1146.0431654676258,0.16,0.5402610375526754
1146.0431654676258,0.16999999999999998,0.5740273523997175
1146.0431654676258,0.18,0.6077936672467598
1146.0431654676258,0.19,0.641559982093802
1146.0431654676258,0.2,0.6753262969408442
1146.0431654676258,0.21,0.7090926117878864
1146.0431654676258,0.22,0.7428589266349286
1146.0431654676258,0.23,0.7766252414819709
1146.0431654676258,0.24,0.810391556329013
1146.0431654676258,0.25,0.8441578711760552
1146.0431654676258,0.3,1.0129894454112662
1146.0431654676258,0.35,1.1818210196464773
1146.0431654676258,0.39999999999999997,1.3506525938816882
1146.0431654676258,0.44999999999999996,1.5194841681168993
1146.0431654676258,0.5,1.6883157423521105
1146.0431654676258,0.5499999999999999,1.8571473165873211
1146.0431654676258,0.6,2.0259788908225325
1146.0431654676258,0.6499999999999999,2.1948104650577434
1146.0431654676258,0.7,2.3636420392929547
1146.0431654676258,0.75,2.5324736135281656
1146.0431654676258,0.7999999999999999,2.7013051877633765
1146.0431654676258,0.8499999999999999,2.8701367619985874
1146.0431654676258,0.8999999999999999,3.0389683362337987
1146.0431654676258,0.95,3.20779991046901
1146.0431654676258,1.0,3.376631484704221
1161.1510791366907,0.01,0.03290149673291575
1161.1510791366907,0.015,0.04935224509937363
1161.1510791366907,0.02,0.0658029934658315
1161.1510791366907,0.025,0.08225374183228938
1161.1510791366907,0.03,0.09870449019874726
1161.1510791366907,0.035,0.11515523856520514
1161.1510791366907,0.04,0.131605986931663
1161.1510791366907,0.045000000000000005,0.1480567352981209
1161.1510791366907,0.05,0.16450748366457876
1161.1510791366907,0.06,0.19740898039749452
1161.1510791366907,0.06999999999999999,0.23031047713041028
1161.1510791366907,0.08,0.263211973863326
1161.1510791366907,0.09,0.29611347059624177
1161.1510791366907,0.1,0.3290149673291575
1161.1510791366907,0.11,0.3619164640620733
1161.1510791366907,0.12,0.39481796079498904
1161.1510791366907,0.13,0.4277194575279048
1161.1510791366907,0.14,0.46062095426082056
1161.1510791366907,0.15,0.4935224509937363
1161.1510791366907,0.16,0.526423947726652
1161.1510791366907,0.16999999999999998,0.5593254444595677
1161.1510791366907,0.18,0.5922269411924835
1161.1510791366907,0.19,0.6251284379253993
1161.1510791366907,0.2,0.658029934658315
1161.1510791366907,0.21,0.6909314313912308
1161.1510791366907,0.22,0.7238329281241466
1161.1510791366907,0.23,0.7567344248570623
1161.1510791366907,0.24,0.7896359215899781
1161.1510791366907,0.25,0.8225374183228938
1161.1510791366907,0.3,0.9870449019874726
1161.1510791366907,0.35,1.1515523856520513
1161.1510791366907,0.39999999999999997,1.3160598693166299
1161.1510791366907,0.44999999999999996,1.4805673529812087
1161.1510791366907,0.5,1.6450748366457877
1161.1510791366907,0.5499999999999999,1.809582320310366
1161.1510791366907,0.6,1.9740898039749453
1161.1510791366907,0.6499999999999999,2.1385972876395236
1161.1510791366907,0.7,2.3031047713041026
1161.1510791366907,0.75,2.4676122549686816
1161.1510791366907,0.7999999999999999,2.6321197386332598
1161.1510791366907,0.8499999999999999,2.7966272222978388
1161.1510791366907,0.8999999999999999,2.9611347059624173
1161.1510791366907,0.95,3.1256421896269964
1161.1510791366907,1.0,3.2901496732915754
1176.2589928057555,0.01,0.032069582841358836
1176.2589928057555,0.015,0.04810437426203825
1176.2589928057555,0.02,0.06413916568271767
1176.2589928057555,0.025,0.08017395710339709
1176.2589928057555,0.03,0.0962087485240765
1176.2589928057555,0.035,0.11224353994475593
1176.2589928057555,0.04,0.12827833136543534
1176.2589928057555,0.045000000000000005,0.14431312278611477
1176.2589928057555,0.05,0.16034791420679417
1176.2589928057555,0.06,0.192417497048153
1176.2589928057555,0.06999999999999999,0.22448707988951186
1176.2589928057555,0.08,0.2565566627308707
1176.2589928057555,0.09,0.28862624557222955
1176.2589928057555,0.1,0.32069582841358835
1176.2589928057555,0.11,0.3527654112549472
1176.2589928057555,0.12,0.384834994096306
1176.2589928057555,0.13,0.41690457693766486
1176.2589928057555,0.14,0.4489741597790237
1176.2589928057555,0.15,0.4810437426203825
1176.2589928057555,0.16,0.5131133254617414
1176.2589928057555,0.16999999999999998,0.5451829083031001
1176.2589928057555,0.18,0.5772524911444591
1176.2589928057555,0.19,0.6093220739858178
1176.2589928057555,0.2,0.6413916568271767
1176.2589928057555,0.21,0.6734612396685355
1176.2589928057555,0.22,0.7055308225098944
1176.2589928057555,0.23,0.7376004053512533
1176.2589928057555,0.24,0.769669988192612
1176.2589928057555,0.25,0.8017395710339709
1176.2589928057555,0.3,0.962087485240765
1176.2589928057555,0.35,1.1224353994475593
1176.2589928057555,0.39999999999999997,1.2827833136543532
1176.2589928057555,0.44999999999999996,1.4431312278611474
1176.2589928057555,0.5,1.6034791420679417
1176.2589928057555,0.5499999999999999,1.7638270562747356
1176.2589928057555,0.6,1.92417497048153
1176.2589928057555,0.6499999999999999,2.084522884688324
1176.2589928057555,0.7,2.2448707988951186
1176.2589928057555,0.75,2.4052187131019127
1176.2589928057555,0.7999999999999999,2.5655666273087063
1176.2589928057555,0.8499999999999999,2.725914541515501
1176.2589928057555,0.8999999999999999,2.886262455722295
1176.2589928057555,0.95,3.0466103699290894
1176.2589928057555,1.0,3.2069582841358835
1191.36690647482,0.01,0.031268922383243025
1191.36690647482,0.015,0.046903383574864545
1191.36690647482,0.02,0.06253784476648605
1191.36690647482,0.025,0.07817230595810756
1191.36690647482,0.03,0.09380676714972909
1191.36690647482,0.035,0.1094412283413506
1191.36690647482,0.04,0.1250756895329721
1191.36690647482,0.045000000000000005,0.14071015072459364
1191.36690647482,0.05,0.15634461191621513
1191.36690647482,0.06,0.18761353429945818
1191.36690647482,0.06999999999999999,0.2188824566827012
1191.36690647482,0.08,0.2501513790659442
1191.36690647482,0.09,0.2814203014491872
1191.36690647482,0.1,0.31268922383243025
1191.36690647482,0.11,0.34395814621567333
1191.36690647482,0.12,0.37522706859891636
1191.36690647482,0.13,0.4064959909821594
1191.36690647482,0.14,0.4377649133654024
1191.36690647482,0.15,0.46903383574864543
1191.36690647482,0.16,0.5003027581318884
1191.36690647482,0.16999999999999998,0.5315716805151314
1191.36690647482,0.18,0.5628406028983745
1191.36690647482,0.19,0.5941095252816175
1191.36690647482,0.2,0.6253784476648605
1191.36690647482,0.21,0.6566473700481036
1191.36690647482,0.22,0.6879162924313467
1191.36690647482,0.23,0.7191852148145896
1191.36690647482,0.24,0.7504541371978327
1191.36690647482,0.25,0.7817230595810757
1191.36690647482,0.3,0.9380676714972909
1191.36690647482,0.35,1.094412283413506
1191.36690647482,0.39999999999999997,1.250756895329721
1191.36690647482,0.44999999999999996,1.407101507245936
1191.36690647482,0.5,1.5634461191621514
1191.36690647482,0.5499999999999999,1.7197907310783662
1191.36690647482,0.6,1.8761353429945817
1191.36690647482,0.6499999999999999,2.0324799549107966
1191.36690647482,0.7,2.188824566827012
1191.36690647482,0.75,2.345169178743227
1191.36690647482,0.7999999999999999,2.501513790659442
1191.36690647482,0.8499999999999999,2.657858402575657
1191.36690647482,0.8999999999999999,2.814203014491872
1191.36690647482,0.95,2.9705476264080874
1191.36690647482,1.0,3.1268922383243027
1206.474820143885,0.01,0.03049796690097624
1206.474820143885,0.015,0.04574695035146436
1206.474820143885,0.02,0.06099593380195248
1206.474820143885,0.025,0.0762449172524406
1206.474820143885,0.03,0.09149390070292872
1206.474820143885,0.035,0.10674288415341684
1206.474820143885,0.04,0.12199186760390496
1206.474820143885,0.045000000000000005,0.1372408510543931
1206.474820143885,0.05,0.1524898345048812
1206.474820143885,0.06,0.18298780140585744
1206.474820143885,0.06999999999999999,0.2134857683068337
1206.474820143885,0.08,0.24398373520780992
1206.474820143885,0.09,0.27448170210878614
1206.474820143885,0.1,0.3049796690097624
1206.474820143885,0.11,0.33547763591073865
1206.474820143885,0.12,0.3659756028117149
1206.474820143885,0.13,0.3964735697126911
1206.474820143885,0.14,0.4269715366136674
1206.474820143885,0.15,0.4574695035146436
1206.474820143885,0.16,0.48796747041561983
1206.474820143885,0.16999999999999998,0.518465437316596
1206.474820143885,0.18,0.5489634042175723
1206.474820143885,0.19,0.5794613711185486
1206.474820143885,0.2,0.6099593380195248
1206.474820143885,0.21,0.640457304920501
1206.474820143885,0.22,0.6709552718214773
1206.474820143885,0.23,0.7014532387224535
1206.474820143885,0.24,0.7319512056234297
1206.474820143885,0.25,0.762449172524406
1206.474820143885,0.3,0.9149390070292872
1206.474820143885,0.35,1.0674288415341684
1206.474820143885,0.39999999999999997,1.2199186760390495
1206.474820143885,0.44999999999999996,1.3724085105439305
1206.474820143885,0.5,1.524898345048812
1206.474820143885,0.5499999999999999,1.677388179553693
1206.474820143885,0.6,1.8298780140585744
1206.474820143885,0.6499999999999999,1.9823678485634553
1206.474820143885,0.7,2.134857683068337
1206.474820143885,0.75,2.287347517573218
1206.474820143885,0.7999999999999999,2.439837352078099
1206.474820143885,0.8499999999999999,2.5923271865829802
1206.474820143885,0.8999999999999999,2.744817021087861
1206.474820143885,0.95,2.897306855592743
1206.474820143885,1.0,3.049796690097624
1221.5827338129498,0.01,0.029755262745236814
1221.5827338129498,0.015,0.044632894117855225
1221.5827338129498,0.02,0.05951052549047363
1221.5827338129498,0.025,0.07438815686309204
1221.5827338129498,0.03,0.08926578823571045
1221.5827338129498,0.035,0.10414341960832886
1221.5827338129498,0.04,0.11902105098094726
1221.5827338129498,0.045000000000000005,0.1338986823535657
1221.5827338129498,0.05,0.14877631372618408
1221.5827338129498,0.06,0.1785315764714209
1221.5827338129498,0.06999999999999999,0.20828683921665772
1221.5827338129498,0.08,0.23804210196189451
1221.5827338129498,0.09,0.26779736470713134
1221.5827338129498,0.1,0.29755262745236816
1221.5827338129498,0.11,0.327307890197605
1221.5827338129498,0.12,0.3570631529428418
1221.5827338129498,0.13,0.3868184156880786
1221.5827338129498,0.14,0.41657367843331544
1221.5827338129498,0.15,0.44632894117855226
1221.5827338129498,0.16,0.47608420392378903
1221.5827338129498,0.16999999999999998,0.5058394666690258
1221.5827338129498,0.18,0.5355947294142627
1221.5827338129498,0.19,0.5653499921594995
1221.5827338129498,0.2,0.5951052549047363
1221.5827338129498,0.21,0.6248605176499731
1221.5827338129498,0.22,0.65461578039521
1221.5827338129498,0.23,0.6843710431404467
1221.5827338129498,0.24,0.7141263058856836
1221.5827338129498,0.25,0.7438815686309204
1221.5827338129498,0.3,0.8926578823571045
1221.5827338129498,0.35,1.0414341960832885
1221.5827338129498,0.39999999999999997,1.1902105098094724
1221.5827338129498,0.44999999999999996,1.3389868235356566
1221.5827338129498,0.5,1.4877631372618407
1221.5827338129498,0.5499999999999999,1.6365394509880244
1221.5827338129498,0.6,1.785315764714209
1221.5827338129498,0.6499999999999999,1.9340920784403928
1221.5827338129498,0.7,2.082868392166577
1221.5827338129498,0.75,2.2316447058927613
1221.5827338129498,0.7999999999999999,2.380421019618945
1221.5827338129498,0.8499999999999999,2.529197333345129
1221.5827338129498,0.8999999999999999,2.677973647071313
1221.5827338129498,0.95,2.8267499607974975
1221.5827338129498,1.0,2.9755262745236815
1236.6906474820144,0.01,0.02903944418943502
1236.6906474820144,0.015,0.04355916628415253
1236.6906474820144,0.02,0.05807888837887004
1236.6906474820144,0.025,0.07259861047358755
1236.6906474820144,0.03,0.08711833256830506
1236.6906474820144,0.035,0.10163805466302257
1236.6906474820144,0.04,0.11615777675774008
1236.6906474820144,0.045000000000000005,0.1306774988524576
1236.6906474820144,0.05,0.1451972209471751
1236.6906474820144,0.06,0.17423666513661012
1236.6906474820144,0.06999999999999999,0.20327610932604515
1236.6906474820144,0.08,0.23231555351548017
1236.6906474820144,0.09,0.2613549977049152
1236.6906474820144,0.1,0.2903944418943502
1236.6906474820144,0.11,0.31943388608378526
1236.6906474820144,0.12,0.34847333027322025
1236.6906474820144,0.13,0.3775127744626553
1236.6906474820144,0.14,0.4065522186520903
1236.6906474820144,0.15,0.43559166284152534
1236.6906474820144,0.16,0.46463110703096033
1236.6906474820144,0.16999999999999998,0.49367055122039527
1236.6906474820144,0.18,0.5227099954098304
1236.6906474820144,0.19,0.5517494395992654
1236.6906474820144,0.2,0.5807888837887004
1236.6906474820144,0.21,0.6098283279781355
1236.6906474820144,0.22,0.6388677721675705
1236.6906474820144,0.23,0.6679072163570056
1236.6906474820144,0.24,0.6969466605464405
1236.6906474820144,0.25,0.7259861047358755
1236.6906474820144,0.3,0.8711833256830507
1236.6906474820144,0.35,1.0163805466302258
1236.6906474820144,0.39999999999999997,1.1615777675774006
1236.6906474820144,0.44999999999999996,1.3067749885245759
1236.6906474820144,0.5,1.451972209471751
1236.6906474820144,0.5499999999999999,1.597169430418926
1236.6906474820144,0.6,1.7423666513661014
1236.6906474820144,0.6499999999999999,1.8875638723132762
1236.6906474820144,0.7,2.0327610932604516
1236.6906474820144,0.75,2.177958314207627
1236.6906474820144,0.7999999999999999,2.323155535154801
1236.6906474820144,0.8499999999999999,2.4683527561019765
1236.6906474820144,0.8999999999999999,2.6135499770491517
1236.6906474820144,0.95,2.758747197996327
1236.6906474820144,1.0,2.903944418943502
1251.7985611510792,0.01,0.028349227120842205
1251.7985611510792,0.015,0.04252384068126331
1251.7985611510792,0.02,0.05669845424168441
1251.7985611510792,0.025,0.0708730678021055
1251.7985611510792,0.03,0.08504768136252662
1251.7985611510792,0.035,0.09922229492294772
1251.7985611510792,0.04,0.11339690848336882
1251.7985611510792,0.045000000000000005,0.12757152204378994
1251.7985611510792,0.05,0.141746135604211
1251.7985611510792,0.06,0.17009536272505324
1251.7985611510792,0.06999999999999999,0.19844458984589544
1251.7985611510792,0.08,0.22679381696673764
1251.7985611510792,0.09,0.2551430440875798
1251.7985611510792,0.1,0.283492271208422
1251.7985611510792,0.11,0.3118414983292642
1251.7985611510792,0.12,0.3401907254501065
1251.7985611510792,0.13,0.3685399525709487
1251.7985611510792,0.14,0.3968891796917909
1251.7985611510792,0.15,0.4252384068126331
1251.7985611510792,0.16,0.4535876339334753
1251.7985611510792,0.16999999999999998,0.4819368610543174
1251.7985611510792,0.18,0.5102860881751596
1251.7985611510792,0.19,0.5386353152960018
1251.7985611510792,0.2,0.566984542416844
1251.7985611510792,0.21,0.5953337695376862
1251.7985611510792,0.22,0.6236829966585284
1251.7985611510792,0.23,0.6520322237793708
1251.7985611510792,0.24,0.680381450900213
1251.7985611510792,0.25,0.7087306780210552
1251.7985611510792,0.3,0.8504768136252662
1251.7985611510792,0.35,0.9922229492294772
1251.7985611510792,0.39999999999999997,1.133969084833688
1251.7985611510792,0.44999999999999996,1.275715220437899
1251.7985611510792,0.5,1.4174613560421103
1251.7985611510792,0.5499999999999999,1.559207491646321
1251.7985611510792,0.6,1.7009536272505323
1251.7985611510792,0.6499999999999999,1.842699762854743
1251.7985611510792,0.7,1.9844458984589544
1251.7985611510792,0.75,2.1261920340631653
1251.7985611510792,0.7999999999999999,2.267938169667376
1251.7985611510792,0.8499999999999999,2.409684305271587
1251.7985611510792,0.8999999999999999,2.551430440875798
1251.7985611510792,0.95,2.6931765764800093
1251.7985611510792,1.0,2.8349227120842206
1266.906474820144,0.01,0.0276834032538285
1266.906474820144,0.015,0.04152510488074275
1266.906474820144,0.02,0.055366806507657
1266.906474820144,0.025,0.06920850813457124
1266.906474820144,0.03,0.0830502097614855
1266.906474820144,0.035,0.09689191138839974
1266.906474820144,0.04,0.110733613015314
1266.906474820144,0.045000000000000005,0.12457531464222826
1266.906474820144,0.05,0.1384170162691425
1266.906474820144,0.06,0.166100419522971
1266.906474820144,0.06999999999999999,0.19378382277679948
1266.906474820144,0.08,0.221467226030628
1266.906474820144,0.09,0.2491506292844565
1266.906474820144,0.1,0.276834032538285
1266.906474820144,0.11,0.3045174357921135
1266.906474820144,0.12,0.332200839045942
1266.906474820144,0.13,0.3598842422997705
1266.906474820144,0.14,0.38756764555359896
1266.906474820144,0.15,0.41525104880742747
1266.906474820144,0.16,0.442934452061256
1266.906474820144,0.16999999999999998,0.4706178553150844
1266.906474820144,0.18,0.498301258568913
1266.906474820144,0.19,0.5259846618227415
1266.906474820144,0.2,0.55366806507657
1266.906474820144,0.21,0.5813514683303985
1266.906474820144,0.22,0.609034871584227
1266.906474820144,0.23,0.6367182748380554
1266.906474820144,0.24,0.664401678091884
1266.906474820144,0.25,0.6920850813457124
1266.906474820144,0.3,0.8305020976148549
1266.906474820144,0.35,0.9689191138839974
1266.906474820144,0.39999999999999997,1.1073361301531397
1266.906474820144,0.44999999999999996,1.2457531464222822
1266.906474820144,0.5,1.384170162691425
1266.906474820144,0.5499999999999999,1.5225871789605672
1266.906474820144,0.6,1.6610041952297099
1266.906474820144,0.6499999999999999,1.7994212114988521
1266.906474820144,0.7,1.9378382277679949
1266.906474820144,0.75,2.0762552440371373
1266.906474820144,0.7999999999999999,2.2146722603062794
1266.906474820144,0.8499999999999999,2.353089276575422
1266.906474820144,0.8999999999999999,2.4915062928445644
1266.906474820144,0.95,2.6299233091137073
1266.906474820144,1.0,2.76834032538285
1282.0143884892086,0.01,0.027040834816390226
1282.0143884892086,0.015,0.040561252224585335
1282.0143884892086,0.02,0.05408166963278045
1282.0143884892086,0.025,0.06760208704097556
1282.0143884892086,0.03,0.08112250444917067
1282.0143884892086,0.035,0.0946429218573658
1282.0143884892086,0.04,0.1081633392655609
1282.0143884892086,0.045000000000000005,0.12168375667375604
1282.0143884892086,0.05,0.13520417408195112
1282.0143884892086,0.06,0.16224500889834134
1282.0143884892086,0.06999999999999999,0.1892858437147316
1282.0143884892086,0.08,0.2163266785311218
1282.0143884892086,0.09,0.24336751334751203
1282.0143884892086,0.1,0.27040834816390225
1282.0143884892086,0.11,0.2974491829802925
1282.0143884892086,0.12,0.3244900177966827
1282.0143884892086,0.13,0.35153085261307293
1282.0143884892086,0.14,0.3785716874294632
1282.0143884892086,0.15,0.40561252224585337
1282.0143884892086,0.16,0.4326533570622436
1282.0143884892086,0.16999999999999998,0.45969419187863375
1282.0143884892086,0.18,0.48673502669502405
1282.0143884892086,0.19,0.5137758615114143
1282.0143884892086,0.2,0.5408166963278045
1282.0143884892086,0.21,0.5678575311441948
1282.0143884892086,0.22,0.594898365960585
1282.0143884892086,0.23,0.6219392007769752
1282.0143884892086,0.24,0.6489800355933654
1282.0143884892086,0.25,0.6760208704097557
1282.0143884892086,0.3,0.8112250444917067
1282.0143884892086,0.35,0.9464292185736579
1282.0143884892086,0.39999999999999997,1.081633392655609
1282.0143884892086,0.44999999999999996,1.21683756673756
1282.0143884892086,0.5,1.3520417408195113
1282.0143884892086,0.5499999999999999,1.487245914901462
1282.0143884892086,0.6,1.6224500889834135
1282.0143884892086,0.6499999999999999,1.7576542630653644
1282.0143884892086,0.7,1.8928584371473158
1282.0143884892086,0.75,2.028062611229267
1282.0143884892086,0.7999999999999999,2.163266785311218
1282.0143884892086,0.8499999999999999,2.298470959393169
1282.0143884892086,0.8999999999999999,2.43367513347512
1282.0143884892086,0.95,2.5688793075570713
1282.0143884892086,1.0,2.7040834816390227
1297.1223021582734,0.01,0.026420449666225542
1297.1223021582734,0.015,0.03963067449933831
1297.1223021582734,0.02,0.052840899332451084
1297.1223021582734,0.025,0.06605112416556386
1297.1223021582734,0.03,0.07926134899867662
1297.1223021582734,0.035,0.0924715738317894
1297.1223021582734,0.04,0.10568179866490217
1297.1223021582734,0.045000000000000005,0.11889202349801496
1297.1223021582734,0.05,0.13210224833112771
1297.1223021582734,0.06,0.15852269799735325
1297.1223021582734,0.06999999999999999,0.1849431476635788
1297.1223021582734,0.08,0.21136359732980434
1297.1223021582734,0.09,0.2377840469960299
1297.1223021582734,0.1,0.26420449666225543
1297.1223021582734,0.11,0.29062494632848096
1297.1223021582734,0.12,0.3170453959947065
1297.1223021582734,0.13,0.3434658456609321
1297.1223021582734,0.14,0.3698862953271576
1297.1223021582734,0.15,0.39630674499338314
1297.1223021582734,0.16,0.4227271946596087
1297.1223021582734,0.16999999999999998,0.44914764432583415
1297.1223021582734,0.18,0.4755680939920598
1297.1223021582734,0.19,0.5019885436582853
1297.1223021582734,0.2,0.5284089933245109
1297.1223021582734,0.21,0.5548294429907364
1297.1223021582734,0.22,0.5812498926569619
1297.1223021582734,0.23,0.6076703423231875
1297.1223021582734,0.24,0.634090791989413
1297.1223021582734,0.25,0.6605112416556386
1297.1223021582734,0.3,0.7926134899867663
1297.1223021582734,0.35,0.924715738317894
1297.1223021582734,0.39999999999999997,1.0568179866490215
1297.1223021582734,0.44999999999999996,1.1889202349801493
1297.1223021582734,0.5,1.3210224833112771
1297.1223021582734,0.5499999999999999,1.4531247316424045
1297.1223021582734,0.6,1.5852269799735326
1297.1223021582734,0.6499999999999999,1.71732922830466
1297.1223021582734,0.7,1.849431476635788
1297.1223021582734,0.75,1.9815337249669158
1297.1223021582734,0.7999999999999999,2.113635973298043
1297.1223021582734,0.8499999999999999,2.245738221629171
1297.1223021582734,0.8999999999999999,2.3778404699602986
1297.1223021582734,0.95,2.5099427182914265
1297.1223021582734,1.0,2.6420449666225543
1312.2302158273383,0.01,0.02582123679711383
1312.2302158273383,0.015,0.038731855195670746
1312.2302158273383,0.02,0.05164247359422766
1312.2302158273383,0.025,0.06455309199278458
1312.2302158273383,0.03,0.07746371039134149
1312.2302158273383,0.035,0.09037432878989841
1312.2302158273383,0.04,0.10328494718845532
1312.2302158273383,0.045000000000000005,0.11619556558701226
1312.2302158273383,0.05,0.12910618398556917
1312.2302158273383,0.06,0.15492742078268298
1312.2302158273383,0.06999999999999999,0.18074865757979683
1312.2302158273383,0.08,0.20656989437691065
1312.2302158273383,0.09,0.2323911311740245
1312.2302158273383,0.1,0.25821236797113833
1312.2302158273383,0.11,0.2840336047682521
1312.2302158273383,0.12,0.30985484156536597
1312.2302158273383,0.13,0.3356760783624798
1312.2302158273383,0.14,0.36149731515959366
1312.2302158273383,0.15,0.38731855195670745
1312.2302158273383,0.16,0.4131397887538213
1312.2302158273383,0.16999999999999998,0.438961025550935
1312.2302158273383,0.18,0.464782262348049
1312.2302158273383,0.19,0.49060349914516277
1312.2302158273383,0.2,0.5164247359422767
1312.2302158273383,0.21,0.5422459727393905
1312.2302158273383,0.22,0.5680672095365042
1312.2302158273383,0.23,0.5938884463336181
1312.2302158273383,0.24,0.6197096831307319
1312.2302158273383,0.25,0.6455309199278457
1312.2302158273383,0.3,0.7746371039134149
1312.2302158273383,0.35,0.9037432878989841
1312.2302158273383,0.39999999999999997,1.0328494718845531
1312.2302158273383,0.44999999999999996,1.1619556558701223
1312.2302158273383,0.5,1.2910618398556915
1312.2302158273383,0.5499999999999999,1.4201680238412604
1312.2302158273383,0.6,1.5492742078268298
1312.2302158273383,0.6499999999999999,1.6783803918123987
1312.2302158273383,0.7,1.8074865757979681
1312.2302158273383,0.75,1.9365927597835373
1312.2302158273383,0.7999999999999999,2.0656989437691062
1312.2302158273383,0.8499999999999999,2.1948051277546754
1312.2302158273383,0.8999999999999999,2.3239113117402446
1312.2302158273383,0.95,2.4530174957258137
1312.2302158273383,1.0,2.582123679711383
1327.3381294964029,0.01,0.025242242200343153
1327.3381294964029,0.015,0.03786336330051473
1327.3381294964029,0.02,0.05048448440068631
1327.3381294964029,0.025,0.06310560550085788
1327.3381294964029,0.03,0.07572672660102946
1327.3381294964029,0.035,0.08834784770120103
1327.3381294964029,0.04,0.10096896880137261
1327.3381294964029,0.045000000000000005,0.1135900899015442
1327.3381294964029,0.05,0.12621121100171576
1327.3381294964029,0.06,0.1514534532020589
1327.3381294964029,0.06999999999999999,0.17669569540240207
1327.3381294964029,0.08,0.20193793760274523
1327.3381294964029,0.09,0.22718017980308836
1327.3381294964029,0.1,0.2524224220034315
1327.3381294964029,0.11,0.27766466420377467
1327.3381294964029,0.12,0.3029069064041178
1327.3381294964029,0.13,0.328149148604461
1327.3381294964029,0.14,0.35339139080480414
1327.3381294964029,0.15,0.3786336330051473
1327.3381294964029,0.16,0.40387587520549045
1327.3381294964029,0.16999999999999998,0.4291181174058335
1327.3381294964029,0.18,0.4543603596061767
1327.3381294964029,0.19,0.47960260180651987
1327.3381294964029,0.2,0.504844844006863
1327.3381294964029,0.21,0.5300870862072062
1327.3381294964029,0.22,0.5553293284075493
1327.3381294964029,0.23,0.5805715706078926
1327.3381294964029,0.24,0.6058138128082357
1327.3381294964029,0.25,0.6310560550085788
1327.3381294964029,0.3,0.7572672660102946
1327.3381294964029,0.35,0.8834784770120103
1327.3381294964029,0.39999999999999997,1.0096896880137258
1327.3381294964029,0.44999999999999996,1.1359008990154418
1327.3381294964029,0.5,1.2621121100171575
1327.3381294964029,0.5499999999999999,1.388323321018873
1327.3381294964029,0.6,1.5145345320205892
1327.3381294964029,0.6499999999999999,1.6407457430223047
1327.3381294964029,0.7,1.7669569540240206
1327.3381294964029,0.75,1.8931681650257364
1327.3381294964029,0.7999999999999999,2.0193793760274517
1327.3381294964029,0.8499999999999999,2.145590587029168
1327.3381294964029,0.8999999999999999,2.2718017980308836
1327.3381294964029,0.95,2.3980130090325993
1327.3381294964029,1.0,2.524224220034315
1342.4460431654677,0.01,0.024682565049473772
1342.4460431654677,0.015,0.037023847574210664
1342.4460431654677,0.02,0.049365130098947545
1342.4460431654677,0.025,0.06170641262368443
1342.4460431654677,0.03,0.07404769514842133
1342.4460431654677,0.035,0.08638897767315822
1342.4460431654677,0.04,0.09873026019789509
1342.4460431654677,0.045000000000000005,0.111071542722632
1342.4460431654677,0.05,0.12341282524736887
1342.4460431654677,0.06,0.14809539029684265
1342.4460431654677,0.06999999999999999,0.17277795534631643
1342.4460431654677,0.08,0.19746052039579018
1342.4460431654677,0.09,0.22214308544526395
1342.4460431654677,0.1,0.24682565049473773
1342.4460431654677,0.11,0.2715082155442115
1342.4460431654677,0.12,0.2961907805936853
1342.4460431654677,0.13,0.32087334564315906
1342.4460431654677,0.14,0.34555591069263286
1342.4460431654677,0.15,0.3702384757421066
1342.4460431654677,0.16,0.39492104079158036
1342.4460431654677,0.16999999999999998,0.4196036058410541
1342.4460431654677,0.18,0.4442861708905279
1342.4460431654677,0.19,0.4689687359400017
1342.4460431654677,0.2,0.49365130098947546
1342.4460431654677,0.21,0.5183338660389493
1342.4460431654677,0.22,0.543016431088423
1342.4460431654677,0.23,0.5676989961378968
1342.4460431654677,0.24,0.5923815611873706
1342.4460431654677,0.25,0.6170641262368444
1342.4460431654677,0.3,0.7404769514842132
1342.4460431654677,0.35,0.8638897767315821
1342.4460431654677,0.39999999999999997,0.9873026019789508
1342.4460431654677,0.44999999999999996,1.1107154272263198
1342.4460431654677,0.5,1.2341282524736887
1342.4460431654677,0.5499999999999999,1.3575410777210573
1342.4460431654677,0.6,1.4809539029684264
1342.4460431654677,0.6499999999999999,1.604366728215795
1342.4460431654677,0.7,1.7277795534631641
1342.4460431654677,0.75,1.851192378710533
1342.4460431654677,0.7999999999999999,1.9746052039579016
1342.4460431654677,0.8499999999999999,2.0980180292052704
1342.4460431654677,0.8999999999999999,2.2214308544526395
1342.4460431654677,0.95,2.3448436797000087
1342.4460431654677,1.0,2.4682565049473775
1357.5539568345323,0.01,0.024141354179877752
1357.5539568345323,0.015,0.036212031269816626
1357.5539568345323,0.02,0.048282708359755504
1357.5539568345323,0.025,0.06035338544969438
1357.5539568345323,0.03,0.07242406253963325
1357.5539568345323,0.035,0.08449473962957213
1357.5539568345323,0.04,0.09656541671951101
1357.5539568345323,0.045000000000000005,0.1086360938094499
1357.5539568345323,0.05,0.12070677089938876
1357.5539568345323,0.06,0.1448481250792665
1357.5539568345323,0.06999999999999999,0.16898947925914426
1357.5539568345323,0.08,0.19313083343902201
1357.5539568345323,0.09,0.21727218761889977
1357.5539568345323,0.1,0.24141354179877753
1357.5539568345323,0.11,0.2655548959786553
1357.5539568345323,0.12,0.289696250158533
1357.5539568345323,0.13,0.3138376043384108
1357.5539568345323,0.14,0.3379789585182885
1357.5539568345323,0.15,0.36212031269816625
1357.5539568345323,0.16,0.38626166687804403
1357.5539568345323,0.16999999999999998,0.4104030210579217
1357.5539568345323,0.18,0.43454437523779954
1357.5539568345323,0.19,0.45868572941767727
1357.5539568345323,0.2,0.48282708359755505
1357.5539568345323,0.21,0.5069684377774327
1357.5539568345323,0.22,0.5311097919573106
1357.5539568345323,0.23,0.5552511461371883
1357.5539568345323,0.24,0.579392500317066
1357.5539568345323,0.25,0.6035338544969437
1357.5539568345323,0.3,0.7242406253963325
1357.5539568345323,0.35,0.8449473962957212
1357.5539568345323,0.39999999999999997,0.9656541671951099
1357.5539568345323,0.44999999999999996,1.0863609380944987
1357.5539568345323,0.5,1.2070677089938875
1357.5539568345323,0.5499999999999999,1.327774479893276
1357.5539568345323,0.6,1.448481250792665
1357.5539568345323,0.6499999999999999,1.5691880216920535
1357.5539568345323,0.7,1.6898947925914425
1357.5539568345323,0.75,1.8106015634908315
1357.5539568345323,0.7999999999999999,1.9313083343902198
1357.5539568345323,0.8499999999999999,2.0520151052896085
1357.5539568345323,0.8999999999999999,2.1727218761889975
1357.5539568345323,0.95,2.2934286470883865
1357.5539568345323,1.0,2.414135417987775
1372.6618705035971,0.01,0.023617804837302043
1372.6618705035971,0.015,0.035426707255953066
1372.6618705035971,0.02,0.047235609674604086
1372.6618705035971,0.025,0.05904451209325511
1372.6618705035971,0.03,0.07085341451190613
1372.6618705035971,0.035,0.08266231693055716
1372.6618705035971,0.04,0.09447121934920817
1372.6618705035971,0.045000000000000005,0.10628012176785921
1372.6618705035971,0.05,0.11808902418651022
1372.6618705035971,0.06,0.14170682902381226
1372.6618705035971,0.06999999999999999,0.16532463386111432
1372.6618705035971,0.08,0.18894243869841634
1372.6618705035971,0.09,0.2125602435357184
1372.6618705035971,0.1,0.23617804837302045
1372.6618705035971,0.11,0.2597958532103225
1372.6618705035971,0.12,0.28341365804762453
1372.6618705035971,0.13,0.30703146288492655
1372.6618705035971,0.14,0.33064926772222863
1372.6618705035971,0.15,0.35426707255953066
1372.6618705035971,0.16,0.3778848773968327
1372.6618705035971,0.16999999999999998,0.40150268223413466
1372.6618705035971,0.18,0.4251204870714368
1372.6618705035971,0.19,0.4487382919087388
1372.6618705035971,0.2,0.4723560967460409
1372.6618705035971,0.21,0.4959739015833429
1372.6618705035971,0.22,0.519591706420645
1372.6618705035971,0.23,0.543209511257947
1372.6618705035971,0.24,0.5668273160952491
1372.6618705035971,0.25,0.5904451209325511
1372.6618705035971,0.3,0.7085341451190613
1372.6618705035971,0.35,0.8266231693055716
1372.6618705035971,0.39999999999999997,0.9447121934920816
1372.6618705035971,0.44999999999999996,1.062801217678592
1372.6618705035971,0.5,1.1808902418651022
1372.6618705035971,0.5499999999999999,1.2989792660516122
1372.6618705035971,0.6,1.4170682902381226
1372.6618705035971,0.6499999999999999,1.5351573144246327
1372.6618705035971,0.7,1.6532463386111431
1372.6618705035971,0.75,1.7713353627976534
1372.6618705035971,0.7999999999999999,1.8894243869841632
1372.6618705035971,0.8499999999999999,2.0075134111706734
1372.6618705035971,0.8999999999999999,2.125602435357184
1372.6618705035971,0.95,2.2436914595436943
1372.6618705035971,1.0,2.3617804837302043
1387.769784172662,0.01,0.023111155672207218
1387.769784172662,0.015,0.03466673350831083
1387.769784172662,0.02,0.046222311344414437
1387.769784172662,0.025,0.05777788918051805
1387.769784172662,0.03,0.06933346701662166
1387.769784172662,0.035,0.08088904485272527
1387.769784172662,0.04,0.09244462268882887
1387.769784172662,0.045000000000000005,0.1040002005249325
1387.769784172662,0.05,0.1155557783610361
1387.769784172662,0.06,0.13866693403324332
1387.769784172662,0.06999999999999999,0.16177808970545055
1387.769784172662,0.08,0.18488924537765775
1387.769784172662,0.09,0.20800040104986497
1387.769784172662,0.1,0.2311115567220722
1387.769784172662,0.11,0.2542227123942794
1387.769784172662,0.12,0.27733386806648663
1387.769784172662,0.13,0.30044502373869386
1387.769784172662,0.14,0.3235561794109011
1387.769784172662,0.15,0.3466673350831083
1387.769784172662,0.16,0.3697784907553155
1387.769784172662,0.16999999999999998,0.39288964642752267
1387.769784172662,0.18,0.41600080209972995
1387.769784172662,0.19,0.4391119577719372
1387.769784172662,0.2,0.4622231134441444
1387.769784172662,0.21,0.48533426911635164
1387.769784172662,0.22,0.5084454247885588
1387.769784172662,0.23,0.531556580460766
1387.769784172662,0.24,0.5546677361329733
1387.769784172662,0.25,0.5777788918051805
1387.769784172662,0.3,0.6933346701662166
1387.769784172662,0.35,0.8088904485272527
1387.769784172662,0.39999999999999997,0.9244462268882887
1387.769784172662,0.44999999999999996,1.0400020052493248
1387.769784172662,0.5,1.155557783610361
1387.769784172662,0.5499999999999999,1.271113561971397
1387.769784172662,0.6,1.3866693403324333
1387.769784172662,0.6499999999999999,1.502225118693469
1387.769784172662,0.7,1.6177808970545053
1387.769784172662,0.75,1.7333366754155415
1387.769784172662,0.7999999999999999,1.8488924537765774
1387.769784172662,0.8499999999999999,1.9644482321376133
1387.769784172662,0.8999999999999999,2.0800040104986497
1387.769784172662,0.95,2.195559788859686
1387.769784172662,1.0,2.311115567220722
1402.8776978417266,0.01,0.02262068595886998
1402.8776978417266,0.015,0.03393102893830497
1402.8776978417266,0.02,0.04524137191773996
1402.8776978417266,0.025,0.056551714897174955
1402.8776978417266,0.03,0.06786205787660994
1402.8776978417266,0.035,0.07917240085604493
1402.8776978417266,0.04,0.09048274383547993
1402.8776978417266,0.045000000000000005,0.10179308681491493
1402.8776978417266,0.05,0.11310342979434991
1402.8776978417266,0.06,0.13572411575321988
1402.8776978417266,0.06999999999999999,0.15834480171208987
1402.8776978417266,0.08,0.18096548767095985
1402.8776978417266,0.09,0.20358617362982984
1402.8776978417266,0.1,0.22620685958869982
1402.8776978417266,0.11,0.2488275455475698
1402.8776978417266,0.12,0.27144823150643976
1402.8776978417266,0.13,0.2940689174653098
1402.8776978417266,0.14,0.31668960342417973
1402.8776978417266,0.15,0.33931028938304975
1402.8776978417266,0.16,0.3619309753419197
1402.8776978417266,0.16999999999999998,0.3845516613007896
1402.8776978417266,0.18,0.4071723472596597
1402.8776978417266,0.19,0.4297930332185297
1402.8776978417266,0.2,0.45241371917739964
1402.8776978417266,0.21,0.4750344051362696
1402.8776978417266,0.22,0.4976550910951396
1402.8776978417266,0.23,0.5202757770540096
1402.8776978417266,0.24,0.5428964630128795
1402.8776978417266,0.25,0.5655171489717495
1402.8776978417266,0.3,0.6786205787660995
1402.8776978417266,0.35,0.7917240085604493
1402.8776978417266,0.39999999999999997,0.9048274383547992
1402.8776978417266,0.44999999999999996,1.017930868149149
1402.8776978417266,0.5,1.131034297943499
1402.8776978417266,0.5499999999999999,1.2441377277378487
1402.8776978417266,0.6,1.357241157532199
1402.8776978417266,0.6499999999999999,1.4703445873265486
1402.8776978417266,0.7,1.5834480171208987
1402.8776978417266,0.75,1.6965514469152487
1402.8776978417266,0.7999999999999999,1.8096548767095983
1402.8776978417266,0.8499999999999999,1.9227583065039482
1402.8776978417266,0.8999999999999999,2.035861736298298
1402.8776978417266,0.95,2.148965166092648
1402.8776978417266,1.0,2.262068595886998
1417.9856115107914,0.01,0.022145713020237885
1417.9856115107914,0.015,0.03321856953035683
1417.9856115107914,0.02,0.04429142604047577
1417.9856115107914,0.025,0.055364282550594716
1417.9856115107914,0.03,0.06643713906071366
1417.9856115107914,0.035,0.0775099955708326
1417.9856115107914,0.04,0.08858285208095154
1417.9856115107914,0.045000000000000005,0.09965570859107051
1417.9856115107914,0.05,0.11072856510118943
1417.9856115107914,0.06,0.13287427812142732
1417.9856115107914,0.06999999999999999,0.1550199911416652
1417.9856115107914,0.08,0.17716570416190308
1417.9856115107914,0.09,0.199311417182141
1417.9856115107914,0.1,0.22145713020237887
1417.9856115107914,0.11,0.24360284322261674
1417.9856115107914,0.12,0.26574855624285465
1417.9856115107914,0.13,0.28789426926309253
1417.9856115107914,0.14,0.3100399822833304
1417.9856115107914,0.15,0.3321856953035683
1417.9856115107914,0.16,0.35433140832380616
1417.9856115107914,0.16999999999999998,0.376477121344044
1417.9856115107914,0.18,0.398622834364282
1417.9856115107914,0.19,0.42076854738451985
1417.9856115107914,0.2,0.44291426040475773
1417.9856115107914,0.21,0.4650599734249956
1417.9856115107914,0.22,0.4872056864452335
1417.9856115107914,0.23,0.5093513994654714
1417.9856115107914,0.24,0.5314971124857093
1417.9856115107914,0.25,0.5536428255059471
1417.9856115107914,0.3,0.6643713906071366
1417.9856115107914,0.35,0.775099955708326
1417.9856115107914,0.39999999999999997,0.8858285208095154
1417.9856115107914,0.44999999999999996,0.9965570859107048
1417.9856115107914,0.5,1.1072856510118942
1417.9856115107914,0.5499999999999999,1.2180142161130836
1417.9856115107914,0.6,1.3287427812142731
1417.9856115107914,0.6499999999999999,1.4394713463154625
1417.9856115107914,0.7,1.550199911416652
1417.9856115107914,0.75,1.6609284765178416
1417.9856115107914,0.7999999999999999,1.7716570416190307
1417.9856115107914,0.8499999999999999,1.88238560672022
1417.9856115107914,0.8999999999999999,1.9931141718214096
1417.9856115107914,0.95,2.103842736922599
1417.9856115107914,1.0,2.2145713020237885
1433.0935251798562,0.01,0.021685589841315238
1433.0935251798562,0.015,0.03252838476197286
1433.0935251798562,0.02,0.043371179682630476
1433.0935251798562,0.025,0.0542139746032881
1433.0935251798562,0.03,0.06505676952394572
1433.0935251798562,0.035,0.07589956444460334
1433.0935251798562,0.04,0.08674235936526095
1433.0935251798562,0.045000000000000005,0.09758515428591859
1433.0935251798562,0.05,0.1084279492065762
1433.0935251798562,0.06,0.13011353904789144
1433.0935251798562,0.06999999999999999,0.15179912888920669
1433.0935251798562,0.08,0.1734847187305219
1433.0935251798562,0.09,0.19517030857183715
1433.0935251798562,0.1,0.2168558984131524
1433.0935251798562,0.11,0.23854148825446764
1433.0935251798562,0.12,0.2602270780957829
1433.0935251798562,0.13,0.2819126679370981
1433.0935251798562,0.14,0.30359825777841337
1433.0935251798562,0.15,0.32528384761972856
1433.0935251798562,0.16,0.3469694374610438
1433.0935251798562,0.16999999999999998,0.368655027302359
1433.0935251798562,0.18,0.3903406171436743
1433.0935251798562,0.19,0.41202620698498954
1433.0935251798562,0.2,0.4337117968263048
1433.0935251798562,0.21,0.45539738666762003
1433.0935251798562,0.22,0.4770829765089353
1433.0935251798562,0.23,0.4987685663502505
1433.0935251798562,0.24,0.5204541561915658
1433.0935251798562,0.25,0.542139746032881
1433.0935251798562,0.3,0.6505676952394571
1433.0935251798562,0.35,0.7589956444460334
1433.0935251798562,0.39999999999999997,0.8674235936526095
1433.0935251798562,0.44999999999999996,0.9758515428591856
1433.0935251798562,0.5,1.084279492065762
1433.0935251798562,0.5499999999999999,1.192707441272338
1433.0935251798562,0.6,1.3011353904789142
1433.0935251798562,0.6499999999999999,1.4095633396854903
1433.0935251798562,0.7,1.5179912888920668
1433.0935251798562,0.75,1.6264192380986429
1433.0935251798562,0.7999999999999999,1.734847187305219
1433.0935251798562,0.8499999999999999,1.843275136511795
1433.0935251798562,0.8999999999999999,1.9517030857183713
1433.0935251798562,0.95,2.0601310349249475
1433.0935251798562,1.0,2.168558984131524
1448.2014388489208,0.01,0.021239702855464095
1448.2014388489208,0.015,0.031859554283196145
1448.2014388489208,0.02,0.04247940571092819
1448.2014388489208,0.025,0.05309925713866024
1448.2014388489208,0.03,0.06371910856639229
1448.2014388489208,0.035,0.07433895999412433
1448.2014388489208,0.04,0.08495881142185638
1448.2014388489208,0.045000000000000005,0.09557866284958845
1448.2014388489208,0.05,0.10619851427732048
1448.2014388489208,0.06,0.12743821713278458
1448.2014388489208,0.06999999999999999,0.14867791998824867
1448.2014388489208,0.08,0.16991762284371276
1448.2014388489208,0.09,0.19115732569917684
1448.2014388489208,0.1,0.21239702855464096
1448.2014388489208,0.11,0.23363673141010505
1448.2014388489208,0.12,0.25487643426556916
1448.2014388489208,0.13,0.2761161371210332
1448.2014388489208,0.14,0.29735583997649734
1448.2014388489208,0.15,0.3185955428319614
1448.2014388489208,0.16,0.3398352456874255
1448.2014388489208,0.16999999999999998,0.3610749485428896
1448.2014388489208,0.18,0.3823146513983537
1448.2014388489208,0.19,0.4035543542538178
1448.2014388489208,0.2,0.4247940571092819
1448.2014388489208,0.21,0.446033759964746
1448.2014388489208,0.22,0.4672734628202101
1448.2014388489208,0.23,0.4885131656756742
1448.2014388489208,0.24,0.5097528685311383
1448.2014388489208,0.25,0.5309925713866024
1448.2014388489208,0.3,0.6371910856639228
1448.2014388489208,0.35,0.7433895999412433
1448.2014388489208,0.39999999999999997,0.8495881142185637
1448.2014388489208,0.44999999999999996,0.9557866284958841
1448.2014388489208,0.5,1.0619851427732048
1448.2014388489208,0.5499999999999999,1.168183657050525
1448.2014388489208,0.6,1.2743821713278456
1448.2014388489208,0.6499999999999999,1.380580685605166
1448.2014388489208,0.7,1.4867791998824866
1448.2014388489208,0.75,1.5929777141598072
1448.2014388489208,0.7999999999999999,1.6991762284371275
1448.2014388489208,0.8499999999999999,1.8053747427144478
1448.2014388489208,0.8999999999999999,1.9115732569917683
1448.2014388489208,0.95,2.0177717712690892
1448.2014388489208,1.0,2.1239702855464095
1463.3093525179856,0.01,0.020807469889445
1463.3093525179856,0.015,0.0312112048341675
1463.3093525179856,0.02,0.04161493977889
1463.3093525179856,0.025,0.0520186747236125
1463.3093525179856,0.03,0.062422409668335
1463.3093525179856,0.035,0.07282614461305749
1463.3093525179856,0.04,0.08322987955778
1463.3093525179856,0.045000000000000005,0.09363361450250252
1463.3093525179856,0.05,0.104037349447225
1463.3093525179856,0.06,0.12484481933667
1463.3093525179856,0.06999999999999999,0.14565228922611498
1463.3093525179856,0.08,0.16645975911556
1463.3093525179856,0.09,0.18726722900500498
1463.3093525179856,0.1,0.20807469889445
1463.3093525179856,0.11,0.22888216878389497
1463.3093525179856,0.12,0.24968963867334
1463.3093525179856,0.13,0.27049710856278497
1463.3093525179856,0.14,0.29130457845222996
1463.3093525179856,0.15,0.312112048341675
1463.3093525179856,0.16,0.33291951823112
1463.3093525179856,0.16999999999999998,0.3537269881205649
1463.3093525179856,0.18,0.37453445801000995
1463.3093525179856,0.19,0.395341927899455
1463.3093525179856,0.2,0.4161493977889
1463.3093525179856,0.21,0.43695686767834496
1463.3093525179856,0.22,0.45776433756778995
1463.3093525179856,0.23,0.478571807457235
1463.3093525179856,0.24,0.49937927734668
1463.3093525179856,0.25,0.520186747236125
1463.3093525179856,0.3,0.62422409668335
1463.3093525179856,0.35,0.728261446130575
1463.3093525179856,0.39999999999999997,0.8322987955777998
1463.3093525179856,0.44999999999999996,0.9363361450250248
1463.3093525179856,0.5,1.04037349447225
1463.3093525179856,0.5499999999999999,1.1444108439194747
1463.3093525179856,0.6,1.2484481933667
1463.3093525179856,0.6499999999999999,1.3524855428139246
1463.3093525179856,0.7,1.45652289226115
1463.3093525179856,0.75,1.5605602417083748
1463.3093525179856,0.7999999999999999,1.6645975911555997
1463.3093525179856,0.8499999999999999,1.7686349406028246
1463.3093525179856,0.8999999999999999,1.8726722900500496
1463.3093525179856,0.95,1.976709639497275
1463.3093525179856,1.0,2.0807469889445
1478.4172661870505,0.01,0.020388338254316574
1478.4172661870505,0.015,0.030582507381474864
1478.4172661870505,0.02,0.04077667650863315
1478.4172661870505,0.025,0.05097084563579144
1478.4172661870505,0.03,0.06116501476294973
1478.4172661870505,0.035,0.07135918389010801
1478.4172661870505,0.04,0.0815533530172663
1478.4172661870505,0.045000000000000005,0.09174752214442461
1478.4172661870505,0.05,0.10194169127158288
1478.4172661870505,0.06,0.12233002952589946
1478.4172661870505,0.06999999999999999,0.14271836778021602
1478.4172661870505,0.08,0.1631067060345326
1478.4172661870505,0.09,0.18349504428884916
1478.4172661870505,0.1,0.20388338254316576
1478.4172661870505,0.11,0.22427172079748234
1478.4172661870505,0.12,0.2446600590517989
1478.4172661870505,0.13,0.26504839730611546
1478.4172661870505,0.14,0.28543673556043203
1478.4172661870505,0.15,0.3058250738147486
1478.4172661870505,0.16,0.3262134120690652
1478.4172661870505,0.16999999999999998,0.3466017503233817
1478.4172661870505,0.18,0.3669900885776983
1478.4172661870505,0.19,0.38737842683201495
1478.4172661870505,0.2,0.40776676508633153
1478.4172661870505,0.21,0.4281551033406481
1478.4172661870505,0.22,0.4485434415949647
1478.4172661870505,0.23,0.46893177984928125
1478.4172661870505,0.24,0.4893201181035978
1478.4172661870505,0.25,0.5097084563579144
1478.4172661870505,0.3,0.6116501476294972
1478.4172661870505,0.35,0.7135918389010801
1478.4172661870505,0.39999999999999997,0.8155335301726628
1478.4172661870505,0.44999999999999996,0.9174752214442458
1478.4172661870505,0.5,1.0194169127158288
1478.4172661870505,0.5499999999999999,1.1213586039874115
1478.4172661870505,0.6,1.2233002952589944
1478.4172661870505,0.6499999999999999,1.3252419865305771
1478.4172661870505,0.7,1.4271836778021603
1478.4172661870505,0.75,1.5291253690737432
1478.4172661870505,0.7999999999999999,1.6310670603453257
1478.4172661870505,0.8499999999999999,1.7330087516169086
1478.4172661870505,0.8999999999999999,1.8349504428884915
1478.4172661870505,0.95,1.9368921341600747
1478.4172661870505,1.0,2.0388338254316576
1493.525179856115,0.01,0.01998178297047713
1493.525179856115,0.015,0.029972674455715692
1493.525179856115,0.02,0.03996356594095426
1493.525179856115,0.025,0.04995445742619282
1493.525179856115,0.03,0.059945348911431384
1493.525179856115,0.035,0.06993624039666994
1493.525179856115,0.04,0.07992713188190852
1493.525179856115,0.045000000000000005,0.08991802336714709
1493.525179856115,0.05,0.09990891485238564
1493.525179856115,0.06,0.11989069782286277
1493.525179856115,0.06999999999999999,0.1398724807933399
1493.525179856115,0.08,0.15985426376381703
1493.525179856115,0.09,0.17983604673429415
1493.525179856115,0.1,0.19981782970477127
1493.525179856115,0.11,0.21979961267524842
1493.525179856115,0.12,0.23978139564572554
1493.525179856115,0.13,0.2597631786162027
1493.525179856115,0.14,0.2797449615866798
1493.525179856115,0.15,0.2997267445571569
1493.525179856115,0.16,0.31970852752763407
1493.525179856115,0.16999999999999998,0.3396903104981111
1493.525179856115,0.18,0.3596720934685883
1493.525179856115,0.19,0.37965387643906545
1493.525179856115,0.2,0.39963565940954254
1493.525179856115,0.21,0.4196174423800197
1493.525179856115,0.22,0.43959922535049684
1493.525179856115,0.23,0.459581008320974
1493.525179856115,0.24,0.4795627912914511
1493.525179856115,0.25,0.4995445742619282
1493.525179856115,0.3,0.5994534891143138
1493.525179856115,0.35,0.6993624039666995
1493.525179856115,0.39999999999999997,0.799271318819085
1493.525179856115,0.44999999999999996,0.8991802336714707
1493.525179856115,0.5,0.9990891485238564
1493.525179856115,0.5499999999999999,1.0989980633762417
1493.525179856115,0.6,1.1989069782286277
1493.525179856115,0.6499999999999999,1.2988158930810132
1493.525179856115,0.7,1.398724807933399
1493.525179856115,0.75,1.4986337227857847
1493.525179856115,0.7999999999999999,1.59854263763817
1493.525179856115,0.8499999999999999,1.6984515524905557
1493.525179856115,0.8999999999999999,1.7983604673429414
1493.525179856115,0.95,1.8982693821953271
1493.525179856115,1.0,1.9981782970477129
1508.63309352518,0.01,0.019587305116180252
1508.63309352518,0.015,0.029380957674270382
1508.63309352518,0.02,0.039174610232360504
1508.63309352518,0.025,0.048968262790450634
1508.63309352518,0.03,0.058761915348540764
1508.63309352518,0.035,0.0685555679066309
1508.63309352518,0.04,0.07834922046472101
1508.63309352518,0.045000000000000005,0.08814287302281115
1508.63309352518,0.05,0.09793652558090127
1508.63309352518,0.06,0.11752383069708153
1508.63309352518,0.06999999999999999,0.1371111358132618
1508.63309352518,0.08,0.15669844092944202
1508.63309352518,0.09,0.17628574604562228
1508.63309352518,0.1,0.19587305116180254
1508.63309352518,0.11,0.2154603562779828
1508.63309352518,0.12,0.23504766139416305
1508.63309352518,0.13,0.2546349665103433
1508.63309352518,0.14,0.2742222716265236
1508.63309352518,0.15,0.2938095767427038
1508.63309352518,0.16,0.31339688185888404
1508.63309352518,0.16999999999999998,0.33298418697506427
1508.63309352518,0.18,0.35257149209124455
1508.63309352518,0.19,0.37215879720742484
1508.63309352518,0.2,0.39174610232360507
1508.63309352518,0.21,0.4113334074397853
1508.63309352518,0.22,0.4309207125559656
1508.63309352518,0.23,0.4505080176721458
1508.63309352518,0.24,0.4700953227883261
1508.63309352518,0.25,0.48968262790450634
1508.63309352518,0.3,0.5876191534854076
1508.63309352518,0.35,0.6855556790663089
1508.63309352518,0.39999999999999997,0.78349220464721
1508.63309352518,0.44999999999999996,0.8814287302281113
1508.63309352518,0.5,0.9793652558090127
1508.63309352518,0.5499999999999999,1.0773017813899137
1508.63309352518,0.6,1.1752383069708152
1508.63309352518,0.6499999999999999,1.2731748325517163
1508.63309352518,0.7,1.3711113581326178
1508.63309352518,0.75,1.469047883713519
1508.63309352518,0.7999999999999999,1.56698440929442
1508.63309352518,0.8499999999999999,1.6649209348753213
1508.63309352518,0.8999999999999999,1.7628574604562226
1508.63309352518,0.95,1.860793986037124
1508.63309352518,1.0,1.9587305116180254
1523.7410071942447,0.01,0.01920443028980166
1523.7410071942447,0.015,0.028806645434702488
1523.7410071942447,0.02,0.03840886057960332
1523.7410071942447,0.025,0.048011075724504144
1523.7410071942447,0.03,0.057613290869404976
1523.7410071942447,0.035,0.0672155060143058
1523.7410071942447,0.04,0.07681772115920664
1523.7410071942447,0.045000000000000005,0.08641993630410748
1523.7410071942447,0.05,0.09602215144900829
1523.7410071942447,0.06,0.11522658173880995
1523.7410071942447,0.06999999999999999,0.1344310120286116
1523.7410071942447,0.08,0.15363544231841328
1523.7410071942447,0.09,0.17283987260821493
1523.7410071942447,0.1,0.19204430289801658
1523.7410071942447,0.11,0.21124873318781826
1523.7410071942447,0.12,0.2304531634776199
1523.7410071942447,0.13,0.24965759376742155
1523.7410071942447,0.14,0.2688620240572232
1523.7410071942447,0.15,0.2880664543470249
1523.7410071942447,0.16,0.30727088463682656
1523.7410071942447,0.16999999999999998,0.3264753149266281
1523.7410071942447,0.18,0.34567974521642986
1523.7410071942447,0.19,0.36488417550623153
1523.7410071942447,0.2,0.38408860579603316
1523.7410071942447,0.21,0.40329303608583483
1523.7410071942447,0.22,0.4224974663756365
1523.7410071942447,0.23,0.44170189666543813
1523.7410071942447,0.24,0.4609063269552398
1523.7410071942447,0.25,0.4801107572450415
1523.7410071942447,0.3,0.5761329086940498
1523.7410071942447,0.35,0.672155060143058
1523.7410071942447,0.39999999999999997,0.7681772115920662
1523.7410071942447,0.44999999999999996,0.8641993630410746
1523.7410071942447,0.5,0.960221514490083
1523.7410071942447,0.5499999999999999,1.056243665939091
1523.7410071942447,0.6,1.1522658173880995
1523.7410071942447,0.6499999999999999,1.2482879688371076
1523.7410071942447,0.7,1.344310120286116
1523.7410071942447,0.75,1.4403322717351243
1523.7410071942447,0.7999999999999999,1.5363544231841324
1523.7410071942447,0.8499999999999999,1.6323765746331407
1523.7410071942447,0.8999999999999999,1.7283987260821492
1523.7410071942447,0.95,1.8244208775311577
1523.7410071942447,1.0,1.920443028980166
1538.8489208633093,0.01,0.018832707176987405
1538.8489208633093,0.015,0.028249060765481105
1538.8489208633093,0.02,0.03766541435397481
1538.8489208633093,0.025,0.04708176794246851
1538.8489208633093,0.03,0.05649812153096221
1538.8489208633093,0.035,0.06591447511945592
1538.8489208633093,0.04,0.07533082870794962
1538.8489208633093,0.045000000000000005,0.08474718229644333
1538.8489208633093,0.05,0.09416353588493702
1538.8489208633093,0.06,0.11299624306192442
1538.8489208633093,0.06999999999999999,0.13182895023891184
1538.8489208633093,0.08,0.15066165741589924
1538.8489208633093,0.09,0.16949436459288664
1538.8489208633093,0.1,0.18832707176987404
1538.8489208633093,0.11,0.20715977894686144
1538.8489208633093,0.12,0.22599248612384884
1538.8489208633093,0.13,0.24482519330083624
1538.8489208633093,0.14,0.26365790047782367
1538.8489208633093,0.15,0.28249060765481104
1538.8489208633093,0.16,0.30132331483179847
1538.8489208633093,0.16999999999999998,0.3201560220087858
1538.8489208633093,0.18,0.3389887291857733
1538.8489208633093,0.19,0.35782143636276065
1538.8489208633093,0.2,0.3766541435397481
1538.8489208633093,0.21,0.39548685071673545
1538.8489208633093,0.22,0.4143195578937229
1538.8489208633093,0.23,0.43315226507071025
1538.8489208633093,0.24,0.4519849722476977
1538.8489208633093,0.25,0.4708176794246851
1538.8489208633093,0.3,0.5649812153096221
1538.8489208633093,0.35,0.6591447511945591
1538.8489208633093,0.39999999999999997,0.753308287079496
1538.8489208633093,0.44999999999999996,0.847471822964433
1538.8489208633093,0.5,0.9416353588493702
1538.8489208633093,0.5499999999999999,1.0357988947343069
1538.8489208633093,0.6,1.1299624306192442
1538.8489208633093,0.6499999999999999,1.224125966504181
1538.8489208633093,0.7,1.3182895023891181
1538.8489208633093,0.75,1.4124530382740552
1538.8489208633093,0.7999999999999999,1.506616574158992
1538.8489208633093,0.8499999999999999,1.6007801100439292
1538.8489208633093,0.8999999999999999,1.694943645928866
1538.8489208633093,0.95,1.7891071818138033
1538.8489208633093,1.0,1.8832707176987404
1553.9568345323742,0.01,0.01847170621458466
1553.9568345323742,0.015,0.02770755932187699
1553.9568345323742,0.02,0.03694341242916932
1553.9568345323742,0.025,0.04617926553646165
1553.9568345323742,0.03,0.05541511864375398
1553.9568345323742,0.035,0.06465097175104631
1553.9568345323742,0.04,0.07388682485833864
1553.9568345323742,0.045000000000000005,0.08312267796563098
1553.9568345323742,0.05,0.0923585310729233
1553.9568345323742,0.06,0.11083023728750796
1553.9568345323742,0.06999999999999999,0.12930194350209262
1553.9568345323742,0.08,0.14777364971667728
1553.9568345323742,0.09,0.16624535593126194
1553.9568345323742,0.1,0.1847170621458466
1553.9568345323742,0.11,0.20318876836043126
1553.9568345323742,0.12,0.22166047457501592
1553.9568345323742,0.13,0.24013218078960058
1553.9568345323742,0.14,0.25860388700418524
1553.9568345323742,0.15,0.2770755932187699
1553.9568345323742,0.16,0.29554729943335456
1553.9568345323742,0.16999999999999998,0.31401900564793916
1553.9568345323742,0.18,0.3324907118625239
1553.9568345323742,0.19,0.35096241807710854
1553.9568345323742,0.2,0.3694341242916932
1553.9568345323742,0.21,0.38790583050627786
1553.9568345323742,0.22,0.4063775367208625
1553.9568345323742,0.23,0.4248492429354472
1553.9568345323742,0.24,0.44332094915003184
1553.9568345323742,0.25,0.4617926553646165
1553.9568345323742,0.3,0.5541511864375398
1553.9568345323742,0.35,0.6465097175104632
1553.9568345323742,0.39999999999999997,0.7388682485833863
1553.9568345323742,0.44999999999999996,0.8312267796563096
1553.9568345323742,0.5,0.923585310729233
1553.9568345323742,0.5499999999999999,1.015943841802156
1553.9568345323742,0.6,1.1083023728750796
1553.9568345323742,0.6499999999999999,1.2006609039480027
1553.9568345323742,0.7,1.2930194350209263
1553.9568345323742,0.75,1.3853779660938494
1553.9568345323742,0.7999999999999999,1.4777364971667726
1553.9568345323742,0.8499999999999999,1.570095028239696
1553.9568345323742,0.8999999999999999,1.6624535593126193
1553.9568345323742,0.95,1.7548120903855426
1553.9568345323742,1.0,1.847170621458466
1569.0647482014388,0.01,0.018121018343953084
1569.0647482014388,0.015,0.027181527515929626
1569.0647482014388,0.02,0.03624203668790617
1569.0647482014388,0.025,0.04530254585988271
1569.0647482014388,0.03,0.05436305503185925
1569.0647482014388,0.035,0.0634235642038358
1569.0647482014388,0.04,0.07248407337581234
1569.0647482014388,0.045000000000000005,0.08154458254778889
1569.0647482014388,0.05,0.09060509171976543
1569.0647482014388,0.06,0.1087261100637185
1569.0647482014388,0.06999999999999999,0.1268471284076716
1569.0647482014388,0.08,0.14496814675162467
1569.0647482014388,0.09,0.16308916509557775
1569.0647482014388,0.1,0.18121018343953085
1569.0647482014388,0.11,0.19933120178348393
1569.0647482014388,0.12,0.217452220127437
1569.0647482014388,0.13,0.23557323847139008
1569.0647482014388,0.14,0.2536942568153432
1569.0647482014388,0.15,0.27181527515929627
1569.0647482014388,0.16,0.28993629350324934
1569.0647482014388,0.16999999999999998,0.30805731184720236
1569.0647482014388,0.18,0.3261783301911555
1569.0647482014388,0.19,0.3442993485351086
1569.0647482014388,0.2,0.3624203668790617
1569.0647482014388,0.21,0.3805413852230148
1569.0647482014388,0.22,0.39866240356696786
1569.0647482014388,0.23,0.41678342191092094
1569.0647482014388,0.24,0.434904440254874
1569.0647482014388,0.25,0.4530254585988271
1569.0647482014388,0.3,0.5436305503185925
1569.0647482014388,0.35,0.6342356420383579
1569.0647482014388,0.39999999999999997,0.7248407337581233
1569.0647482014388,0.44999999999999996,0.8154458254778887
1569.0647482014388,0.5,0.9060509171976542
1569.0647482014388,0.5499999999999999,0.9966560089174195
1569.0647482014388,0.6,1.087261100637185
1569.0647482014388,0.6499999999999999,1.1778661923569502
1569.0647482014388,0.7,1.2684712840767158
1569.0647482014388,0.75,1.3590763757964812
1569.0647482014388,0.7999999999999999,1.4496814675162466
1569.0647482014388,0.8499999999999999,1.540286559236012
1569.0647482014388,0.8999999999999999,1.6308916509557774
1569.0647482014388,0.95,1.721496742675543
1569.0647482014388,1.0,1.8121018343953084
1584.1726618705036,0.01,0.01778025384688565
1584.1726618705036,0.015,0.02667038077032848
1584.1726618705036,0.02,0.0355605076937713
1584.1726618705036,0.025,0.04445063461721413
1584.1726618705036,0.03,0.05334076154065696
1584.1726618705036,0.035,0.06223088846409978
1584.1726618705036,0.04,0.0711210153875426
1584.1726618705036,0.045000000000000005,0.08001114231098544
1584.1726618705036,0.05,0.08890126923442826
1584.1726618705036,0.06,0.10668152308131391
1584.1726618705036,0.06999999999999999,0.12446177692819956
1584.1726618705036,0.08,0.1422420307750852
1584.1726618705036,0.09,0.16002228462197085
1584.1726618705036,0.1,0.17780253846885652
1584.1726618705036,0.11,0.19558279231574216
1584.1726618705036,0.12,0.21336304616262783
1584.1726618705036,0.13,0.23114330000951347
1584.1726618705036,0.14,0.2489235538563991
1584.1726618705036,0.15,0.2667038077032848
1584.1726618705036,0.16,0.2844840615501704
1584.1726618705036,0.16999999999999998,0.302264315397056
1584.1726618705036,0.18,0.3200445692439417
1584.1726618705036,0.19,0.3378248230908274
1584.1726618705036,0.2,0.35560507693771304
1584.1726618705036,0.21,0.3733853307845987
1584.1726618705036,0.22,0.3911655846314843
1584.1726618705036,0.23,0.40894583847836996
1584.1726618705036,0.24,0.42672609232525566
1584.1726618705036,0.25,0.4445063461721413
1584.1726618705036,0.3,0.5334076154065696
1584.1726618705036,0.35,0.6223088846409978
1584.1726618705036,0.39999999999999997,0.711210153875426
1584.1726618705036,0.44999999999999996,0.8001114231098542
1584.1726618705036,0.5,0.8890126923442826
1584.1726618705036,0.5499999999999999,0.9779139615787106
1584.1726618705036,0.6,1.0668152308131391
1584.1726618705036,0.6499999999999999,1.155716500047567
1584.1726618705036,0.7,1.2446177692819955
1584.1726618705036,0.75,1.333519038516424
1584.1726618705036,0.7999999999999999,1.422420307750852
1584.1726618705036,0.8499999999999999,1.5113215769852801
1584.1726618705036,0.8999999999999999,1.6002228462197083
1584.1726618705036,0.95,1.689124115454137
1584.1726618705036,1.0,1.7780253846885652
1599.2805755395684,0.01,0.01744904125794
1599.2805755395684,0.015,0.02617356188691
1599.2805755395684,0.02,0.03489808251588
1599.2805755395684,0.025,0.043622603144849996
1599.2805755395684,0.03,0.05234712377382
1599.2805755395684,0.035,0.06107164440279
1599.2805755395684,0.04,0.06979616503176
1599.2805755395684,0.045000000000000005,0.07852068566073
1599.2805755395684,0.05,0.08724520628969999
1599.2805755395684,0.06,0.10469424754764
1599.2805755395684,0.06999999999999999,0.12214328880558
1599.2805755395684,0.08,0.13959233006352
1599.2805755395684,0.09,0.15704137132146
1599.2805755395684,0.1,0.17449041257939998
1599.2805755395684,0.11,0.19193945383733998
1599.2805755395684,0.12,0.20938849509528
1599.2805755395684,0.13,0.22683753635322
1599.2805755395684,0.14,0.24428657761116
1599.2805755395684,0.15,0.2617356188691
1599.2805755395684,0.16,0.27918466012704
1599.2805755395684,0.16999999999999998,0.29663370138497996
1599.2805755395684,0.18,0.31408274264292
1599.2805755395684,0.19,0.33153178390086
1599.2805755395684,0.2,0.34898082515879997
1599.2805755395684,0.21,0.36642986641673997
1599.2805755395684,0.22,0.38387890767467997
1599.2805755395684,0.23,0.40132794893261997
1599.2805755395684,0.24,0.41877699019056
1599.2805755395684,0.25,0.4362260314485
1599.2805755395684,0.3,0.5234712377382
1599.2805755395684,0.35,0.6107164440279
1599.2805755395684,0.39999999999999997,0.6979616503175999
1599.2805755395684,0.44999999999999996,0.7852068566072998
1599.2805755395684,0.5,0.872452062897
1599.2805755395684,0.5499999999999999,0.9596972691866997
1599.2805755395684,0.6,1.0469424754764
1599.2805755395684,0.6499999999999999,1.1341876817660999
1599.2805755395684,0.7,1.2214328880558
1599.2805755395684,0.75,1.3086780943455
1599.2805755395684,0.7999999999999999,1.3959233006351999
1599.2805755395684,0.8499999999999999,1.4831685069248999
1599.2805755395684,0.8999999999999999,1.5704137132145997
1599.2805755395684,0.95,1.6576589195042999
1599.2805755395684,1.0,1.744904125794
1614.388489208633,0.01,0.01712702634749948
1614.388489208633,0.015,0.025690539521249223
1614.388489208633,0.02,0.03425405269499896
1614.388489208633,0.025,0.04281756586874871
1614.388489208633,0.03,0.051381079042498445
1614.388489208633,0.035,0.059944592216248184
1614.388489208633,0.04,0.06850810538999792
1614.388489208633,0.045000000000000005,0.07707161856374768
1614.388489208633,0.05,0.08563513173749741
1614.388489208633,0.06,0.10276215808499689
1614.388489208633,0.06999999999999999,0.11988918443249637
1614.388489208633,0.08,0.13701621077999585
1614.388489208633,0.09,0.15414323712749534
1614.388489208633,0.1,0.17127026347499483
1614.388489208633,0.11,0.1883972898224943
1614.388489208633,0.12,0.20552431616999378
1614.388489208633,0.13,0.22265134251749327
1614.388489208633,0.14,0.23977836886499274
1614.388489208633,0.15,0.2569053952124922
1614.388489208633,0.16,0.2740324215599917
1614.388489208633,0.16999999999999998,0.29115944790749115
1614.388489208633,0.18,0.3082864742549907
1614.388489208633,0.19,0.32541350060249014
1614.388489208633,0.2,0.34254052694998965
1614.388489208633,0.21,0.3596675532974891
1614.388489208633,0.22,0.3767945796449886
1614.388489208633,0.23,0.3939216059924881
1614.388489208633,0.24,0.41104863233998756
1614.388489208633,0.25,0.428175658687487
1614.388489208633,0.3,0.5138107904249845
1614.388489208633,0.35,0.5994459221624818
1614.388489208633,0.39999999999999997,0.6850810538999792
1614.388489208633,0.44999999999999996,0.7707161856374766
1614.388489208633,0.5,0.856351317374974
1614.388489208633,0.5499999999999999,0.9419864491124713
1614.388489208633,0.6,1.027621580849969
1614.388489208633,0.6499999999999999,1.1132567125874662
1614.388489208633,0.7,1.1988918443249637
1614.388489208633,0.75,1.2845269760624611
1614.388489208633,0.7999999999999999,1.3701621077999584
1614.388489208633,0.8499999999999999,1.4557972395374557
1614.388489208633,0.8999999999999999,1.5414323712749531
1614.388489208633,0.95,1.6270675030124508
1614.388489208633,1.0,1.712702634749948
1629.4964028776978,0.01,0.016813871170354253
1629.4964028776978,0.015,0.025220806755531382
1629.4964028776978,0.02,0.033627742340708505
1629.4964028776978,0.025,0.04203467792588563
1629.4964028776978,0.03,0.050441613511062765
1629.4964028776978,0.035,0.05884854909623989
1629.4964028776978,0.04,0.06725548468141701
1629.4964028776978,0.045000000000000005,0.07566242026659416
1629.4964028776978,0.05,0.08406935585177126
1629.4964028776978,0.06,0.10088322702212553
1629.4964028776978,0.06999999999999999,0.11769709819247978
1629.4964028776978,0.08,0.13451096936283402
1629.4964028776978,0.09,0.1513248405331883
1629.4964028776978,0.1,0.16813871170354253
1629.4964028776978,0.11,0.1849525828738968
1629.4964028776978,0.12,0.20176645404425106
1629.4964028776978,0.13,0.2185803252146053
1629.4964028776978,0.14,0.23539419638495956
1629.4964028776978,0.15,0.25220806755531383
1629.4964028776978,0.16,0.26902193872566804
1629.4964028776978,0.16999999999999998,0.28583580989602225
1629.4964028776978,0.18,0.3026496810663766
1629.4964028776978,0.19,0.31946355223673084
1629.4964028776978,0.2,0.33627742340708505
1629.4964028776978,0.21,0.3530912945774393
1629.4964028776978,0.22,0.3699051657477936
1629.4964028776978,0.23,0.38671903691814785
1629.4964028776978,0.24,0.4035329080885021
1629.4964028776978,0.25,0.42034677925885633
1629.4964028776978,0.3,0.5044161351106277
1629.4964028776978,0.35,0.5884854909623989
1629.4964028776978,0.39999999999999997,0.6725548468141701
1629.4964028776978,0.44999999999999996,0.7566242026659413
1629.4964028776978,0.5,0.8406935585177127
1629.4964028776978,0.5499999999999999,0.9247629143694838
1629.4964028776978,0.6,1.0088322702212553
1629.4964028776978,0.6499999999999999,1.0929016260730262
1629.4964028776978,0.7,1.1769709819247978
1629.4964028776978,0.75,1.261040337776569
1629.4964028776978,0.7999999999999999,1.3451096936283402
1629.4964028776978,0.8499999999999999,1.4291790494801113
1629.4964028776978,0.8999999999999999,1.5132484053318827
1629.4964028776978,0.95,1.5973177611836542
1629.4964028776978,1.0,1.6813871170354253
1644.6043165467627,0.01,0.016509253175020566
1644.6043165467627,0.015,0.024763879762530847
1644.6043165467627,0.02,0.03301850635004113
1644.6043165467627,0.025,0.04127313293755141
1644.6043165467627,0.03,0.04952775952506169
1644.6043165467627,0.035,0.05778238611257197
1644.6043165467627,0.04,0.06603701270008226
1644.6043165467627,0.045000000000000005,0.07429163928759255
1644.6043165467627,0.05,0.08254626587510282
1644.6043165467627,0.06,0.09905551905012339
1644.6043165467627,0.06999999999999999,0.11556477222514394
1644.6043165467627,0.08,0.13207402540016452
1644.6043165467627,0.09,0.14858327857518508
1644.6043165467627,0.1,0.16509253175020563
1644.6043165467627,0.11,0.1816017849252262
1644.6043165467627,0.12,0.19811103810024677
1644.6043165467627,0.13,0.21462029127526733
1644.6043165467627,0.14,0.23112954445028788
1644.6043165467627,0.15,0.24763879762530847
1644.6043165467627,0.16,0.26414805080032905
1644.6043165467627,0.16999999999999998,0.28065730397534955
1644.6043165467627,0.18,0.29716655715037016
1644.6043165467627,0.19,0.3136758103253907
1644.6043165467627,0.2,0.33018506350041127
1644.6043165467627,0.21,0.3466943166754318
1644.6043165467627,0.22,0.3632035698504524
1644.6043165467627,0.23,0.379712823025473
1644.6043165467627,0.24,0.39622207620049354
1644.6043165467627,0.25,0.4127313293755141
1644.6043165467627,0.3,0.49527759525061693
1644.6043165467627,0.35,0.5778238611257197
1644.6043165467627,0.39999999999999997,0.6603701270008224
1644.6043165467627,0.44999999999999996,0.7429163928759253
1644.6043165467627,0.5,0.8254626587510282
1644.6043165467627,0.5499999999999999,0.9080089246261308
1644.6043165467627,0.6,0.9905551905012339
1644.6043165467627,0.6499999999999999,1.0731014563763364
1644.6043165467627,0.7,1.1556477222514394
1644.6043165467627,0.75,1.2381939881265422
1644.6043165467627,0.7999999999999999,1.3207402540016449
1644.6043165467627,0.8499999999999999,1.4032865198767477
1644.6043165467627,0.8999999999999999,1.4858327857518505
1644.6043165467627,0.95,1.5683790516269536
1644.6043165467627,1.0,1.6509253175020564
1659.7122302158273,0.01,0.016212864369405403
1659.7122302158273,0.015,0.024319296554108104
1659.7122302158273,0.02,0.032425728738810805
1659.7122302158273,0.025,0.040532160923513506
1659.7122302158273,0.03,0.04863859310821621
1659.7122302158273,0.035,0.056745025292918916
1659.7122302158273,0.04,0.06485145747762161
1659.7122302158273,0.045000000000000005,0.07295788966232433
1659.7122302158273,0.05,0.08106432184702701
1659.7122302158273,0.06,0.09727718621643242
1659.7122302158273,0.06999999999999999,0.11349005058583783
1659.7122302158273,0.08,0.12970291495524322
1659.7122302158273,0.09,0.14591577932464864
1659.7122302158273,0.1,0.16212864369405403
1659.7122302158273,0.11,0.17834150806345944
1659.7122302158273,0.12,0.19455437243286483
1659.7122302158273,0.13,0.21076723680227025
1659.7122302158273,0.14,0.22698010117167566
1659.7122302158273,0.15,0.24319296554108105
1659.7122302158273,0.16,0.25940582991048644
1659.7122302158273,0.16999999999999998,0.27561869427989183
1659.7122302158273,0.18,0.2918315586492973
1659.7122302158273,0.19,0.30804442301870266
1659.7122302158273,0.2,0.32425728738810805
1659.7122302158273,0.21,0.3404701517575135
1659.7122302158273,0.22,0.3566830161269189
1659.7122302158273,0.23,0.3728958804963243
1659.7122302158273,0.24,0.38910874486572966
1659.7122302158273,0.25,0.4053216092351351
1659.7122302158273,0.3,0.4863859310821621
1659.7122302158273,0.35,0.5674502529291892
1659.7122302158273,0.39999999999999997,0.648514574776216
1659.7122302158273,0.44999999999999996,0.729578896623243
1659.7122302158273,0.5,0.8106432184702702
1659.7122302158273,0.5499999999999999,0.891707540317297
1659.7122302158273,0.6,0.9727718621643242
1659.7122302158273,0.6499999999999999,1.053836184011351
1659.7122302158273,0.7,1.1349005058583783
1659.7122302158273,0.75,1.2159648277054054
1659.7122302158273,0.7999999999999999,1.297029149552432
1659.7122302158273,0.8499999999999999,1.378093471399459
1659.7122302158273,0.8999999999999999,1.459157793246486
1659.7122302158273,0.95,1.5402221150935134
1659.7122302158273,1.0,1.6212864369405404
1674.820143884892,0.01,0.015924410538778147
1674.820143884892,0.015,0.023886615808167217
1674.820143884892,0.02,0.031848821077556294
1674.820143884892,0.025,0.03981102634694536
1674.820143884892,0.03,0.047773231616334434
1674.820143884892,0.035,0.05573543688572351
1674.820143884892,0.04,0.06369764215511259
1674.820143884892,0.045000000000000005,0.07165984742450167
1674.820143884892,0.05,0.07962205269389072
1674.820143884892,0.06,0.09554646323266887
1674.820143884892,0.06999999999999999,0.11147087377144702
1674.820143884892,0.08,0.12739528431022518
1674.820143884892,0.09,0.1433196948490033
1674.820143884892,0.1,0.15924410538778144
1674.820143884892,0.11,0.1751685159265596
1674.820143884892,0.12,0.19109292646533774
1674.820143884892,0.13,0.2070173370041159
1674.820143884892,0.14,0.22294174754289403
1674.820143884892,0.15,0.2388661580816722
1674.820143884892,0.16,0.25479056862045035
1674.820143884892,0.16999999999999998,0.27071497915922843
1674.820143884892,0.18,0.2866393896980066
1674.820143884892,0.19,0.30256380023678475
1674.820143884892,0.2,0.3184882107755629
1674.820143884892,0.21,0.3344126213143411
1674.820143884892,0.22,0.3503370318531192
1674.820143884892,0.23,0.36626144239189734
1674.820143884892,0.24,0.3821858529306755
1674.820143884892,0.25,0.39811026346945366
1674.820143884892,0.3,0.4777323161633444
1674.820143884892,0.35,0.5573543688572351
1674.820143884892,0.39999999999999997,0.6369764215511258
1674.820143884892,0.44999999999999996,0.7165984742450164
1674.820143884892,0.5,0.7962205269389073
1674.820143884892,0.5499999999999999,0.8758425796327978
1674.820143884892,0.6,0.9554646323266888
1674.820143884892,0.6499999999999999,1.0350866850205793
1674.820143884892,0.7,1.1147087377144702
1674.820143884892,0.75,1.1943307904083609
1674.820143884892,0.7999999999999999,1.2739528431022515
1674.820143884892,0.8499999999999999,1.3535748957961422
1674.820143884892,0.8999999999999999,1.4331969484900329
1674.820143884892,0.95,1.5128190011839238
1674.820143884892,1.0,1.5924410538778146
1689.928057553957,0.01,0.015643610512333598
1689.928057553957,0.015,0.0234654157685004
1689.928057553957,0.02,0.031287221024667196
1689.928057553957,0.025,0.039109026280834
1689.928057553957,0.03,0.0469308315370008
1689.928057553957,0.035,0.054752636793167594
1689.928057553957,0.04,0.06257444204933439
1689.928057553957,0.045000000000000005,0.0703962473055012
1689.928057553957,0.05,0.078218052561668
1689.928057553957,0.06,0.0938616630740016
1689.928057553957,0.06999999999999999,0.10950527358633519
1689.928057553957,0.08,0.12514888409866878
1689.928057553957,0.09,0.14079249461100238
1689.928057553957,0.1,0.156436105123336
1689.928057553957,0.11,0.1720797156356696
1689.928057553957,0.12,0.1877233261480032
1689.928057553957,0.13,0.20336693666033678
1689.928057553957,0.14,0.21901054717267038
1689.928057553957,0.15,0.23465415768500397
1689.928057553957,0.16,0.25029776819733757
1689.928057553957,0.16999999999999998,0.26594137870967116
1689.928057553957,0.18,0.28158498922200476
1689.928057553957,0.19,0.2972285997343384
1689.928057553957,0.2,0.312872210246672
1689.928057553957,0.21,0.3285158207590056
1689.928057553957,0.22,0.3441594312713392
1689.928057553957,0.23,0.3598030417836728
1689.928057553957,0.24,0.3754466522960064
1689.928057553957,0.25,0.39109026280834
1689.928057553957,0.3,0.46930831537000794
1689.928057553957,0.35,0.547526367931676
1689.928057553957,0.39999999999999997,0.6257444204933439
1689.928057553957,0.44999999999999996,0.7039624730550118
1689.928057553957,0.5,0.78218052561668
1689.928057553957,0.5499999999999999,0.8603985781783478
1689.928057553957,0.6,0.9386166307400159
1689.928057553957,0.6499999999999999,1.0168346833016837
1689.928057553957,0.7,1.095052735863352
1689.928057553957,0.75,1.17327078842502
1689.928057553957,0.7999999999999999,1.2514888409866878
1689.928057553957,0.8499999999999999,1.3297068935483558
1689.928057553957,0.8999999999999999,1.4079249461100236
1689.928057553957,0.95,1.4861429986716919
1689.928057553957,1.0,1.56436105123336
1705.0359712230215,0.01,0.015370195474925104
1705.0359712230215,0.015,0.023055293212387657
1705.0359712230215,0.02,0.03074039094985021
1705.0359712230215,0.025,0.038425488687312756
1705.0359712230215,0.03,0.046110586424775314
1705.0359712230215,0.035,0.053795684162237865
1705.0359712230215,0.04,0.06148078189970042
1705.0359712230215,0.045000000000000005,0.06916587963716297
1705.0359712230215,0.05,0.07685097737462551
1705.0359712230215,0.06,0.09222117284955063
1705.0359712230215,0.06999999999999999,0.10759136832447573
1705.0359712230215,0.08,0.12296156379940083
1705.0359712230215,0.09,0.13833175927432592
1705.0359712230215,0.1,0.15370195474925102
1705.0359712230215,0.11,0.16907215022417613
1705.0359712230215,0.12,0.18444234569910126
1705.0359712230215,0.13,0.19981254117402636
1705.0359712230215,0.14,0.21518273664895146
1705.0359712230215,0.15,0.23055293212387656
1705.0359712230215,0.16,0.24592312759880167
1705.0359712230215,0.16999999999999998,0.2612933230737267
1705.0359712230215,0.18,0.27666351854865184
1705.0359712230215,0.19,0.292033714023577
1705.0359712230215,0.2,0.30740390949850205
1705.0359712230215,0.21,0.3227741049734272
1705.0359712230215,0.22,0.33814430044835225
1705.0359712230215,0.23,0.3535144959232774
1705.0359712230215,0.24,0.3688846913982025
1705.0359712230215,0.25,0.3842548868731276
1705.0359712230215,0.3,0.4611058642477531
1705.0359712230215,0.35,0.5379568416223787
1705.0359712230215,0.39999999999999997,0.6148078189970041
1705.0359712230215,0.44999999999999996,0.6916587963716295
1705.0359712230215,0.5,0.7685097737462552
1705.0359712230215,0.5499999999999999,0.8453607511208805
1705.0359712230215,0.6,0.9222117284955063
1705.0359712230215,0.6499999999999999,0.9990627058701316
1705.0359712230215,0.7,1.0759136832447573
1705.0359712230215,0.75,1.1527646606193829
1705.0359712230215,0.7999999999999999,1.2296156379940082
1705.0359712230215,0.8499999999999999,1.3064666153686337
1705.0359712230215,0.8999999999999999,1.383317592743259
1705.0359712230215,0.95,1.4601685701178848
1705.0359712230215,1.0,1.5370195474925104
1720.1438848920864,0.01,0.01510390832081523
1720.1438848920864,0.015,0.022655862481222845
1720.1438848920864,0.02,0.03020781664163046
1720.1438848920864,0.025,0.03775977080203807
1720.1438848920864,0.03,0.04531172496244569
1720.1438848920864,0.035,0.05286367912285331
1720.1438848920864,0.04,0.06041563328326092
1720.1438848920864,0.045000000000000005,0.06796758744366854
1720.1438848920864,0.05,0.07551954160407615
1720.1438848920864,0.06,0.09062344992489138
1720.1438848920864,0.06999999999999999,0.10572735824570662
1720.1438848920864,0.08,0.12083126656652184
1720.1438848920864,0.09,0.13593517488733706
1720.1438848920864,0.1,0.1510390832081523
1720.1438848920864,0.11,0.16614299152896753
1720.1438848920864,0.12,0.18124689984978276
1720.1438848920864,0.13,0.196350808170598
1720.1438848920864,0.14,0.21145471649141323
1720.1438848920864,0.15,0.22655862481222844
1720.1438848920864,0.16,0.24166253313304367
1720.1438848920864,0.16999999999999998,0.25676644145385885
1720.1438848920864,0.18,0.2718703497746741
1720.1438848920864,0.19,0.2869742580954894
1720.1438848920864,0.2,0.3020781664163046
1720.1438848920864,0.21,0.31718207473711985
1720.1438848920864,0.22,0.33228598305793505
1720.1438848920864,0.23,0.3473898913787503
1720.1438848920864,0.24,0.3624937996995655
1720.1438848920864,0.25,0.37759770802038073
1720.1438848920864,0.3,0.4531172496244569
1720.1438848920864,0.35,0.528636791228533
1720.1438848920864,0.39999999999999997,0.6041563328326092
1720.1438848920864,0.44999999999999996,0.6796758744366853
1720.1438848920864,0.5,0.7551954160407615
1720.1438848920864,0.5499999999999999,0.8307149576448375
1720.1438848920864,0.6,0.9062344992489137
1720.1438848920864,0.6499999999999999,0.9817540408529898
1720.1438848920864,0.7,1.057273582457066
1720.1438848920864,0.75,1.1327931240611422
1720.1438848920864,0.7999999999999999,1.2083126656652183
1720.1438848920864,0.8499999999999999,1.2838322072692945
1720.1438848920864,0.8999999999999999,1.3593517488733706
1720.1438848920864,0.95,1.4348712904774468
1720.1438848920864,1.0,1.510390832081523
1735.2517985611512,0.01,0.014844503046536978
1735.2517985611512,0.015,0.022266754569805466
1735.2517985611512,0.02,0.029689006093073955
1735.2517985611512,0.025,0.037111257616342444
1735.2517985611512,0.03,0.04453350913961093
1735.2517985611512,0.035,0.05195576066287942
1735.2517985611512,0.04,0.05937801218614791
1735.2517985611512,0.045000000000000005,0.06680026370941641
1735.2517985611512,0.05,0.07422251523268489
1735.2517985611512,0.06,0.08906701827922187
1735.2517985611512,0.06999999999999999,0.10391152132575884
1735.2517985611512,0.08,0.11875602437229582
1735.2517985611512,0.09,0.1336005274188328
1735.2517985611512,0.1,0.14844503046536978
1735.2517985611512,0.11,0.16328953351190675
1735.2517985611512,0.12,0.17813403655844373
1735.2517985611512,0.13,0.1929785396049807
1735.2517985611512,0.14,0.2078230426515177
1735.2517985611512,0.15,0.22266754569805466
1735.2517985611512,0.16,0.23751204874459164
1735.2517985611512,0.16999999999999998,0.2523565517911286
1735.2517985611512,0.18,0.2672010548376656
1735.2517985611512,0.19,0.28204555788420255
1735.2517985611512,0.2,0.29689006093073955
1735.2517985611512,0.21,0.3117345639772765
1735.2517985611512,0.22,0.3265790670238135
1735.2517985611512,0.23,0.34142357007035046
1735.2517985611512,0.24,0.35626807311688746
1735.2517985611512,0.25,0.3711125761634244
1735.2517985611512,0.3,0.44533509139610933
1735.2517985611512,0.35,0.5195576066287942
1735.2517985611512,0.39999999999999997,0.593780121861479
1735.2517985611512,0.44999999999999996,0.6680026370941639
1735.2517985611512,0.5,0.7422251523268488
1735.2517985611512,0.5499999999999999,0.8164476675595336
1735.2517985611512,0.6,0.8906701827922187
1735.2517985611512,0.6499999999999999,0.9648926980249033
1735.2517985611512,0.7,1.0391152132575885
1735.2517985611512,0.75,1.1133377284902732
1735.2517985611512,0.7999999999999999,1.187560243722958
1735.2517985611512,0.8499999999999999,1.261782758955643
1735.2517985611512,0.8999999999999999,1.3360052741883277
1735.2517985611512,0.95,1.410227789421013
1735.2517985611512,1.0,1.4844503046536976
1750.3597122302158,0.01,0.014591744180182692
1750.3597122302158,0.015,0.021887616270274038
1750.3597122302158,0.02,0.029183488360365384
1750.3597122302158,0.025,0.03647936045045673
1750.3597122302158,0.03,0.043775232540548076
1750.3597122302158,0.035,0.05107110463063942
1750.3597122302158,0.04,0.05836697672073077
1750.3597122302158,0.045000000000000005,0.06566284881082213
1750.3597122302158,0.05,0.07295872090091346
1750.3597122302158,0.06,0.08755046508109615
1750.3597122302158,0.06999999999999999,0.10214220926127884
1750.3597122302158,0.08,0.11673395344146154
1750.3597122302158,0.09,0.13132569762164423
1750.3597122302158,0.1,0.14591744180182692
1750.3597122302158,0.11,0.1605091859820096
1750.3597122302158,0.12,0.1751009301621923
1750.3597122302158,0.13,0.189692674342375
1750.3597122302158,0.14,0.2042844185225577
1750.3597122302158,0.15,0.21887616270274038
1750.3597122302158,0.16,0.23346790688292307
1750.3597122302158,0.16999999999999998,0.2480596510631057
1750.3597122302158,0.18,0.26265139524328845
1750.3597122302158,0.19,0.2772431394234711
1750.3597122302158,0.2,0.29183488360365384
1750.3597122302158,0.21,0.3064266277838365
1750.3597122302158,0.22,0.3210183719640192
1750.3597122302158,0.23,0.3356101161442019
1750.3597122302158,0.24,0.3502018603243846
1750.3597122302158,0.25,0.36479360450456727
1750.3597122302158,0.3,0.43775232540548076
1750.3597122302158,0.35,0.5107110463063942
1750.3597122302158,0.39999999999999997,0.5836697672073076
1750.3597122302158,0.44999999999999996,0.656628488108221
1750.3597122302158,0.5,0.7295872090091345
1750.3597122302158,0.5499999999999999,0.8025459299100479
1750.3597122302158,0.6,0.8755046508109615
1750.3597122302158,0.6499999999999999,0.9484633717118748
1750.3597122302158,0.7,1.0214220926127884
1750.3597122302158,0.75,1.0943808135137019
1750.3597122302158,0.7999999999999999,1.1673395344146151
1750.3597122302158,0.8499999999999999,1.2402982553155286
1750.3597122302158,0.8999999999999999,1.313256976216442
1750.3597122302158,0.95,1.3862156971173556
1750.3597122302158,1.0,1.459174418018269
1765.4676258992806,0.01,0.014345406244643357
1765.4676258992806,0.015,0.021518109366965035
1765.4676258992806,0.02,0.028690812489286715
1765.4676258992806,0.025,0.035863515611608394
1765.4676258992806,0.03,0.04303621873393007
1765.4676258992806,0.035,0.05020892185625175
1765.4676258992806,0.04,0.05738162497857343
1765.4676258992806,0.045000000000000005,0.06455432810089512
1765.4676258992806,0.05,0.07172703122321679
1765.4676258992806,0.06,0.08607243746786014
1765.4676258992806,0.06999999999999999,0.1004178437125035
1765.4676258992806,0.08,0.11476324995714686
1765.4676258992806,0.09,0.1291086562017902
1765.4676258992806,0.1,0.14345406244643358
1765.4676258992806,0.11,0.15779946869107692
1765.4676258992806,0.12,0.17214487493572028
1765.4676258992806,0.13,0.18649028118036365
1765.4676258992806,0.14,0.200835687425007
1765.4676258992806,0.15,0.21518109366965035
1765.4676258992806,0.16,0.22952649991429372
1765.4676258992806,0.16999999999999998,0.24387190615893703
1765.4676258992806,0.18,0.2582173124035804
1765.4676258992806,0.19,0.2725627186482238
1765.4676258992806,0.2,0.28690812489286716
1765.4676258992806,0.21,0.30125353113751047
1765.4676258992806,0.22,0.31559893738215383
1765.4676258992806,0.23,0.3299443436267972
1765.4676258992806,0.24,0.34428974987144056
1765.4676258992806,0.25,0.35863515611608393
1765.4676258992806,0.3,0.4303621873393007
1765.4676258992806,0.35,0.5020892185625175
1765.4676258992806,0.39999999999999997,0.5738162497857342
1765.4676258992806,0.44999999999999996,0.645543281008951
1765.4676258992806,0.5,0.7172703122321679
1765.4676258992806,0.5499999999999999,0.7889973434553844
1765.4676258992806,0.6,0.8607243746786014
1765.4676258992806,0.6499999999999999,0.9324514059018181
1765.4676258992806,0.7,1.004178437125035
1765.4676258992806,0.75,1.0759054683482518
1765.4676258992806,0.7999999999999999,1.1476324995714684
1765.4676258992806,0.8499999999999999,1.2193595307946852
1765.4676258992806,0.8999999999999999,1.291086562017902
1765.4676258992806,0.95,1.362813593241119
1765.4676258992806,1.0,1.4345406244643357
1780.5755395683454,0.01,0.014105273252508863
1780.5755395683454,0.015,0.021157909878763294
1780.5755395683454,0.02,0.028210546505017725
1780.5755395683454,0.025,0.035263183131272156
1780.5755395683454,0.03,0.04231581975752659
1780.5755395683454,0.035,0.04936845638378102
1780.5755395683454,0.04,0.05642109301003545
1780.5755395683454,0.045000000000000005,0.06347372963628989
1780.5755395683454,0.05,0.07052636626254431
1780.5755395683454,0.06,0.08463163951505318
1780.5755395683454,0.06999999999999999,0.09873691276756204
1780.5755395683454,0.08,0.1128421860200709
1780.5755395683454,0.09,0.12694745927257978
1780.5755395683454,0.1,0.14105273252508863
1780.5755395683454,0.11,0.1551580057775975
1780.5755395683454,0.12,0.16926327903010635
1780.5755395683454,0.13,0.18336855228261523
1780.5755395683454,0.14,0.19747382553512408
1780.5755395683454,0.15,0.21157909878763295
1780.5755395683454,0.16,0.2256843720401418
1780.5755395683454,0.16999999999999998,0.23978964529265062
1780.5755395683454,0.18,0.25389491854515955
1780.5755395683454,0.19,0.2680001917976684
1780.5755395683454,0.2,0.28210546505017725
1780.5755395683454,0.21,0.2962107383026861
1780.5755395683454,0.22,0.310316011555195
1780.5755395683454,0.23,0.3244212848077038
1780.5755395683454,0.24,0.3385265580602127
1780.5755395683454,0.25,0.3526318313127216
1780.5755395683454,0.3,0.4231581975752659
1780.5755395683454,0.35,0.4936845638378102
1780.5755395683454,0.39999999999999997,0.5642109301003544
1780.5755395683454,0.44999999999999996,0.6347372963628988
1780.5755395683454,0.5,0.7052636626254432
1780.5755395683454,0.5499999999999999,0.7757900288879873
1780.5755395683454,0.6,0.8463163951505318
1780.5755395683454,0.6499999999999999,0.9168427614130759
1780.5755395683454,0.7,0.9873691276756204
1780.5755395683454,0.75,1.0578954939381646
1780.5755395683454,0.7999999999999999,1.1284218602007088
1780.5755395683454,0.8499999999999999,1.1989482264632532
1780.5755395683454,0.8999999999999999,1.2694745927257975
1780.5755395683454,0.95,1.340000958988342
1780.5755395683454,1.0,1.4105273252508863
1795.68345323741,0.01,0.013871138230512038
1795.68345323741,0.015,0.020806707345768057
1795.68345323741,0.02,0.027742276461024076
1795.68345323741,0.025,0.0346778455762801
1795.68345323741,0.03,0.041613414691536114
1795.68345323741,0.035,0.04854898380679214
1795.68345323741,0.04,0.05548455292204815
1795.68345323741,0.045000000000000005,0.06242012203730418
1795.68345323741,0.05,0.0693556911525602
1795.68345323741,0.06,0.08322682938307223
1795.68345323741,0.06999999999999999,0.09709796761358427
1795.68345323741,0.08,0.1109691058440963
1795.68345323741,0.09,0.12484024407460835
1795.68345323741,0.1,0.1387113823051204
1795.68345323741,0.11,0.15258252053563243
1795.68345323741,0.12,0.16645365876614446
1795.68345323741,0.13,0.1803247969966565
1795.68345323741,0.14,0.19419593522716855
1795.68345323741,0.15,0.20806707345768058
1795.68345323741,0.16,0.2219382116881926
1795.68345323741,0.16999999999999998,0.2358093499187046
1795.68345323741,0.18,0.2496804881492167
1795.68345323741,0.19,0.26355162637972873
1795.68345323741,0.2,0.2774227646102408
1795.68345323741,0.21,0.2912939028407528
1795.68345323741,0.22,0.30516504107126485
1795.68345323741,0.23,0.3190361793017769
1795.68345323741,0.24,0.3329073175322889
1795.68345323741,0.25,0.346778455762801
1795.68345323741,0.3,0.41613414691536116
1795.68345323741,0.35,0.48548983806792134
1795.68345323741,0.39999999999999997,0.5548455292204815
1795.68345323741,0.44999999999999996,0.6242012203730417
1795.68345323741,0.5,0.693556911525602
1795.68345323741,0.5499999999999999,0.762912602678162
1795.68345323741,0.6,0.8322682938307223
1795.68345323741,0.6499999999999999,0.9016239849832823
1795.68345323741,0.7,0.9709796761358427
1795.68345323741,0.75,1.0403353672884028
1795.68345323741,0.7999999999999999,1.109691058440963
1795.68345323741,0.8499999999999999,1.179046749593523
1795.68345323741,0.8999999999999999,1.2484024407460834
1795.68345323741,0.95,1.3177581318986438
1795.68345323741,1.0,1.387113823051204
1810.7913669064749,0.01,0.013642802771557367
1810.7913669064749,0.015,0.02046420415733605
1810.7913669064749,0.02,0.027285605543114735
1810.7913669064749,0.025,0.034107006928893416
1810.7913669064749,0.03,0.0409284083146721
1810.7913669064749,0.035,0.047749809700450785
1810.7913669064749,0.04,0.05457121108622947
1810.7913669064749,0.045000000000000005,0.06139261247200816
1810.7913669064749,0.05,0.06821401385778683
1810.7913669064749,0.06,0.0818568166293442
1810.7913669064749,0.06999999999999999,0.09549961940090157
1810.7913669064749,0.08,0.10914242217245894
1810.7913669064749,0.09,0.12278522494401631
1810.7913669064749,0.1,0.13642802771557366
1810.7913669064749,0.11,0.15007083048713105
1810.7913669064749,0.12,0.1637136332586884
1810.7913669064749,0.13,0.17735643603024578
1810.7913669064749,0.14,0.19099923880180314
1810.7913669064749,0.15,0.2046420415733605
1810.7913669064749,0.16,0.21828484434491788
1810.7913669064749,0.16999999999999998,0.2319276471164752
1810.7913669064749,0.18,0.24557044988803262
1810.7913669064749,0.19,0.25921325265959
1810.7913669064749,0.2,0.2728560554311473
1810.7913669064749,0.21,0.2864988582027047
1810.7913669064749,0.22,0.3001416609742621
1810.7913669064749,0.23,0.3137844637458194
1810.7913669064749,0.24,0.3274272665173768
1810.7913669064749,0.25,0.3410700692889342
1810.7913669064749,0.3,0.409284083146721
1810.7913669064749,0.35,0.47749809700450785
1810.7913669064749,0.39999999999999997,0.5457121108622947
1810.7913669064749,0.44999999999999996,0.6139261247200815
1810.7913669064749,0.5,0.6821401385778684
1810.7913669064749,0.5499999999999999,0.7503541524356551
1810.7913669064749,0.6,0.818568166293442
1810.7913669064749,0.6499999999999999,0.8867821801512287
1810.7913669064749,0.7,0.9549961940090157
1810.7913669064749,0.75,1.0232102078668026
1810.7913669064749,0.7999999999999999,1.0914242217245893
1810.7913669064749,0.8499999999999999,1.159638235582376
1810.7913669064749,0.8999999999999999,1.227852249440163
1810.7913669064749,0.95,1.2960662632979498
1810.7913669064749,1.0,1.3642802771557367
1825.8992805755395,0.01,0.013420076612520197
1825.8992805755395,0.015,0.020130114918780296
1825.8992805755395,0.02,0.026840153225040395
1825.8992805755395,0.025,0.03355019153130049
1825.8992805755395,0.03,0.04026022983756059
1825.8992805755395,0.035,0.04697026814382069
1825.8992805755395,0.04,0.05368030645008079
1825.8992805755395,0.045000000000000005,0.0603903447563409
1825.8992805755395,0.05,0.06710038306260098
1825.8992805755395,0.06,0.08052045967512118
1825.8992805755395,0.06999999999999999,0.09394053628764137
1825.8992805755395,0.08,0.10736061290016158
1825.8992805755395,0.09,0.12078068951268177
1825.8992805755395,0.1,0.13420076612520196
1825.8992805755395,0.11,0.14762084273772216
1825.8992805755395,0.12,0.16104091935024237
1825.8992805755395,0.13,0.17446099596276254
1825.8992805755395,0.14,0.18788107257528275
1825.8992805755395,0.15,0.20130114918780295
1825.8992805755395,0.16,0.21472122580032316
1825.8992805755395,0.16999999999999998,0.2281413024128433
1825.8992805755395,0.18,0.24156137902536354
1825.8992805755395,0.19,0.2549814556378837
1825.8992805755395,0.2,0.2684015322504039
1825.8992805755395,0.21,0.2818216088629241
1825.8992805755395,0.22,0.2952416854754443
1825.8992805755395,0.23,0.30866176208796453
1825.8992805755395,0.24,0.32208183870048473
1825.8992805755395,0.25,0.33550191531300494
1825.8992805755395,0.3,0.4026022983756059
1825.8992805755395,0.35,0.46970268143820687
1825.8992805755395,0.39999999999999997,0.5368030645008078
1825.8992805755395,0.44999999999999996,0.6039034475634087
1825.8992805755395,0.5,0.6710038306260099
1825.8992805755395,0.5499999999999999,0.7381042136886107
1825.8992805755395,0.6,0.8052045967512118
1825.8992805755395,0.6499999999999999,0.8723049798138126
1825.8992805755395,0.7,0.9394053628764137
1825.8992805755395,0.75,1.0065057459390148
1825.8992805755395,0.7999999999999999,1.0736061290016157
1825.8992805755395,0.8499999999999999,1.1407065120642166
1825.8992805755395,0.8999999999999999,1.2078068951268175
1825.8992805755395,0.95,1.2749072781894186
1825.8992805755395,1.0,1.3420076612520198
1841.0071942446043,0.01,0.013202777236135405
1841.0071942446043,0.015,0.01980416585420311
1841.0071942446043,0.02,0.02640555447227081
1841.0071942446043,0.025,0.03300694309033851
1841.0071942446043,0.03,0.03960833170840622
1841.0071942446043,0.035,0.04620972032647392
1841.0071942446043,0.04,0.05281110894454162
1841.0071942446043,0.045000000000000005,0.059412497562609336
1841.0071942446043,0.05,0.06601388618067702
1841.0071942446043,0.06,0.07921666341681244
1841.0071942446043,0.06999999999999999,0.09241944065294784
1841.0071942446043,0.08,0.10562221788908324
1841.0071942446043,0.09,0.11882499512521864
1841.0071942446043,0.1,0.13202777236135405
1841.0071942446043,0.11,0.14523054959748946
1841.0071942446043,0.12,0.15843332683362488
1841.0071942446043,0.13,0.17163610406976026
1841.0071942446043,0.14,0.18483888130589568
1841.0071942446043,0.15,0.19804165854203107
1841.0071942446043,0.16,0.21124443577816648
1841.0071942446043,0.16999999999999998,0.22444721301430184
1841.0071942446043,0.18,0.2376499902504373
1841.0071942446043,0.19,0.2508527674865727
1841.0071942446043,0.2,0.2640555447227081
1841.0071942446043,0.21,0.27725832195884353
1841.0071942446043,0.22,0.2904610991949789
1841.0071942446043,0.23,0.3036638764311143
1841.0071942446043,0.24,0.31686665366724975
1841.0071942446043,0.25,0.33006943090338514
1841.0071942446043,0.3,0.39608331708406214
1841.0071942446043,0.35,0.4620972032647392
1841.0071942446043,0.39999999999999997,0.5281110894454162
1841.0071942446043,0.44999999999999996,0.5941249756260931
1841.0071942446043,0.5,0.6601388618067703
1841.0071942446043,0.5499999999999999,0.7261527479874471
1841.0071942446043,0.6,0.7921666341681243
1841.0071942446043,0.6499999999999999,0.8581805203488012
1841.0071942446043,0.7,0.9241944065294784
1841.0071942446043,0.75,0.9902082927101554
1841.0071942446043,0.7999999999999999,1.0562221788908324
1841.0071942446043,0.8499999999999999,1.1222360650715093
1841.0071942446043,0.8999999999999999,1.1882499512521862
1841.0071942446043,0.95,1.2542638374328634
1841.0071942446043,1.0,1.3202777236135406
1856.1151079136691,0.01,0.012990729495417007
1856.1151079136691,0.015,0.01948609424312551
1856.1151079136691,0.02,0.025981458990834014
1856.1151079136691,0.025,0.03247682373854252
1856.1151079136691,0.03,0.03897218848625102
1856.1151079136691,0.035,0.045467553233959526
1856.1151079136691,0.04,0.05196291798166803
1856.1151079136691,0.045000000000000005,0.058458282729376546
1856.1151079136691,0.05,0.06495364747708504
1856.1151079136691,0.06,0.07794437697250205
1856.1151079136691,0.06999999999999999,0.09093510646791905
1856.1151079136691,0.08,0.10392583596333606
1856.1151079136691,0.09,0.11691656545875306
1856.1151079136691,0.1,0.12990729495417008
1856.1151079136691,0.11,0.14289802444958707
1856.1151079136691,0.12,0.1558887539450041
1856.1151079136691,0.13,0.16887948344042109
1856.1151079136691,0.14,0.1818702129358381
1856.1151079136691,0.15,0.1948609424312551
1856.1151079136691,0.16,0.20785167192667212
1856.1151079136691,0.16999999999999998,0.22084240142208908
1856.1151079136691,0.18,0.23383313091750613
1856.1151079136691,0.19,0.24682386041292315
1856.1151079136691,0.2,0.25981458990834017
1856.1151079136691,0.21,0.27280531940375713
1856.1151079136691,0.22,0.28579604889917415
1856.1151079136691,0.23,0.29878677839459117
1856.1151079136691,0.24,0.3117775078900082
1856.1151079136691,0.25,0.3247682373854252
1856.1151079136691,0.3,0.3897218848625102
1856.1151079136691,0.35,0.45467553233959523
1856.1151079136691,0.39999999999999997,0.5196291798166802
1856.1151079136691,0.44999999999999996,0.5845828272937652
1856.1151079136691,0.5,0.6495364747708504
1856.1151079136691,0.5499999999999999,0.7144901222479353
1856.1151079136691,0.6,0.7794437697250204
1856.1151079136691,0.6499999999999999,0.8443974172021054
1856.1151079136691,0.7,0.9093510646791905
1856.1151079136691,0.75,0.9743047121562756
1856.1151079136691,0.7999999999999999,1.0392583596333604
1856.1151079136691,0.8499999999999999,1.1042120071104455
1856.1151079136691,0.8999999999999999,1.1691656545875304
1856.1151079136691,0.95,1.2341193020646157
1856.1151079136691,1.0,1.2990729495417008
1871.2230215827337,0.01,0.012783765259162548
1871.2230215827337,0.015,0.019175647888743822
1871.2230215827337,0.02,0.025567530518325096
1871.2230215827337,0.025,0.03195941314790637
1871.2230215827337,0.03,0.038351295777487644
1871.2230215827337,0.035,0.044743178407068915
1871.2230215827337,0.04,0.05113506103665019
1871.2230215827337,0.045000000000000005,0.05752694366623147
1871.2230215827337,0.05,0.06391882629581273
1871.2230215827337,0.06,0.07670259155497529
1871.2230215827337,0.06999999999999999,0.08948635681413783
1871.2230215827337,0.08,0.10227012207330038
1871.2230215827337,0.09,0.11505388733246293
1871.2230215827337,0.1,0.12783765259162547
1871.2230215827337,0.11,0.14062141785078802
1871.2230215827337,0.12,0.15340518310995058
1871.2230215827337,0.13,0.1661889483691131
1871.2230215827337,0.14,0.17897271362827566
1871.2230215827337,0.15,0.19175647888743821
1871.2230215827337,0.16,0.20454024414660077
1871.2230215827337,0.16999999999999998,0.21732400940576327
1871.2230215827337,0.18,0.23010777466492585
1871.2230215827337,0.19,0.2428915399240884
1871.2230215827337,0.2,0.25567530518325093
1871.2230215827337,0.21,0.2684590704424135
1871.2230215827337,0.22,0.28124283570157604
1871.2230215827337,0.23,0.29402660096073857
1871.2230215827337,0.24,0.30681036621990115
1871.2230215827337,0.25,0.3195941314790637
1871.2230215827337,0.3,0.38351295777487643
1871.2230215827337,0.35,0.4474317840706892
1871.2230215827337,0.39999999999999997,0.5113506103665019
1871.2230215827337,0.44999999999999996,0.5752694366623146
1871.2230215827337,0.5,0.6391882629581274
1871.2230215827337,0.5499999999999999,0.7031070892539399
1871.2230215827337,0.6,0.7670259155497529
1871.2230215827337,0.6499999999999999,0.8309447418455654
1871.2230215827337,0.7,0.8948635681413784
1871.2230215827337,0.75,0.958782394437191
1871.2230215827337,0.7999999999999999,1.0227012207330037
1871.2230215827337,0.8499999999999999,1.0866200470288163
1871.2230215827337,0.8999999999999999,1.1505388733246291
1871.2230215827337,0.95,1.214457699620442
1871.2230215827337,1.0,1.2783765259162547
1886.3309352517986,0.01,0.012581723077199883
1886.3309352517986,0.015,0.018872584615799826
1886.3309352517986,0.02,0.025163446154399766
1886.3309352517986,0.025,0.03145430769299971
1886.3309352517986,0.03,0.03774516923159965
1886.3309352517986,0.035,0.04403603077019959
1886.3309352517986,0.04,0.05032689230879953
1886.3309352517986,0.045000000000000005,0.056617753847399484
1886.3309352517986,0.05,0.06290861538599941
1886.3309352517986,0.06,0.0754903384631993
1886.3309352517986,0.06999999999999999,0.08807206154039918
1886.3309352517986,0.08,0.10065378461759907
1886.3309352517986,0.09,0.11323550769479894
1886.3309352517986,0.1,0.12581723077199883
1886.3309352517986,0.11,0.1383989538491987
1886.3309352517986,0.12,0.1509806769263986
1886.3309352517986,0.13,0.16356240000359848
1886.3309352517986,0.14,0.17614412308079835
1886.3309352517986,0.15,0.18872584615799823
1886.3309352517986,0.16,0.20130756923519813
1886.3309352517986,0.16999999999999998,0.21388929231239798
1886.3309352517986,0.18,0.22647101538959788
1886.3309352517986,0.19,0.23905273846679778
1886.3309352517986,0.2,0.25163446154399766
1886.3309352517986,0.21,0.26421618462119756
1886.3309352517986,0.22,0.2767979076983974
1886.3309352517986,0.23,0.2893796307755973
1886.3309352517986,0.24,0.3019613538527972
1886.3309352517986,0.25,0.31454307692999706
1886.3309352517986,0.3,0.37745169231599646
1886.3309352517986,0.35,0.4403603077019959
1886.3309352517986,0.39999999999999997,0.5032689230879952
1886.3309352517986,0.44999999999999996,0.5661775384739947
1886.3309352517986,0.5,0.6290861538599941
1886.3309352517986,0.5499999999999999,0.6919947692459933
1886.3309352517986,0.6,0.7549033846319929
1886.3309352517986,0.6499999999999999,0.8178120000179923
1886.3309352517986,0.7,0.8807206154039918
1886.3309352517986,0.75,0.9436292307899912
1886.3309352517986,0.7999999999999999,1.0065378461759904
1886.3309352517986,0.8499999999999999,1.0694464615619899
1886.3309352517986,0.8999999999999999,1.1323550769479893
1886.3309352517986,0.95,1.1952636923339888
1886.3309352517986,1.0,1.2581723077199882
1901.4388489208634,0.01,0.01238444786412939
1901.4388489208634,0.015,0.018576671796194082
1901.4388489208634,0.02,0.02476889572825878
1901.4388489208634,0.025,0.030961119660323472
1901.4388489208634,0.03,0.037153343592388165
1901.4388489208634,0.035,0.04334556752445286
1901.4388489208634,0.04,0.04953779145651756
1901.4388489208634,0.045000000000000005,0.05573001538858226
1901.4388489208634,0.05,0.061922239320646943
1901.4388489208634,0.06,0.07430668718477633
1901.4388489208634,0.06999999999999999,0.08669113504890572
1901.4388489208634,0.08,0.09907558291303512
1901.4388489208634,0.09,0.1114600307771645
1901.4388489208634,0.1,0.12384447864129389
1901.4388489208634,0.11,0.1362289265054233
1901.4388489208634,0.12,0.14861337436955266
1901.4388489208634,0.13,0.16099782223368206
1901.4388489208634,0.14,0.17338227009781143
1901.4388489208634,0.15,0.18576671796194083
1901.4388489208634,0.16,0.19815116582607023
1901.4388489208634,0.16999999999999998,0.21053561369019957
1901.4388489208634,0.18,0.222920061554329
1901.4388489208634,0.19,0.23530450941845837
1901.4388489208634,0.2,0.24768895728258777
1901.4388489208634,0.21,0.2600734051467172
1901.4388489208634,0.22,0.2724578530108466
1901.4388489208634,0.23,0.2848423008749759
1901.4388489208634,0.24,0.2972267487391053
1901.4388489208634,0.25,0.3096111966032347
1901.4388489208634,0.3,0.37153343592388166
1901.4388489208634,0.35,0.4334556752445286
1901.4388489208634,0.39999999999999997,0.4953779145651755
1901.4388489208634,0.44999999999999996,0.5573001538858224
1901.4388489208634,0.5,0.6192223932064694
1901.4388489208634,0.5499999999999999,0.6811446325271162
1901.4388489208634,0.6,0.7430668718477633
1901.4388489208634,0.6499999999999999,0.8049891111684101
1901.4388489208634,0.7,0.8669113504890572
1901.4388489208634,0.75,0.9288335898097041
1901.4388489208634,0.7999999999999999,0.990755829130351
1901.4388489208634,0.8499999999999999,1.052678068450998
1901.4388489208634,0.8999999999999999,1.1146003077716449
1901.4388489208634,0.95,1.176522547092292
1901.4388489208634,1.0,1.2384447864129389
1916.546762589928,0.01,0.0121917906004024
1916.546762589928,0.015,0.0182876859006036
1916.546762589928,0.02,0.0243835812008048
1916.546762589928,0.025,0.030479476501006
1916.546762589928,0.03,0.0365753718012072
1916.546762589928,0.035,0.0426712671014084
1916.546762589928,0.04,0.0487671624016096
1916.546762589928,0.045000000000000005,0.05486305770181081
1916.546762589928,0.05,0.060958953002012
1916.546762589928,0.06,0.0731507436024144
1916.546762589928,0.06999999999999999,0.0853425342028168
1916.546762589928,0.08,0.0975343248032192
1916.546762589928,0.09,0.1097261154036216
1916.546762589928,0.1,0.121917906004024
1916.546762589928,0.11,0.1341096966044264
1916.546762589928,0.12,0.1463014872048288
1916.546762589928,0.13,0.1584932778052312
1916.546762589928,0.14,0.1706850684056336
1916.546762589928,0.15,0.182876859006036
1916.546762589928,0.16,0.1950686496064384
1916.546762589928,0.16999999999999998,0.20726044020684076
1916.546762589928,0.18,0.2194522308072432
1916.546762589928,0.19,0.2316440214076456
1916.546762589928,0.2,0.243835812008048
1916.546762589928,0.21,0.2560276026084504
1916.546762589928,0.22,0.2682193932088528
1916.546762589928,0.23,0.28041118380925517
1916.546762589928,0.24,0.2926029744096576
1916.546762589928,0.25,0.30479476501006
1916.546762589928,0.3,0.365753718012072
1916.546762589928,0.35,0.426712671014084
1916.546762589928,0.39999999999999997,0.48767162401609593
1916.546762589928,0.44999999999999996,0.5486305770181079
1916.546762589928,0.5,0.60958953002012
1916.546762589928,0.5499999999999999,0.6705484830221319
1916.546762589928,0.6,0.731507436024144
1916.546762589928,0.6499999999999999,0.7924663890261558
1916.546762589928,0.7,0.853425342028168
1916.546762589928,0.75,0.91438429503018
1916.546762589928,0.7999999999999999,0.9753432480321919
1916.546762589928,0.8499999999999999,1.0363022010342038
1916.546762589928,0.8999999999999999,1.0972611540362158
1916.546762589928,0.95,1.158220107038228
1916.546762589928,1.0,1.21917906004024
1931.6546762589928,0.01,0.01200360804965796
1931.6546762589928,0.015,0.018005412074486943
1931.6546762589928,0.02,0.02400721609931592
1931.6546762589928,0.025,0.030009020124144904
1931.6546762589928,0.03,0.036010824148973886
1931.6546762589928,0.035,0.042012628173802864
1931.6546762589928,0.04,0.04801443219863184
1931.6546762589928,0.045000000000000005,0.054016236223460835
1931.6546762589928,0.05,0.06001804024828981
1931.6546762589928,0.06,0.07202164829794777
1931.6546762589928,0.06999999999999999,0.08402525634760573
1931.6546762589928,0.08,0.09602886439726369
1931.6546762589928,0.09,0.10803247244692164
1931.6546762589928,0.1,0.12003608049657961
1931.6546762589928,0.11,0.13203968854623757
1931.6546762589928,0.12,0.14404329659589554
1931.6546762589928,0.13,0.15604690464555349
1931.6546762589928,0.14,0.16805051269521146
1931.6546762589928,0.15,0.1800541207448694
1931.6546762589928,0.16,0.19205772879452737
1931.6546762589928,0.16999999999999998,0.2040613368441853
1931.6546762589928,0.18,0.21606494489384329
1931.6546762589928,0.19,0.22806855294350126
1931.6546762589928,0.2,0.24007216099315923
1931.6546762589928,0.21,0.2520757690428172
1931.6546762589928,0.22,0.26407937709247514
1931.6546762589928,0.23,0.2760829851421331
1931.6546762589928,0.24,0.2880865931917911
1931.6546762589928,0.25,0.30009020124144903
1931.6546762589928,0.3,0.3601082414897388
1931.6546762589928,0.35,0.42012628173802863
1931.6546762589928,0.39999999999999997,0.48014432198631835
1931.6546762589928,0.44999999999999996,0.5401623622346081
1931.6546762589928,0.5,0.6001804024828981
1931.6546762589928,0.5499999999999999,0.6601984427311877
1931.6546762589928,0.6,0.7202164829794776
1931.6546762589928,0.6499999999999999,0.7802345232277673
1931.6546762589928,0.7,0.8402525634760573
1931.6546762589928,0.75,0.9002706037243471
1931.6546762589928,0.7999999999999999,0.9602886439726367
1931.6546762589928,0.8499999999999999,1.0203066842209265
1931.6546762589928,0.8999999999999999,1.0803247244692162
1931.6546762589928,0.95,1.1403427647175062
1931.6546762589928,1.0,1.2003608049657961
1946.7625899280577,0.01,0.011819762491314797
1946.7625899280577,0.015,0.017729643736972195
1946.7625899280577,0.02,0.023639524982629594
1946.7625899280577,0.025,0.029549406228286994
1946.7625899280577,0.03,0.03545928747394439
1946.7625899280577,0.035,0.04136916871960179
1946.7625899280577,0.04,0.04727904996525919
1946.7625899280577,0.045000000000000005,0.0531889312109166
1946.7625899280577,0.05,0.05909881245657399
1946.7625899280577,0.06,0.07091857494788878
1946.7625899280577,0.06999999999999999,0.08273833743920359
1946.7625899280577,0.08,0.09455809993051838
1946.7625899280577,0.09,0.10637786242183318
1946.7625899280577,0.1,0.11819762491314798
1946.7625899280577,0.11,0.13001738740446278
1946.7625899280577,0.12,0.14183714989577756
1946.7625899280577,0.13,0.15365691238709236
1946.7625899280577,0.14,0.16547667487840717
1946.7625899280577,0.15,0.17729643736972195
1946.7625899280577,0.16,0.18911619986103675
1946.7625899280577,0.16999999999999998,0.20093596235235153
1946.7625899280577,0.18,0.21275572484366637
1946.7625899280577,0.19,0.22457548733498114
1946.7625899280577,0.2,0.23639524982629595
1946.7625899280577,0.21,0.24821501231761076
1946.7625899280577,0.22,0.26003477480892556
1946.7625899280577,0.23,0.27185453730024034
1946.7625899280577,0.24,0.2836742997915551
1946.7625899280577,0.25,0.29549406228286995
1946.7625899280577,0.3,0.3545928747394439
1946.7625899280577,0.35,0.4136916871960179
1946.7625899280577,0.39999999999999997,0.47279049965259184
1946.7625899280577,0.44999999999999996,0.5318893121091658
1946.7625899280577,0.5,0.5909881245657399
1946.7625899280577,0.5499999999999999,0.6500869370223137
1946.7625899280577,0.6,0.7091857494788878
1946.7625899280577,0.6499999999999999,0.7682845619354617
1946.7625899280577,0.7,0.8273833743920358
1946.7625899280577,0.75,0.8864821868486098
1946.7625899280577,0.7999999999999999,0.9455809993051837
1946.7625899280577,0.8499999999999999,1.0046798117617577
1946.7625899280577,0.8999999999999999,1.0637786242183316
1946.7625899280577,0.95,1.1228774366749057
1946.7625899280577,1.0,1.1819762491314798
1961.8705035971223,0.01,0.011640121467484376
1961.8705035971223,0.015,0.017460182201226564
1961.8705035971223,0.02,0.02328024293496875
1961.8705035971223,0.025,0.029100303668710942
1961.8705035971223,0.03,0.03492036440245313
1961.8705035971223,0.035,0.040740425136195316
1961.8705035971223,0.04,0.0465604858699375
1961.8705035971223,0.045000000000000005,0.052380546603679703
1961.8705035971223,0.05,0.058200607337421884
1961.8705035971223,0.06,0.06984072880490626
1961.8705035971223,0.06999999999999999,0.08148085027239063
1961.8705035971223,0.08,0.093120971739875
1961.8705035971223,0.09,0.10476109320735938
1961.8705035971223,0.1,0.11640121467484377
1961.8705035971223,0.11,0.12804133614232813
1961.8705035971223,0.12,0.13968145760981251
1961.8705035971223,0.13,0.1513215790772969
1961.8705035971223,0.14,0.16296170054478126
1961.8705035971223,0.15,0.17460182201226565
1961.8705035971223,0.16,0.18624194347975
1961.8705035971223,0.16999999999999998,0.19788206494723437
1961.8705035971223,0.18,0.20952218641471876
1961.8705035971223,0.19,0.22116230788220315
1961.8705035971223,0.2,0.23280242934968753
1961.8705035971223,0.21,0.2444425508171719
1961.8705035971223,0.22,0.25608267228465625
1961.8705035971223,0.23,0.26772279375214064
1961.8705035971223,0.24,0.27936291521962503
1961.8705035971223,0.25,0.2910030366871094
1961.8705035971223,0.3,0.3492036440245313
1961.8705035971223,0.35,0.4074042513619532
1961.8705035971223,0.39999999999999997,0.46560485869937496
1961.8705035971223,0.44999999999999996,0.5238054660367969
1961.8705035971223,0.5,0.5820060733742188
1961.8705035971223,0.5499999999999999,0.6402066807116406
1961.8705035971223,0.6,0.6984072880490626
1961.8705035971223,0.6499999999999999,0.7566078953864843
1961.8705035971223,0.7,0.8148085027239064
1961.8705035971223,0.75,0.8730091100613282
1961.8705035971223,0.7999999999999999,0.9312097173987499
1961.8705035971223,0.8499999999999999,0.9894103247361719
1961.8705035971223,0.8999999999999999,1.0476109320735938
1961.8705035971223,0.95,1.1058115394110157
1961.8705035971223,1.0,1.1640121467484377
1976.978417266187,0.01,0.011464557543334978
1976.978417266187,0.015,0.017196836315002465
1976.978417266187,0.02,0.022929115086669956
1976.978417266187,0.025,0.028661393858337443
1976.978417266187,0.03,0.03439367263000493
1976.978417266187,0.035,0.040125951401672424
1976.978417266187,0.04,0.04585823017333991
1976.978417266187,0.045000000000000005,0.051590508945007406
1976.978417266187,0.05,0.057322787716674886
1976.978417266187,0.06,0.06878734526000986
1976.978417266187,0.06999999999999999,0.08025190280334485
1976.978417266187,0.08,0.09171646034667982
1976.978417266187,0.09,0.1031810178900148
1976.978417266187,0.1,0.11464557543334977
1976.978417266187,0.11,0.12611013297668475
1976.978417266187,0.12,0.13757469052001972
1976.978417266187,0.13,0.1490392480633547
1976.978417266187,0.14,0.1605038056066897
1976.978417266187,0.15,0.17196836315002467
1976.978417266187,0.16,0.18343292069335965
1976.978417266187,0.16999999999999998,0.1948974782366946
1976.978417266187,0.18,0.2063620357800296
1976.978417266187,0.19,0.21782659332336457
1976.978417266187,0.2,0.22929115086669954
1976.978417266187,0.21,0.24075570841003452
1976.978417266187,0.22,0.2522202659533695
1976.978417266187,0.23,0.26368482349670447
1976.978417266187,0.24,0.27514938104003944
1976.978417266187,0.25,0.2866139385833744
1976.978417266187,0.3,0.34393672630004934
1976.978417266187,0.35,0.4012595140167242
1976.978417266187,0.39999999999999997,0.45858230173339903
1976.978417266187,0.44999999999999996,0.515905089450074
1976.978417266187,0.5,0.5732278771667488
1976.978417266187,0.5499999999999999,0.6305506648834236
1976.978417266187,0.6,0.6878734526000987
1976.978417266187,0.6499999999999999,0.7451962403167735
1976.978417266187,0.7,0.8025190280334484
1976.978417266187,0.75,0.8598418157501233
1976.978417266187,0.7999999999999999,0.9171646034667981
1976.978417266187,0.8499999999999999,0.9744873911834729
1976.978417266187,0.8999999999999999,1.031810178900148
1976.978417266187,0.95,1.0891329666168228
1976.978417266187,1.0,1.1464557543334977
1992.086330935252,0.01,0.011292948080095669
1992.086330935252,0.015,0.016939422120143502
1992.086330935252,0.02,0.022585896160191337
1992.086330935252,0.025,0.028232370200239172
1992.086330935252,0.03,0.033878844240287004
1992.086330935252,0.035,0.039525318280334835
1992.086330935252,0.04,0.045171792320382674
1992.086330935252,0.045000000000000005,0.05081826636043051
1992.086330935252,0.05,0.056464740400478344
1992.086330935252,0.06,0.06775768848057401
1992.086330935252,0.06999999999999999,0.07905063656066967
1992.086330935252,0.08,0.09034358464076535
1992.086330935252,0.09,0.10163653272086101
1992.086330935252,0.1,0.11292948080095669
1992.086330935252,0.11,0.12422242888105235
1992.086330935252,0.12,0.13551537696114802
1992.086330935252,0.13,0.1468083250412437
1992.086330935252,0.14,0.15810127312133934
1992.086330935252,0.15,0.16939422120143502
1992.086330935252,0.16,0.1806871692815307
1992.086330935252,0.16999999999999998,0.19198011736162632
1992.086330935252,0.18,0.20327306544172202
1992.086330935252,0.19,0.2145660135218177
1992.086330935252,0.2,0.22585896160191338
1992.086330935252,0.21,0.23715190968200903
1992.086330935252,0.22,0.2484448577621047
1992.086330935252,0.23,0.25973780584220035
1992.086330935252,0.24,0.27103075392229603
1992.086330935252,0.25,0.2823237020023917
1992.086330935252,0.3,0.33878844240287004
1992.086330935252,0.35,0.39525318280334837
1992.086330935252,0.39999999999999997,0.45171792320382664
1992.086330935252,0.44999999999999996,0.508182663604305
1992.086330935252,0.5,0.5646474040047834
1992.086330935252,0.5499999999999999,0.6211121444052616
1992.086330935252,0.6,0.6775768848057401
1992.086330935252,0.6499999999999999,0.7340416252062183
1992.086330935252,0.7,0.7905063656066967
1992.086330935252,0.75,0.8469711060071751
1992.086330935252,0.7999999999999999,0.9034358464076533
1992.086330935252,0.8499999999999999,0.9599005868081316
1992.086330935252,0.8999999999999999,1.01636532720861
1992.086330935252,0.95,1.0728300676090885
1992.086330935252,1.0,1.1292948080095668
2007.1942446043165,0.01,0.011125175019943626
2007.1942446043165,0.015,0.016687762529915436
2007.1942446043165,0.02,0.022250350039887252
2007.1942446043165,0.025,0.027812937549859064
2007.1942446043165,0.03,0.03337552505983087
2007.1942446043165,0.035,0.03893811256980269
2007.1942446043165,0.04,0.044500700079774504
2007.1942446043165,0.045000000000000005,0.05006328758974632
2007.1942446043165,0.05,0.05562587509971813
2007.1942446043165,0.06,0.06675105011966175
2007.1942446043165,0.06999999999999999,0.07787622513960538
2007.1942446043165,0.08,0.08900140015954901
2007.1942446043165,0.09,0.10012657517949262
2007.1942446043165,0.1,0.11125175019943626
2007.1942446043165,0.11,0.12237692521937987
2007.1942446043165,0.12,0.1335021002393235
2007.1942446043165,0.13,0.14462727525926714
2007.1942446043165,0.14,0.15575245027921075
2007.1942446043165,0.15,0.16687762529915437
2007.1942446043165,0.16,0.17800280031909801
2007.1942446043165,0.16999999999999998,0.1891279753390416
2007.1942446043165,0.18,0.20025315035898525
2007.1942446043165,0.19,0.21137832537892887
2007.1942446043165,0.2,0.2225035003988725
2007.1942446043165,0.21,0.23362867541881613
2007.1942446043165,0.22,0.24475385043875975
2007.1942446043165,0.23,0.2558790254587034
2007.1942446043165,0.24,0.267004200478647
2007.1942446043165,0.25,0.2781293754985906
2007.1942446043165,0.3,0.33375525059830874
2007.1942446043165,0.35,0.3893811256980269
2007.1942446043165,0.39999999999999997,0.44500700079774497
2007.1942446043165,0.44999999999999996,0.5006328758974631
2007.1942446043165,0.5,0.5562587509971813
2007.1942446043165,0.5499999999999999,0.6118846260968992
2007.1942446043165,0.6,0.6675105011966175
2007.1942446043165,0.6499999999999999,0.7231363762963355
2007.1942446043165,0.7,0.7787622513960538
2007.1942446043165,0.75,0.8343881264957719
2007.1942446043165,0.7999999999999999,0.8900140015954899
2007.1942446043165,0.8499999999999999,0.945639876695208
2007.1942446043165,0.8999999999999999,1.0012657517949262
2007.1942446043165,0.95,1.0568916268946444
2007.1942446043165,1.0,1.1125175019943625
2022.3021582733813,0.01,0.010961124682068935
2022.3021582733813,0.015,0.016441687023103405
2022.3021582733813,0.02,0.02192224936413787
2022.3021582733813,0.025,0.02740281170517234
2022.3021582733813,0.03,0.03288337404620681
2022.3021582733813,0.035,0.038363936387241275
2022.3021582733813,0.04,0.04384449872827574
2022.3021582733813,0.045000000000000005,0.04932506106931022
2022.3021582733813,0.05,0.05480562341034468
2022.3021582733813,0.06,0.06576674809241362
2022.3021582733813,0.06999999999999999,0.07672787277448255
2022.3021582733813,0.08,0.08768899745655148
2022.3021582733813,0.09,0.09865012213862041
2022.3021582733813,0.1,0.10961124682068936
2022.3021582733813,0.11,0.12057237150275829
2022.3021582733813,0.12,0.13153349618482724
2022.3021582733813,0.13,0.14249462086689615
2022.3021582733813,0.14,0.1534557455489651
2022.3021582733813,0.15,0.16441687023103405
2022.3021582733813,0.16,0.17537799491310296
2022.3021582733813,0.16999999999999998,0.18633911959517188
2022.3021582733813,0.18,0.19730024427724083
2022.3021582733813,0.19,0.20826136895930977
2022.3021582733813,0.2,0.21922249364137872
2022.3021582733813,0.21,0.23018361832344764
2022.3021582733813,0.22,0.24114474300551658
2022.3021582733813,0.23,0.2521058676875855
2022.3021582733813,0.24,0.2630669923696545
2022.3021582733813,0.25,0.27402811705172336
2022.3021582733813,0.3,0.3288337404620681
2022.3021582733813,0.35,0.38363936387241276
2022.3021582733813,0.39999999999999997,0.4384449872827574
2022.3021582733813,0.44999999999999996,0.49325061069310205
2022.3021582733813,0.5,0.5480562341034467
2022.3021582733813,0.5499999999999999,0.6028618575137913
2022.3021582733813,0.6,0.6576674809241362
2022.3021582733813,0.6499999999999999,0.7124731043344806
2022.3021582733813,0.7,0.7672787277448255
2022.3021582733813,0.75,0.8220843511551702
2022.3021582733813,0.7999999999999999,0.8768899745655148
2022.3021582733813,0.8499999999999999,0.9316955979758594
2022.3021582733813,0.8999999999999999,0.9865012213862041
2022.3021582733813,0.95,1.0413068447965488
2022.3021582733813,1.0,1.0961124682068935
2037.4100719424462,0.01,0.010800687569257814
2037.4100719424462,0.015,0.01620103135388672
2037.4100719424462,0.02,0.02160137513851563
2037.4100719424462,0.025,0.027001718923144534
2037.4100719424462,0.03,0.03240206270777344
2037.4100719424462,0.035,0.037802406492402345
2037.4100719424462,0.04,0.04320275027703126
2037.4100719424462,0.045000000000000005,0.04860309406166017
2037.4100719424462,0.05,0.05400343784628907
2037.4100719424462,0.06,0.06480412541554688
2037.4100719424462,0.06999999999999999,0.07560481298480469
2037.4100719424462,0.08,0.08640550055406251
2037.4100719424462,0.09,0.09720618812332033
2037.4100719424462,0.1,0.10800687569257814
2037.4100719424462,0.11,0.11880756326183595
2037.4100719424462,0.12,0.12960825083109376
2037.4100719424462,0.13,0.14040893840035157
2037.4100719424462,0.14,0.15120962596960938
2037.4100719424462,0.15,0.16201031353886722
2037.4100719424462,0.16,0.17281100110812503
2037.4100719424462,0.16999999999999998,0.1836116886773828
2037.4100719424462,0.18,0.19441237624664065
2037.4100719424462,0.19,0.20521306381589846
2037.4100719424462,0.2,0.21601375138515627
2037.4100719424462,0.21,0.22681443895441408
2037.4100719424462,0.22,0.2376151265236719
2037.4100719424462,0.23,0.2484158140929297
2037.4100719424462,0.24,0.2592165016621875
2037.4100719424462,0.25,0.27001718923144535
2037.4100719424462,0.3,0.32402062707773444
2037.4100719424462,0.35,0.37802406492402346
2037.4100719424462,0.39999999999999997,0.4320275027703125
2037.4100719424462,0.44999999999999996,0.48603094061660157
2037.4100719424462,0.5,0.5400343784628907
2037.4100719424462,0.5499999999999999,0.5940378163091796
2037.4100719424462,0.6,0.6480412541554689
2037.4100719424462,0.6499999999999999,0.7020446920017578
2037.4100719424462,0.7,0.7560481298480469
2037.4100719424462,0.75,0.8100515676943361
2037.4100719424462,0.7999999999999999,0.864055005540625
2037.4100719424462,0.8499999999999999,0.918058443386914
2037.4100719424462,0.8999999999999999,0.9720618812332031
2037.4100719424462,0.95,1.0260653190794924
2037.4100719424462,1.0,1.0800687569257814
2052.517985611511,0.01,0.010643758184378514
2052.517985611511,0.015,0.01596563727656777
2052.517985611511,0.02,0.021287516368757028
2052.517985611511,0.025,0.026609395460946286
2052.517985611511,0.03,0.03193127455313554
2052.517985611511,0.035,0.0372531536453248
2052.517985611511,0.04,0.042575032737514056
2052.517985611511,0.045000000000000005,0.04789691182970332
2052.517985611511,0.05,0.05321879092189257
2052.517985611511,0.06,0.06386254910627108
2052.517985611511,0.06999999999999999,0.0745063072906496
2052.517985611511,0.08,0.08515006547502811
2052.517985611511,0.09,0.09579382365940663
2052.517985611511,0.1,0.10643758184378514
2052.517985611511,0.11,0.11708134002816366
2052.517985611511,0.12,0.12772509821254216
2052.517985611511,0.13,0.13836885639692068
2052.517985611511,0.14,0.1490126145812992
2052.517985611511,0.15,0.1596563727656777
2052.517985611511,0.16,0.17030013095005622
2052.517985611511,0.16999999999999998,0.1809438891344347
2052.517985611511,0.18,0.19158764731881325
2052.517985611511,0.19,0.20223140550319177
2052.517985611511,0.2,0.21287516368757028
2052.517985611511,0.21,0.2235189218719488
2052.517985611511,0.22,0.23416268005632732
2052.517985611511,0.23,0.24480643824070583
2052.517985611511,0.24,0.2554501964250843
2052.517985611511,0.25,0.26609395460946283
2052.517985611511,0.3,0.3193127455313554
2052.517985611511,0.35,0.372531536453248
2052.517985611511,0.39999999999999997,0.4257503273751405
2052.517985611511,0.44999999999999996,0.4789691182970331
2052.517985611511,0.5,0.5321879092189257
2052.517985611511,0.5499999999999999,0.5854067001408182
2052.517985611511,0.6,0.6386254910627108
2052.517985611511,0.6499999999999999,0.6918442819846032
2052.517985611511,0.7,0.745063072906496
2052.517985611511,0.75,0.7982818638283885
2052.517985611511,0.7999999999999999,0.851500654750281
2052.517985611511,0.8499999999999999,0.9047194456721736
2052.517985611511,0.8999999999999999,0.9579382365940662
2052.517985611511,0.95,1.011157027515959
2052.517985611511,1.0,1.0643758184378513
2067.6258992805756,0.01,0.010490234856194562
2067.6258992805756,0.015,0.015735352284291845
2067.6258992805756,0.02,0.020980469712389125
2067.6258992805756,0.025,0.026225587140486405
2067.6258992805756,0.03,0.03147070456858369
2067.6258992805756,0.035,0.03671582199668097
2067.6258992805756,0.04,0.04196093942477825
2067.6258992805756,0.045000000000000005,0.04720605685287554
2067.6258992805756,0.05,0.05245117428097281
2067.6258992805756,0.06,0.06294140913716738
2067.6258992805756,0.06999999999999999,0.07343164399336194
2067.6258992805756,0.08,0.0839218788495565
2067.6258992805756,0.09,0.09441211370575106
2067.6258992805756,0.1,0.10490234856194562
2067.6258992805756,0.11,0.11539258341814018
2067.6258992805756,0.12,0.12588281827433476
2067.6258992805756,0.13,0.1363730531305293
2067.6258992805756,0.14,0.14686328798672388
2067.6258992805756,0.15,0.15735352284291843
2067.6258992805756,0.16,0.167843757699113
2067.6258992805756,0.16999999999999998,0.17833399255530752
2067.6258992805756,0.18,0.18882422741150212
2067.6258992805756,0.19,0.1993144622676967
2067.6258992805756,0.2,0.20980469712389124
2067.6258992805756,0.21,0.22029493198008582
2067.6258992805756,0.22,0.23078516683628036
2067.6258992805756,0.23,0.24127540169247494
2067.6258992805756,0.24,0.2517656365486695
2067.6258992805756,0.25,0.26225587140486406
2067.6258992805756,0.3,0.31470704568583685
2067.6258992805756,0.35,0.3671582199668097
2067.6258992805756,0.39999999999999997,0.41960939424778243
2067.6258992805756,0.44999999999999996,0.4720605685287552
2067.6258992805756,0.5,0.5245117428097281
2067.6258992805756,0.5499999999999999,0.5769629170907008
2067.6258992805756,0.6,0.6294140913716737
2067.6258992805756,0.6499999999999999,0.6818652656526464
2067.6258992805756,0.7,0.7343164399336194
2067.6258992805756,0.75,0.7867676142145922
2067.6258992805756,0.7999999999999999,0.8392187884955649
2067.6258992805756,0.8499999999999999,0.8916699627765377
2067.6258992805756,0.8999999999999999,0.9441211370575104
2067.6258992805756,0.95,0.9965723113384835
2067.6258992805756,1.0,1.0490234856194562
2082.73381294964,0.01,0.01034001957396724
2082.73381294964,0.015,0.015510029360950861
2082.73381294964,0.02,0.02068003914793448
2082.73381294964,0.025,0.025850048934918102
2082.73381294964,0.03,0.031020058721901722
2082.73381294964,0.035,0.03619006850888534
2082.73381294964,0.04,0.04136007829586896
2082.73381294964,0.045000000000000005,0.04653008808285259
2082.73381294964,0.05,0.051700097869836203
2082.73381294964,0.06,0.062040117443803444
2082.73381294964,0.06999999999999999,0.07238013701777068
2082.73381294964,0.08,0.08272015659173793
2082.73381294964,0.09,0.09306017616570517
2082.73381294964,0.1,0.10340019573967241
2082.73381294964,0.11,0.11374021531363965
2082.73381294964,0.12,0.12408023488760689
2082.73381294964,0.13,0.13442025446157413
2082.73381294964,0.14,0.14476027403554137
2082.73381294964,0.15,0.1551002936095086
2082.73381294964,0.16,0.16544031318347585
2082.73381294964,0.16999999999999998,0.17578033275744306
2082.73381294964,0.18,0.18612035233141033
2082.73381294964,0.19,0.19646037190537757
2082.73381294964,0.2,0.20680039147934481
2082.73381294964,0.21,0.21714041105331205
2082.73381294964,0.22,0.2274804306272793
2082.73381294964,0.23,0.23782045020124654
2082.73381294964,0.24,0.24816046977521378
2082.73381294964,0.25,0.258500489349181
2082.73381294964,0.3,0.3102005872190172
2082.73381294964,0.35,0.3619006850888534
2082.73381294964,0.39999999999999997,0.4136007829586896
2082.73381294964,0.44999999999999996,0.4653008808285258
2082.73381294964,0.5,0.517000978698362
2082.73381294964,0.5499999999999999,0.5687010765681981
2082.73381294964,0.6,0.6204011744380344
2082.73381294964,0.6499999999999999,0.6721012723078705
2082.73381294964,0.7,0.7238013701777068
2082.73381294964,0.75,0.775501468047543
2082.73381294964,0.7999999999999999,0.8272015659173791
2082.73381294964,0.8499999999999999,0.8789016637872153
2082.73381294964,0.8999999999999999,0.9306017616570516
2082.73381294964,0.95,0.9823018595268879
2082.73381294964,1.0,1.034001957396724
2097.8417266187053,0.01,0.010193017830343936
2097.8417266187053,0.015,0.015289526745515905
2097.8417266187053,0.02,0.020386035660687873
2097.8417266187053,0.025,0.025482544575859842
2097.8417266187053,0.03,0.03057905349103181
2097.8417266187053,0.035,0.03567556240620378
2097.8417266187053,0.04,0.040772071321375745
2097.8417266187053,0.045000000000000005,0.045868580236547725
2097.8417266187053,0.05,0.050965089151719684
2097.8417266187053,0.06,0.06115810698206362
2097.8417266187053,0.06999999999999999,0.07135112481240756
2097.8417266187053,0.08,0.08154414264275149
2097.8417266187053,0.09,0.09173716047309542
2097.8417266187053,0.1,0.10193017830343937
2097.8417266187053,0.11,0.1121231961337833
2097.8417266187053,0.12,0.12231621396412724
2097.8417266187053,0.13,0.1325092317944712
2097.8417266187053,0.14,0.14270224962481512
2097.8417266187053,0.15,0.15289526745515905
2097.8417266187053,0.16,0.16308828528550298
2097.8417266187053,0.16999999999999998,0.17328130311584689
2097.8417266187053,0.18,0.18347432094619084
2097.8417266187053,0.19,0.1936673387765348
2097.8417266187053,0.2,0.20386035660687873
2097.8417266187053,0.21,0.21405337443722267
2097.8417266187053,0.22,0.2242463922675666
2097.8417266187053,0.23,0.23443941009791053
2097.8417266187053,0.24,0.2446324279282545
2097.8417266187053,0.25,0.2548254457585984
2097.8417266187053,0.3,0.3057905349103181
2097.8417266187053,0.35,0.35675562406203776
2097.8417266187053,0.39999999999999997,0.4077207132137574
2097.8417266187053,0.44999999999999996,0.45868580236547707
2097.8417266187053,0.5,0.5096508915171968
2097.8417266187053,0.5499999999999999,0.5606159806689164
2097.8417266187053,0.6,0.6115810698206362
2097.8417266187053,0.6499999999999999,0.6625461589723558
2097.8417266187053,0.7,0.7135112481240755
2097.8417266187053,0.75,0.7644763372757952
2097.8417266187053,0.7999999999999999,0.8154414264275148
2097.8417266187053,0.8499999999999999,0.8664065155792345
2097.8417266187053,0.8999999999999999,0.9173716047309541
2097.8417266187053,0.95,0.968336693882674
2097.8417266187053,1.0,1.0193017830343936
2112.94964028777,0.01,0.010049138472061216
2112.94964028777,0.015,0.015073707708091822
2112.94964028777,0.02,0.02009827694412243
2112.94964028777,0.025,0.025122846180153036
2112.94964028777,0.03,0.030147415416183643
2112.94964028777,0.035,0.03517198465221425
2112.94964028777,0.04,0.04019655388824486
2112.94964028777,0.045000000000000005,0.045221123124275474
2112.94964028777,0.05,0.05024569236030607
2112.94964028777,0.06,0.06029483083236729
2112.94964028777,0.06999999999999999,0.0703439693044285
2112.94964028777,0.08,0.08039310777648973
2112.94964028777,0.09,0.09044224624855093
2112.94964028777,0.1,0.10049138472061214
2112.94964028777,0.11,0.11054052319267337
2112.94964028777,0.12,0.12058966166473457
2112.94964028777,0.13,0.1306388001367958
2112.94964028777,0.14,0.140687938608857
2112.94964028777,0.15,0.1507370770809182
2112.94964028777,0.16,0.16078621555297945
2112.94964028777,0.16999999999999998,0.17083535402504063
2112.94964028777,0.18,0.18088449249710187
2112.94964028777,0.19,0.19093363096916308
2112.94964028777,0.2,0.20098276944122428
2112.94964028777,0.21,0.21103190791328552
2112.94964028777,0.22,0.22108104638534673
2112.94964028777,0.23,0.23113018485740794
2112.94964028777,0.24,0.24117932332946915
2112.94964028777,0.25,0.25122846180153036
2112.94964028777,0.3,0.3014741541618364
2112.94964028777,0.35,0.3517198465221425
2112.94964028777,0.39999999999999997,0.4019655388824485
2112.94964028777,0.44999999999999996,0.4522112312427546
2112.94964028777,0.5,0.5024569236030607
2112.94964028777,0.5499999999999999,0.5527026159633667
2112.94964028777,0.6,0.6029483083236729
2112.94964028777,0.6499999999999999,0.6531940006839788
2112.94964028777,0.7,0.703439693044285
2112.94964028777,0.75,0.7536853854045911
2112.94964028777,0.7999999999999999,0.803931077764897
2112.94964028777,0.8499999999999999,0.8541767701252031
2112.94964028777,0.8999999999999999,0.9044224624855092
2112.94964028777,0.95,0.9546681548458154
2112.94964028777,1.0,1.0049138472061214
2128.0575539568345,0.01,0.009908293558021303
2128.0575539568345,0.015,0.014862440337031955
2128.0575539568345,0.02,0.019816587116042606
2128.0575539568345,0.025,0.02477073389505326
2128.0575539568345,0.03,0.02972488067406391
2128.0575539568345,0.035,0.034679027453074565
2128.0575539568345,0.04,0.03963317423208521
2128.0575539568345,0.045000000000000005,0.04458732101109587
2128.0575539568345,0.05,0.04954146779010652
2128.0575539568345,0.06,0.05944976134812782
2128.0575539568345,0.06999999999999999,0.06935805490614913
2128.0575539568345,0.08,0.07926634846417042
2128.0575539568345,0.09,0.08917464202219173
2128.0575539568345,0.1,0.09908293558021304
2128.0575539568345,0.11,0.10899122913823434
2128.0575539568345,0.12,0.11889952269625564
2128.0575539568345,0.13,0.12880781625427695
2128.0575539568345,0.14,0.13871610981229826
2128.0575539568345,0.15,0.14862440337031954
2128.0575539568345,0.16,0.15853269692834085
2128.0575539568345,0.16999999999999998,0.16844099048636213
2128.0575539568345,0.18,0.17834928404438347
2128.0575539568345,0.19,0.18825757760240477
2128.0575539568345,0.2,0.19816587116042608
2128.0575539568345,0.21,0.20807416471844736
2128.0575539568345,0.22,0.21798245827646867
2128.0575539568345,0.23,0.22789075183448998
2128.0575539568345,0.24,0.2377990453925113
2128.0575539568345,0.25,0.2477073389505326
2128.0575539568345,0.3,0.2972488067406391
2128.0575539568345,0.35,0.3467902745307456
2128.0575539568345,0.39999999999999997,0.3963317423208521
2128.0575539568345,0.44999999999999996,0.4458732101109586
2128.0575539568345,0.5,0.4954146779010652
2128.0575539568345,0.5499999999999999,0.5449561456911716
2128.0575539568345,0.6,0.5944976134812782
2128.0575539568345,0.6499999999999999,0.6440390812713847
2128.0575539568345,0.7,0.6935805490614912
2128.0575539568345,0.75,0.7431220168515977
2128.0575539568345,0.7999999999999999,0.7926634846417042
2128.0575539568345,0.8499999999999999,0.8422049524318107
2128.0575539568345,0.8999999999999999,0.8917464202219172
2128.0575539568345,0.95,0.9412878880120239
2128.0575539568345,1.0,0.9908293558021304
2143.1654676258995,0.01,0.009770398224328692
2143.1654676258995,0.015,0.014655597336493038
2143.1654676258995,0.02,0.019540796448657385
2143.1654676258995,0.025,0.02442599556082173
2143.1654676258995,0.03,0.029311194672986075
2143.1654676258995,0.035,0.03419639378515042
2143.1654676258995,0.04,0.03908159289731477
2143.1654676258995,0.045000000000000005,0.043966792009479116
2143.1654676258995,0.05,0.04885199112164346
2143.1654676258995,0.06,0.05862238934597215
2143.1654676258995,0.06999999999999999,0.06839278757030084
2143.1654676258995,0.08,0.07816318579462954
2143.1654676258995,0.09,0.08793358401895822
2143.1654676258995,0.1,0.09770398224328691
2143.1654676258995,0.11,0.10747438046761561
2143.1654676258995,0.12,0.1172447786919443
2143.1654676258995,0.13,0.12701517691627298
2143.1654676258995,0.14,0.1367855751406017
2143.1654676258995,0.15,0.14655597336493037
2143.1654676258995,0.16,0.15632637158925908
2143.1654676258995,0.16999999999999998,0.16609676981358773
2143.1654676258995,0.18,0.17586716803791644
2143.1654676258995,0.19,0.18563756626224515
2143.1654676258995,0.2,0.19540796448657383
2143.1654676258995,0.21,0.20517836271090253
2143.1654676258995,0.22,0.21494876093523121
2143.1654676258995,0.23,0.2247191591595599
2143.1654676258995,0.24,0.2344895573838886
2143.1654676258995,0.25,0.24425995560821728
2143.1654676258995,0.3,0.29311194672986074
2143.1654676258995,0.35,0.3419639378515042
2143.1654676258995,0.39999999999999997,0.3908159289731476
2143.1654676258995,0.44999999999999996,0.43966792009479105
2143.1654676258995,0.5,0.48851991121643457
2143.1654676258995,0.5499999999999999,0.537371902338078
2143.1654676258995,0.6,0.5862238934597215
2143.1654676258995,0.6499999999999999,0.6350758845813649
2143.1654676258995,0.7,0.6839278757030084
2143.1654676258995,0.75,0.7327798668246519
2143.1654676258995,0.7999999999999999,0.7816318579462952
2143.1654676258995,0.8499999999999999,0.8304838490679387
2143.1654676258995,0.8999999999999999,0.8793358401895821
2143.1654676258995,0.95,0.9281878313112257
2143.1654676258995,1.0,0.9770398224328691
2158.273381294964,0.01,0.009635370555899291
2158.273381294964,0.015,0.014453055833848937
2158.273381294964,0.02,0.019270741111798582
2158.273381294964,0.025,0.024088426389748226
2158.273381294964,0.03,0.028906111667697874
2158.273381294964,0.035,0.03372379694564752
2158.273381294964,0.04,0.038541482223597164
2158.273381294964,0.045000000000000005,0.043359167501546815
2158.273381294964,0.05,0.04817685277949645
2158.273381294964,0.06,0.05781222333539575
2158.273381294964,0.06999999999999999,0.06744759389129504
2158.273381294964,0.08,0.07708296444719433
2158.273381294964,0.09,0.08671833500309362
2158.273381294964,0.1,0.0963537055589929
2158.273381294964,0.11,0.10598907611489221
2158.273381294964,0.12,0.1156244466707915
2158.273381294964,0.13,0.12525981722669077
2158.273381294964,0.14,0.13489518778259008
2158.273381294964,0.15,0.14453055833848938
2158.273381294964,0.16,0.15416592889438865
2158.273381294964,0.16999999999999998,0.16380129945028793
2158.273381294964,0.18,0.17343667000618723
2158.273381294964,0.19,0.18307204056208654
2158.273381294964,0.2,0.1927074111179858
2158.273381294964,0.21,0.2023427816738851
2158.273381294964,0.22,0.21197815222978442
2158.273381294964,0.23,0.2216135227856837
2158.273381294964,0.24,0.231248893341583
2158.273381294964,0.25,0.24088426389748227
2158.273381294964,0.3,0.28906111667697876
2158.273381294964,0.35,0.33723796945647516
2158.273381294964,0.39999999999999997,0.38541482223597157
2158.273381294964,0.44999999999999996,0.433591675015468
2158.273381294964,0.5,0.48176852779496454
2158.273381294964,0.5499999999999999,0.529945380574461
2158.273381294964,0.6,0.5781222333539575
2158.273381294964,0.6499999999999999,0.6262990861334538
2158.273381294964,0.7,0.6744759389129503
2158.273381294964,0.75,0.7226527916924468
2158.273381294964,0.7999999999999999,0.7708296444719431
2158.273381294964,0.8499999999999999,0.8190064972514396
2158.273381294964,0.8999999999999999,0.867183350030936
2158.273381294964,0.95,0.9153602028104326
2158.273381294964,1.0,0.9635370555899291
2173.3812949640287,0.01,0.009503131464278728
2173.3812949640287,0.015,0.014254697196418094
2173.3812949640287,0.02,0.019006262928557456
2173.3812949640287,0.025,0.023757828660696822
2173.3812949640287,0.03,0.028509394392836188
2173.3812949640287,0.035,0.03326096012497555
2173.3812949640287,0.04,0.03801252585711491
2173.3812949640287,0.045000000000000005,0.04276409158925429
2173.3812949640287,0.05,0.047515657321393644
2173.3812949640287,0.06,0.057018788785672375
2173.3812949640287,0.06999999999999999,0.0665219202499511
2173.3812949640287,0.08,0.07602505171422982
2173.3812949640287,0.09,0.08552818317850856
2173.3812949640287,0.1,0.09503131464278729
2173.3812949640287,0.11,0.10453444610706601
2173.3812949640287,0.12,0.11403757757134475
2173.3812949640287,0.13,0.12354070903562347
2173.3812949640287,0.14,0.1330438404999022
2173.3812949640287,0.15,0.14254697196418092
2173.3812949640287,0.16,0.15205010342845965
2173.3812949640287,0.16999999999999998,0.16155323489273837
2173.3812949640287,0.18,0.17105636635701713
2173.3812949640287,0.19,0.18055949782129585
2173.3812949640287,0.2,0.19006262928557457
2173.3812949640287,0.21,0.1995657607498533
2173.3812949640287,0.22,0.20906889221413202
2173.3812949640287,0.23,0.21857202367841078
2173.3812949640287,0.24,0.2280751551426895
2173.3812949640287,0.25,0.23757828660696823
2173.3812949640287,0.3,0.28509394392836185
2173.3812949640287,0.35,0.3326096012497555
2173.3812949640287,0.39999999999999997,0.3801252585711491
2173.3812949640287,0.44999999999999996,0.4276409158925427
2173.3812949640287,0.5,0.47515657321393645
2173.3812949640287,0.5499999999999999,0.52267223053533
2173.3812949640287,0.6,0.5701878878567237
2173.3812949640287,0.6499999999999999,0.6177035451781173
2173.3812949640287,0.7,0.665219202499511
2173.3812949640287,0.75,0.7127348598209047
2173.3812949640287,0.7999999999999999,0.7602505171422982
2173.3812949640287,0.8499999999999999,0.8077661744636918
2173.3812949640287,0.8999999999999999,0.8552818317850854
2173.3812949640287,0.95,0.9027974891064793
2173.3812949640287,1.0,0.9503131464278729
2188.4892086330938,0.01,0.009373604571328943
2188.4892086330938,0.015,0.014060406856993416
2188.4892086330938,0.02,0.018747209142657886
2188.4892086330938,0.025,0.02343401142832236
2188.4892086330938,0.03,0.028120813713986833
2188.4892086330938,0.035,0.032807615999651304
2188.4892086330938,0.04,0.03749441828531577
2188.4892086330938,0.045000000000000005,0.042181220570980255
2188.4892086330938,0.05,0.04686802285664472
2188.4892086330938,0.06,0.056241627427973666
2188.4892086330938,0.06999999999999999,0.06561523199930261
2188.4892086330938,0.08,0.07498883657063155
2188.4892086330938,0.09,0.0843624411419605
2188.4892086330938,0.1,0.09373604571328945
2188.4892086330938,0.11,0.10310965028461838
2188.4892086330938,0.12,0.11248325485594733
2188.4892086330938,0.13,0.12185685942727627
2188.4892086330938,0.14,0.13123046399860522
2188.4892086330938,0.15,0.14060406856993415
2188.4892086330938,0.16,0.1499776731412631
2188.4892086330938,0.16999999999999998,0.15935127771259203
2188.4892086330938,0.18,0.168724882283921
2188.4892086330938,0.19,0.17809848685524993
2188.4892086330938,0.2,0.1874720914265789
2188.4892086330938,0.21,0.19684569599790783
2188.4892086330938,0.22,0.20621930056923676
2188.4892086330938,0.23,0.2155929051405657
2188.4892086330938,0.24,0.22496650971189466
2188.4892086330938,0.25,0.2343401142832236
2188.4892086330938,0.3,0.2812081371398683
2188.4892086330938,0.35,0.328076159996513
2188.4892086330938,0.39999999999999997,0.3749441828531577
2188.4892086330938,0.44999999999999996,0.42181220570980243
2188.4892086330938,0.5,0.4686802285664472
2188.4892086330938,0.5499999999999999,0.5155482514230918
2188.4892086330938,0.6,0.5624162742797366
2188.4892086330938,0.6499999999999999,0.6092842971363812
2188.4892086330938,0.7,0.656152319993026
2188.4892086330938,0.75,0.7030203428496707
2188.4892086330938,0.7999999999999999,0.7498883657063155
2188.4892086330938,0.8499999999999999,0.7967563885629602
2188.4892086330938,0.8999999999999999,0.8436244114196049
2188.4892086330938,0.95,0.8904924342762497
2188.4892086330938,1.0,0.9373604571328944
2203.5971223021584,0.01,0.00924671609846299
2203.5971223021584,0.015,0.013870074147694485
2203.5971223021584,0.02,0.01849343219692598
2203.5971223021584,0.025,0.023116790246157475
2203.5971223021584,0.03,0.02774014829538897
2203.5971223021584,0.035,0.032363506344620464
2203.5971223021584,0.04,0.03698686439385196
2203.5971223021584,0.045000000000000005,0.04161022244308346
2203.5971223021584,0.05,0.04623358049231495
2203.5971223021584,0.06,0.05548029659077794
2203.5971223021584,0.06999999999999999,0.06472701268924093
2203.5971223021584,0.08,0.07397372878770392
2203.5971223021584,0.09,0.08322044488616691
2203.5971223021584,0.1,0.0924671609846299
2203.5971223021584,0.11,0.10171387708309289
2203.5971223021584,0.12,0.11096059318155588
2203.5971223021584,0.13,0.12020730928001887
2203.5971223021584,0.14,0.12945402537848186
2203.5971223021584,0.15,0.13870074147694486
2203.5971223021584,0.16,0.14794745757540784
2203.5971223021584,0.16999999999999998,0.1571941736738708
2203.5971223021584,0.18,0.16644088977233382
2203.5971223021584,0.19,0.17568760587079682
2203.5971223021584,0.2,0.1849343219692598
2203.5971223021584,0.21,0.1941810380677228
2203.5971223021584,0.22,0.20342775416618578
2203.5971223021584,0.23,0.21267447026464878
2203.5971223021584,0.24,0.22192118636311176
2203.5971223021584,0.25,0.23116790246157476
2203.5971223021584,0.3,0.2774014829538897
2203.5971223021584,0.35,0.32363506344620463
2203.5971223021584,0.39999999999999997,0.36986864393851954
2203.5971223021584,0.44999999999999996,0.4161022244308345
2203.5971223021584,0.5,0.4623358049231495
2203.5971223021584,0.5499999999999999,0.5085693854154644
2203.5971223021584,0.6,0.5548029659077794
2203.5971223021584,0.6499999999999999,0.6010365464000942
2203.5971223021584,0.7,0.6472701268924093
2203.5971223021584,0.75,0.6935037073847242
2203.5971223021584,0.7999999999999999,0.7397372878770391
2203.5971223021584,0.8499999999999999,0.785970868369354
2203.5971223021584,0.8999999999999999,0.832204448861669
2203.5971223021584,0.95,0.8784380293539841
2203.5971223021584,1.0,0.924671609846299
2218.705035971223,0.01,0.009122394761127525
2218.705035971223,0.015,0.013683592141691287
2218.705035971223,0.02,0.01824478952225505
2218.705035971223,0.025,0.02280598690281881
2218.705035971223,0.03,0.027367184283382574
2218.705035971223,0.035,0.031928381663946334
2218.705035971223,0.04,0.0364895790445101
2218.705035971223,0.045000000000000005,0.04105077642507386
2218.705035971223,0.05,0.04561197380563762
2218.705035971223,0.06,0.05473436856676515
2218.705035971223,0.06999999999999999,0.06385676332789267
2218.705035971223,0.08,0.0729791580890202
2218.705035971223,0.09,0.08210155285014771
2218.705035971223,0.1,0.09122394761127524
2218.705035971223,0.11,0.10034634237240277
2218.705035971223,0.12,0.1094687371335303
2218.705035971223,0.13,0.11859113189465781
2218.705035971223,0.14,0.12771352665578534
2218.705035971223,0.15,0.13683592141691286
2218.705035971223,0.16,0.1459583161780404
2218.705035971223,0.16999999999999998,0.1550807109391679
2218.705035971223,0.18,0.16420310570029542
2218.705035971223,0.19,0.17332550046142295
2218.705035971223,0.2,0.18244789522255048
2218.705035971223,0.21,0.191570289983678
2218.705035971223,0.22,0.20069268474480553
2218.705035971223,0.23,0.20981507950593306
2218.705035971223,0.24,0.2189374742670606
2218.705035971223,0.25,0.2280598690281881
2218.705035971223,0.3,0.27367184283382573
2218.705035971223,0.35,0.3192838166394633
2218.705035971223,0.39999999999999997,0.3648957904451009
2218.705035971223,0.44999999999999996,0.41050776425073854
2218.705035971223,0.5,0.4561197380563762
2218.705035971223,0.5499999999999999,0.5017317118620137
2218.705035971223,0.6,0.5473436856676515
2218.705035971223,0.6499999999999999,0.592955659473289
2218.705035971223,0.7,0.6385676332789266
2218.705035971223,0.75,0.6841796070845643
2218.705035971223,0.7999999999999999,0.7297915808902018
2218.705035971223,0.8499999999999999,0.7754035546958394
2218.705035971223,0.8999999999999999,0.8210155285014771
2218.705035971223,0.95,0.8666275023071148
2218.705035971223,1.0,0.9122394761127524
2233.812949640288,0.01,0.009000571668250742
2233.812949640288,0.015,0.013500857502376113
2233.812949640288,0.02,0.018001143336501484
2233.812949640288,0.025,0.022501429170626853
2233.812949640288,0.03,0.027001715004752225
2233.812949640288,0.035,0.031502000838877595
2233.812949640288,0.04,0.03600228667300297
2233.812949640288,0.045000000000000005,0.04050257250712835
2233.812949640288,0.05,0.045002858341253706
2233.812949640288,0.06,0.05400343000950445
2233.812949640288,0.06999999999999999,0.06300400167775519
2233.812949640288,0.08,0.07200457334600593
2233.812949640288,0.09,0.08100514501425668
2233.812949640288,0.1,0.09000571668250741
2233.812949640288,0.11,0.09900628835075816
2233.812949640288,0.12,0.1080068600190089
2233.812949640288,0.13,0.11700743168725965
2233.812949640288,0.14,0.12600800335551038
2233.812949640288,0.15,0.13500857502376112
2233.812949640288,0.16,0.14400914669201187
2233.812949640288,0.16999999999999998,0.1530097183602626
2233.812949640288,0.18,0.16201029002851336
2233.812949640288,0.19,0.17101086169676408
2233.812949640288,0.2,0.18001143336501482
2233.812949640288,0.21,0.18901200503326557
2233.812949640288,0.22,0.1980125767015163
2233.812949640288,0.23,0.20701314836976706
2233.812949640288,0.24,0.2160137200380178
2233.812949640288,0.25,0.22501429170626855
2233.812949640288,0.3,0.27001715004752225
2233.812949640288,0.35,0.315020008388776
2233.812949640288,0.39999999999999997,0.3600228667300296
2233.812949640288,0.44999999999999996,0.4050257250712833
2233.812949640288,0.5,0.4500285834125371
2233.812949640288,0.5499999999999999,0.49503144175379066
2233.812949640288,0.6,0.5400343000950445
2233.812949640288,0.6499999999999999,0.5850371584362981
2233.812949640288,0.7,0.630040016777552
2233.812949640288,0.75,0.6750428751188057
2233.812949640288,0.7999999999999999,0.7200457334600592
2233.812949640288,0.8499999999999999,0.7650485918013129
2233.812949640288,0.8999999999999999,0.8100514501425666
2233.812949640288,0.95,0.8550543084838205
2233.812949640288,1.0,0.9000571668250742
2248.9208633093526,0.01,0.008881180226390359
2248.9208633093526,0.015,0.013321770339585539
2248.9208633093526,0.02,0.017762360452780717
2248.9208633093526,0.025,0.022202950565975897
2248.9208633093526,0.03,0.026643540679171077
2248.9208633093526,0.035,0.031084130792366254
2248.9208633093526,0.04,0.035524720905561434
2248.9208633093526,0.045000000000000005,0.03996531101875662
2248.9208633093526,0.05,0.044405901131951794
2248.9208633093526,0.06,0.053287081358342155
2248.9208633093526,0.06999999999999999,0.06216826158473251
2248.9208633093526,0.08,0.07104944181112287
2248.9208633093526,0.09,0.07993062203751324
2248.9208633093526,0.1,0.08881180226390359
2248.9208633093526,0.11,0.09769298249029394
2248.9208633093526,0.12,0.10657416271668431
2248.9208633093526,0.13,0.11545534294307466
2248.9208633093526,0.14,0.12433652316946502
2248.9208633093526,0.15,0.13321770339585537
2248.9208633093526,0.16,0.14209888362224574
2248.9208633093526,0.16999999999999998,0.15098006384863608
2248.9208633093526,0.18,0.15986124407502647
2248.9208633093526,0.19,0.1687424243014168
2248.9208633093526,0.2,0.17762360452780718
2248.9208633093526,0.21,0.18650478475419754
2248.9208633093526,0.22,0.19538596498058788
2248.9208633093526,0.23,0.20426714520697825
2248.9208633093526,0.24,0.21314832543336862
2248.9208633093526,0.25,0.22202950565975896
2248.9208633093526,0.3,0.26643540679171074
2248.9208633093526,0.35,0.31084130792366255
2248.9208633093526,0.39999999999999997,0.3552472090556143
2248.9208633093526,0.44999999999999996,0.3996531101875661
2248.9208633093526,0.5,0.4440590113195179
2248.9208633093526,0.5499999999999999,0.4884649124514696
2248.9208633093526,0.6,0.5328708135834215
2248.9208633093526,0.6499999999999999,0.5772767147153732
2248.9208633093526,0.7,0.6216826158473251
2248.9208633093526,0.75,0.666088516979277
2248.9208633093526,0.7999999999999999,0.7104944181112286
2248.9208633093526,0.8499999999999999,0.7549003192431804
2248.9208633093526,0.8999999999999999,0.7993062203751322
2248.9208633093526,0.95,0.8437121215070841
2248.9208633093526,1.0,0.8881180226390358
2264.028776978417,0.01,0.00876415604833214
2264.028776978417,0.015,0.01314623407249821
2264.028776978417,0.02,0.01752831209666428
2264.028776978417,0.025,0.02191039012083035
2264.028776978417,0.03,0.02629246814499642
2264.028776978417,0.035,0.03067454616916249
2264.028776978417,0.04,0.03505662419332856
2264.028776978417,0.045000000000000005,0.03943870221749464
2264.028776978417,0.05,0.0438207802416607
2264.028776978417,0.06,0.05258493628999284
2264.028776978417,0.06999999999999999,0.06134909233832498
2264.028776978417,0.08,0.07011324838665713
2264.028776978417,0.09,0.07887740443498927
2264.028776978417,0.1,0.0876415604833214
2264.028776978417,0.11,0.09640571653165354
2264.028776978417,0.12,0.10516987257998568
2264.028776978417,0.13,0.11393402862831782
2264.028776978417,0.14,0.12269818467664996
2264.028776978417,0.15,0.1314623407249821
2264.028776978417,0.16,0.14022649677331425
2264.028776978417,0.16999999999999998,0.14899065282164636
2264.028776978417,0.18,0.15775480886997853
2264.028776978417,0.19,0.16651896491831067
2264.028776978417,0.2,0.1752831209666428
2264.028776978417,0.21,0.18404727701497495
2264.028776978417,0.22,0.19281143306330709
2264.028776978417,0.23,0.20157558911163923
2264.028776978417,0.24,0.21033974515997136
2264.028776978417,0.25,0.2191039012083035
2264.028776978417,0.3,0.2629246814499642
2264.028776978417,0.35,0.3067454616916249
2264.028776978417,0.39999999999999997,0.35056624193328556
2264.028776978417,0.44999999999999996,0.39438702217494626
2264.028776978417,0.5,0.438207802416607
2264.028776978417,0.5499999999999999,0.48202858265826765
2264.028776978417,0.6,0.5258493628999285
2264.028776978417,0.6499999999999999,0.569670143141589
2264.028776978417,0.7,0.6134909233832498
2264.028776978417,0.75,0.6573117036249105
2264.028776978417,0.7999999999999999,0.7011324838665711
2264.028776978417,0.8499999999999999,0.7449532641082318
2264.028776978417,0.8999999999999999,0.7887740443498925
2264.028776978417,0.95,0.8325948245915533
2264.028776978417,1.0,0.876415604833214
2279.1366906474823,0.01,0.008649436865904336
2279.1366906474823,0.015,0.012974155298856503
2279.1366906474823,0.02,0.017298873731808672
2279.1366906474823,0.025,0.02162359216476084
2279.1366906474823,0.03,0.025948310597713006
2279.1366906474823,0.035,0.030273029030665175
2279.1366906474823,0.04,0.034597747463617344
2279.1366906474823,0.045000000000000005,0.038922465896569516
2279.1366906474823,0.05,0.04324718432952168
2279.1366906474823,0.06,0.05189662119542601
2279.1366906474823,0.06999999999999999,0.06054605806133035
2279.1366906474823,0.08,0.06919549492723469
2279.1366906474823,0.09,0.07784493179313902
2279.1366906474823,0.1,0.08649436865904336
2279.1366906474823,0.11,0.0951438055249477
2279.1366906474823,0.12,0.10379324239085203
2279.1366906474823,0.13,0.11244267925675637
2279.1366906474823,0.14,0.1210921161226607
2279.1366906474823,0.15,0.12974155298856505
2279.1366906474823,0.16,0.13839098985446938
2279.1366906474823,0.16999999999999998,0.14704042672037368
2279.1366906474823,0.18,0.15568986358627804
2279.1366906474823,0.19,0.16433930045218237
2279.1366906474823,0.2,0.17298873731808673
2279.1366906474823,0.21,0.18163817418399106
2279.1366906474823,0.22,0.1902876110498954
2279.1366906474823,0.23,0.19893704791579972
2279.1366906474823,0.24,0.20758648478170405
2279.1366906474823,0.25,0.2162359216476084
2279.1366906474823,0.3,0.2594831059771301
2279.1366906474823,0.35,0.3027302903066518
2279.1366906474823,0.39999999999999997,0.3459774746361734
2279.1366906474823,0.44999999999999996,0.3892246589656951
2279.1366906474823,0.5,0.4324718432952168
2279.1366906474823,0.5499999999999999,0.4757190276247384
2279.1366906474823,0.6,0.5189662119542602
2279.1366906474823,0.6499999999999999,0.5622133962837818
2279.1366906474823,0.7,0.6054605806133035
2279.1366906474823,0.75,0.6487077649428252
2279.1366906474823,0.7999999999999999,0.6919549492723468
2279.1366906474823,0.8499999999999999,0.7352021336018685
2279.1366906474823,0.8999999999999999,0.7784493179313902
2279.1366906474823,0.95,0.821696502260912
2279.1366906474823,1.0,0.8649436865904336
2294.244604316547,0.01,0.008536962446787146
2294.244604316547,0.015,0.012805443670180718
2294.244604316547,0.02,0.01707392489357429
2294.244604316547,0.025,0.021342406116967864
2294.244604316547,0.03,0.025610887340361436
2294.244604316547,0.035,0.02987936856375501
2294.244604316547,0.04,0.03414784978714858
2294.244604316547,0.045000000000000005,0.03841633101054216
2294.244604316547,0.05,0.04268481223393573
2294.244604316547,0.06,0.05122177468072287
2294.244604316547,0.06999999999999999,0.05975873712751002
2294.244604316547,0.08,0.06829569957429717
2294.244604316547,0.09,0.07683266202108431
2294.244604316547,0.1,0.08536962446787145
2294.244604316547,0.11,0.0939065869146586
2294.244604316547,0.12,0.10244354936144574
2294.244604316547,0.13,0.1109805118082329
2294.244604316547,0.14,0.11951747425502005
2294.244604316547,0.15,0.1280544367018072
2294.244604316547,0.16,0.13659139914859433
2294.244604316547,0.16999999999999998,0.14512836159538145
2294.244604316547,0.18,0.15366532404216862
2294.244604316547,0.19,0.16220228648895577
2294.244604316547,0.2,0.1707392489357429
2294.244604316547,0.21,0.17927621138253005
2294.244604316547,0.22,0.1878131738293172
2294.244604316547,0.23,0.19635013627610434
2294.244604316547,0.24,0.2048870987228915
2294.244604316547,0.25,0.21342406116967863
2294.244604316547,0.3,0.2561088734036144
2294.244604316547,0.35,0.2987936856375501
2294.244604316547,0.39999999999999997,0.34147849787148576
2294.244604316547,0.44999999999999996,0.3841633101054215
2294.244604316547,0.5,0.42684812233935726
2294.244604316547,0.5499999999999999,0.4695329345732929
2294.244604316547,0.6,0.5122177468072288
2294.244604316547,0.6499999999999999,0.5549025590411644
2294.244604316547,0.7,0.5975873712751002
2294.244604316547,0.75,0.6402721835090359
2294.244604316547,0.7999999999999999,0.6829569957429715
2294.244604316547,0.8499999999999999,0.7256418079769072
2294.244604316547,0.8999999999999999,0.768326620210843
2294.244604316547,0.95,0.8110114324447788
2294.244604316547,1.0,0.8536962446787145
2309.3525179856115,0.01,0.008426674515109278
2309.3525179856115,0.015,0.012640011772663917
2309.3525179856115,0.02,0.016853349030218557
2309.3525179856115,0.025,0.021066686287773195
2309.3525179856115,0.03,0.025280023545327834
2309.3525179856115,0.035,0.029493360802882472
2309.3525179856115,0.04,0.033706698060437114
2309.3525179856115,0.045000000000000005,0.037920035317991756
2309.3525179856115,0.05,0.04213337257554639
2309.3525179856115,0.06,0.05056004709065567
2309.3525179856115,0.06999999999999999,0.058986721605764944
2309.3525179856115,0.08,0.06741339612087423
2309.3525179856115,0.09,0.0758400706359835
2309.3525179856115,0.1,0.08426674515109278
2309.3525179856115,0.11,0.09269341966620205
2309.3525179856115,0.12,0.10112009418131133
2309.3525179856115,0.13,0.1095467686964206
2309.3525179856115,0.14,0.11797344321152989
2309.3525179856115,0.15,0.12640011772663917
2309.3525179856115,0.16,0.13482679224174846
2309.3525179856115,0.16999999999999998,0.14325346675685768
2309.3525179856115,0.18,0.151680141271967
2309.3525179856115,0.19,0.16010681578707628
2309.3525179856115,0.2,0.16853349030218556
2309.3525179856115,0.21,0.17696016481729482
2309.3525179856115,0.22,0.1853868393324041
2309.3525179856115,0.23,0.19381351384751339
2309.3525179856115,0.24,0.20224018836262267
2309.3525179856115,0.25,0.21066686287773195
2309.3525179856115,0.3,0.25280023545327834
2309.3525179856115,0.35,0.29493360802882473
2309.3525179856115,0.39999999999999997,0.33706698060437107
2309.3525179856115,0.44999999999999996,0.37920035317991746
2309.3525179856115,0.5,0.4213337257554639
2309.3525179856115,0.5499999999999999,0.4634670983310102
2309.3525179856115,0.6,0.5056004709065567
2309.3525179856115,0.6499999999999999,0.547733843482103
2309.3525179856115,0.7,0.5898672160576495
2309.3525179856115,0.75,0.6320005886331959
2309.3525179856115,0.7999999999999999,0.6741339612087421
2309.3525179856115,0.8499999999999999,0.7162673337842885
2309.3525179856115,0.8999999999999999,0.7584007063598349
2309.3525179856115,0.95,0.8005340789353814
2309.3525179856115,1.0,0.8426674515109278
2324.4604316546765,0.01,0.00831851667563582
2324.4604316546765,0.015,0.01247777501345373
2324.4604316546765,0.02,0.01663703335127164
2324.4604316546765,0.025,0.02079629168908955
2324.4604316546765,0.03,0.02495555002690746
2324.4604316546765,0.035,0.02911480836472537
2324.4604316546765,0.04,0.03327406670254328
2324.4604316546765,0.045000000000000005,0.0374333250403612
2324.4604316546765,0.05,0.0415925833781791
2324.4604316546765,0.06,0.04991110005381492
2324.4604316546765,0.06999999999999999,0.05822961672945074
2324.4604316546765,0.08,0.06654813340508656
2324.4604316546765,0.09,0.07486665008072238
2324.4604316546765,0.1,0.0831851667563582
2324.4604316546765,0.11,0.09150368343199403
2324.4604316546765,0.12,0.09982220010762984
2324.4604316546765,0.13,0.10814071678326566
2324.4604316546765,0.14,0.11645923345890148
2324.4604316546765,0.15,0.1247777501345373
2324.4604316546765,0.16,0.13309626681017311
2324.4604316546765,0.16999999999999998,0.1414147834858089
2324.4604316546765,0.18,0.14973330016144476
2324.4604316546765,0.19,0.15805181683708058
2324.4604316546765,0.2,0.1663703335127164
2324.4604316546765,0.21,0.17468885018835223
2324.4604316546765,0.22,0.18300736686398805
2324.4604316546765,0.23,0.19132588353962388
2324.4604316546765,0.24,0.19964440021525967
2324.4604316546765,0.25,0.2079629168908955
2324.4604316546765,0.3,0.2495555002690746
2324.4604316546765,0.35,0.2911480836472537
2324.4604316546765,0.39999999999999997,0.33274066702543276
2324.4604316546765,0.44999999999999996,0.3743332504036119
2324.4604316546765,0.5,0.415925833781791
2324.4604316546765,0.5499999999999999,0.45751841715997
2324.4604316546765,0.6,0.4991110005381492
2324.4604316546765,0.6499999999999999,0.5407035839163282
2324.4604316546765,0.7,0.5822961672945074
2324.4604316546765,0.75,0.6238887506726865
2324.4604316546765,0.7999999999999999,0.6654813340508655
2324.4604316546765,0.8499999999999999,0.7070739174290446
2324.4604316546765,0.8999999999999999,0.7486665008072237
2324.4604316546765,0.95,0.7902590841854029
2324.4604316546765,1.0,0.831851667563582
2339.568345323741,0.01,0.008212434341362903
2339.568345323741,0.015,0.012318651512044353
2339.568345323741,0.02,0.016424868682725805
2339.568345323741,0.025,0.020531085853407256
2339.568345323741,0.03,0.024637303024088706
2339.568345323741,0.035,0.028743520194770156
2339.568345323741,0.04,0.03284973736545161
2339.568345323741,0.045000000000000005,0.03695595453613307
2339.568345323741,0.05,0.04106217170681451
2339.568345323741,0.06,0.04927460604817741
2339.568345323741,0.06999999999999999,0.05748704038954031
2339.568345323741,0.08,0.06569947473090322
2339.568345323741,0.09,0.07391190907226612
2339.568345323741,0.1,0.08212434341362902
2339.568345323741,0.11,0.09033677775499192
2339.568345323741,0.12,0.09854921209635482
2339.568345323741,0.13,0.10676164643771772
2339.568345323741,0.14,0.11497408077908063
2339.568345323741,0.15,0.12318651512044353
2339.568345323741,0.16,0.13139894946180644
2339.568345323741,0.16999999999999998,0.13961138380316931
2339.568345323741,0.18,0.14782381814453224
2339.568345323741,0.19,0.15603625248589514
2339.568345323741,0.2,0.16424868682725804
2339.568345323741,0.21,0.17246112116862095
2339.568345323741,0.22,0.18067355550998385
2339.568345323741,0.23,0.18888598985134675
2339.568345323741,0.24,0.19709842419270965
2339.568345323741,0.25,0.20531085853407255
2339.568345323741,0.3,0.24637303024088705
2339.568345323741,0.35,0.28743520194770156
2339.568345323741,0.39999999999999997,0.32849737365451603
2339.568345323741,0.44999999999999996,0.3695595453613305
2339.568345323741,0.5,0.4106217170681451
2339.568345323741,0.5499999999999999,0.4516838887749595
2339.568345323741,0.6,0.4927460604817741
2339.568345323741,0.6499999999999999,0.5338082321885885
2339.568345323741,0.7,0.5748704038954031
2339.568345323741,0.75,0.6159325756022176
2339.568345323741,0.7999999999999999,0.6569947473090321
2339.568345323741,0.8499999999999999,0.6980569190158465
2339.568345323741,0.8999999999999999,0.739119090722661
2339.568345323741,0.95,0.7801812624294757
2339.568345323741,1.0,0.8212434341362902
2354.6762589928057,0.01,0.00810837466434523
2354.6762589928057,0.015,0.012162561996517846
2354.6762589928057,0.02,0.01621674932869046
2354.6762589928057,0.025,0.020270936660863076
2354.6762589928057,0.03,0.024325123993035692
2354.6762589928057,0.035,0.028379311325208306
2354.6762589928057,0.04,0.03243349865738092
2354.6762589928057,0.045000000000000005,0.03648768598955354
2354.6762589928057,0.05,0.04054187332172615
2354.6762589928057,0.06,0.048650247986071385
2354.6762589928057,0.06999999999999999,0.05675862265041661
2354.6762589928057,0.08,0.06486699731476184
2354.6762589928057,0.09,0.07297537197910707
2354.6762589928057,0.1,0.0810837466434523
2354.6762589928057,0.11,0.08919212130779754
2354.6762589928057,0.12,0.09730049597214277
2354.6762589928057,0.13,0.10540887063648799
2354.6762589928057,0.14,0.11351724530083322
2354.6762589928057,0.15,0.12162561996517846
2354.6762589928057,0.16,0.12973399462952367
2354.6762589928057,0.16999999999999998,0.1378423692938689
2354.6762589928057,0.18,0.14595074395821414
2354.6762589928057,0.19,0.1540591186225594
2354.6762589928057,0.2,0.1621674932869046
2354.6762589928057,0.21,0.17027586795124983
2354.6762589928057,0.22,0.17838424261559507
2354.6762589928057,0.23,0.1864926172799403
2354.6762589928057,0.24,0.19460099194428554
2354.6762589928057,0.25,0.20270936660863076
2354.6762589928057,0.3,0.2432512399303569
2354.6762589928057,0.35,0.28379311325208306
2354.6762589928057,0.39999999999999997,0.32433498657380916
2354.6762589928057,0.44999999999999996,0.3648768598955353
2354.6762589928057,0.5,0.4054187332172615
2354.6762589928057,0.5499999999999999,0.44596060653898756
2354.6762589928057,0.6,0.4865024798607138
2354.6762589928057,0.6499999999999999,0.5270443531824399
2354.6762589928057,0.7,0.5675862265041661
2354.6762589928057,0.75,0.6081280998258922
2354.6762589928057,0.7999999999999999,0.6486699731476183
2354.6762589928057,0.8499999999999999,0.6892118464693445
2354.6762589928057,0.8999999999999999,0.7297537197910706
2354.6762589928057,0.95,0.7702955931127968
2354.6762589928057,1.0,0.810837466434523
2369.7841726618703,0.01,0.008006286469592564
2369.7841726618703,0.015,0.012009429704388846
2369.7841726618703,0.02,0.016012572939185128
2369.7841726618703,0.025,0.020015716173981412
2369.7841726618703,0.03,0.024018859408777692
2369.7841726618703,0.035,0.028022002643573976
2369.7841726618703,0.04,0.032025145878370256
2369.7841726618703,0.045000000000000005,0.036028289113166544
2369.7841726618703,0.05,0.040031432347962824
2369.7841726618703,0.06,0.048037718817555385
2369.7841726618703,0.06999999999999999,0.05604400528714795
2369.7841726618703,0.08,0.06405029175674051
2369.7841726618703,0.09,0.07205657822633307
2369.7841726618703,0.1,0.08006286469592565
2369.7841726618703,0.11,0.08806915116551821
2369.7841726618703,0.12,0.09607543763511077
2369.7841726618703,0.13,0.10408172410470334
2369.7841726618703,0.14,0.1120880105742959
2369.7841726618703,0.15,0.12009429704388846
2369.7841726618703,0.16,0.12810058351348103
2369.7841726618703,0.16999999999999998,0.13610686998307356
2369.7841726618703,0.18,0.14411315645266615
2369.7841726618703,0.19,0.15211944292225874
2369.7841726618703,0.2,0.1601257293918513
2369.7841726618703,0.21,0.16813201586144386
2369.7841726618703,0.22,0.17613830233103642
2369.7841726618703,0.23,0.18414458880062898
2369.7841726618703,0.24,0.19215087527022154
2369.7841726618703,0.25,0.2001571617398141
2369.7841726618703,0.3,0.24018859408777693
2369.7841726618703,0.35,0.28022002643573973
2369.7841726618703,0.39999999999999997,0.32025145878370254
2369.7841726618703,0.44999999999999996,0.36028289113166534
2369.7841726618703,0.5,0.4003143234796282
2369.7841726618703,0.5499999999999999,0.44034575582759095
2369.7841726618703,0.6,0.48037718817555386
2369.7841726618703,0.6499999999999999,0.5204086205235166
2369.7841726618703,0.7,0.5604400528714795
2369.7841726618703,0.75,0.6004714852194424
2369.7841726618703,0.7999999999999999,0.6405029175674051
2369.7841726618703,0.8499999999999999,0.6805343499153679
2369.7841726618703,0.8999999999999999,0.7205657822633307
2369.7841726618703,0.95,0.7605972146112936
2369.7841726618703,1.0,0.8006286469592564
2384.8920863309354,0.01,0.00790612019188041
2384.8920863309354,0.015,0.011859180287820617
2384.8920863309354,0.02,0.01581224038376082
2384.8920863309354,0.025,0.01976530047970103
2384.8920863309354,0.03,0.023718360575641233
2384.8920863309354,0.035,0.02767142067158144
2384.8920863309354,0.04,0.03162448076752164
2384.8920863309354,0.045000000000000005,0.035577540863461855
2384.8920863309354,0.05,0.03953060095940206
2384.8920863309354,0.06,0.04743672115128247
2384.8920863309354,0.06999999999999999,0.05534284134316288
2384.8920863309354,0.08,0.06324896153504328
2384.8920863309354,0.09,0.0711550817269237
2384.8920863309354,0.1,0.07906120191880411
2384.8920863309354,0.11,0.08696732211068452
2384.8920863309354,0.12,0.09487344230256493
2384.8920863309354,0.13,0.10277956249444534
2384.8920863309354,0.14,0.11068568268632575
2384.8920863309354,0.15,0.11859180287820616
2384.8920863309354,0.16,0.12649792307008656
2384.8920863309354,0.16999999999999998,0.13440404326196695
2384.8920863309354,0.18,0.1423101634538474
2384.8920863309354,0.19,0.1502162836457278
2384.8920863309354,0.2,0.15812240383760823
2384.8920863309354,0.21,0.16602852402948862
2384.8920863309354,0.22,0.17393464422136903
2384.8920863309354,0.23,0.18184076441324945
2384.8920863309354,0.24,0.18974688460512987
2384.8920863309354,0.25,0.19765300479701028
2384.8920863309354,0.3,0.2371836057564123
2384.8920863309354,0.35,0.27671420671581437
2384.8920863309354,0.39999999999999997,0.3162448076752164
2384.8920863309354,0.44999999999999996,0.35577540863461843
2384.8920863309354,0.5,0.39530600959402057
2384.8920863309354,0.5499999999999999,0.4348366105534225
2384.8920863309354,0.6,0.4743672115128246
2384.8920863309354,0.6499999999999999,0.5138978124722267
2384.8920863309354,0.7,0.5534284134316287
2384.8920863309354,0.75,0.5929590143910308
2384.8920863309354,0.7999999999999999,0.6324896153504328
2384.8920863309354,0.8499999999999999,0.6720202163098348
2384.8920863309354,0.8999999999999999,0.7115508172692369
2384.8920863309354,0.95,0.751081418228639
2384.8920863309354,1.0,0.7906120191880411
2400.0,0.01,0.007807827815329024
2400.0,0.015,0.011711741722993536
2400.0,0.02,0.015615655630658047
2400.0,0.025,0.01951956953832256
2400.0,0.03,0.023423483445987072
2400.0,0.035,0.027327397353651584
2400.0,0.04,0.031231311261316095
2400.0,0.045000000000000005,0.03513522516898061
2400.0,0.05,0.03903913907664512
2400.0,0.06,0.046846966891974144
2400.0,0.06999999999999999,0.05465479470730317
2400.0,0.08,0.06246262252263219
2400.0,0.09,0.07027045033796121
2400.0,0.1,0.07807827815329024
2400.0,0.11,0.08588610596861926
2400.0,0.12,0.09369393378394829
2400.0,0.13,0.1015017615992773
2400.0,0.14,0.10930958941460633
2400.0,0.15,0.11711741722993535
2400.0,0.16,0.12492524504526438
2400.0,0.16999999999999998,0.13273307286059338
2400.0,0.18,0.14054090067592243
2400.0,0.19,0.14834872849125144
2400.0,0.2,0.15615655630658049
2400.0,0.21,0.1639643841219095
2400.0,0.22,0.17177221193723852
2400.0,0.23,0.17958003975256753
2400.0,0.24,0.18738786756789658
2400.0,0.25,0.1951956953832256
2400.0,0.3,0.2342348344598707
2400.0,0.35,0.27327397353651584
2400.0,0.39999999999999997,0.3123131126131609
2400.0,0.44999999999999996,0.35135225168980605
2400.0,0.5,0.3903913907664512
2400.0,0.5499999999999999,0.4294305298430962
2400.0,0.6,0.4684696689197414
2400.0,0.6499999999999999,0.5075088079963864
2400.0,0.7,0.5465479470730317
2400.0,0.75,0.5855870861496768
2400.0,0.7999999999999999,0.6246262252263218
2400.0,0.8499999999999999,0.663665364302967
2400.0,0.8999999999999999,0.7027045033796121
2400.0,0.95,0.7417436424562572
2400.0,1.0,0.7807827815329024
